INSERT INTO private.lang (id) VALUES
('fr-FR'),
('en-US'),
('de-DE'),
('es-ES'),
('pt-PT');
INSERT INTO private.translation (id_lang, translated_value, id_item) VALUES
('pt-PT', 'Departamentos franceses', 'FRANCE_DEPARTMENTS'),
('es-ES', 'Departamentos franceses', 'FRANCE_DEPARTMENTS'),
('en-US', 'Departments of France', 'FRANCE_DEPARTMENTS'),
('fr-FR', 'Départements de France', 'FRANCE_DEPARTMENTS'),
('de-DE', 'Französische Abteilungen', 'FRANCE_DEPARTMENTS'),
('es-ES', 'Departamentos de Francia metropolitana, excluyendo los departamentos y territorios franceses de ultramar', 'FRANCE_DEPARTMENTS_DESC'),
('pt-PT', 'Departamentos da França metropolitana, excluindo Departamentos e Territórios Ultramarinos Franceses', 'FRANCE_DEPARTMENTS_DESC'),
('fr-FR', 'Départements de France métropolitaine et DOM, TOM exclus.', 'FRANCE_DEPARTMENTS_DESC'),
('de-DE', 'Departements des französischen Mutterlands, ohne Überseegebiete', 'FRANCE_DEPARTMENTS_DESC'),
('en-US', 'Departments of Metropolitan France, excluding Overseas Departments and Territories', 'FRANCE_DEPARTMENTS_DESC'),
('en-US', 'Chief towns of the French departments', 'FRANCE_DEPARTMENTS_CAPITAL'),
('de-DE', 'Hauptstädte der französischen Departements', 'FRANCE_DEPARTMENTS_CAPITAL'),
('pt-PT', 'Sedes dos departamentos franceses', 'FRANCE_DEPARTMENTS_CAPITAL'),
('fr-FR', 'Chefs lieux des départements français', 'FRANCE_DEPARTMENTS_CAPITAL'),
('es-ES', 'Sedes de los departamentos franceses', 'FRANCE_DEPARTMENTS_CAPITAL'),
('pt-PT', 'Sedes dos 101 departamentos da França metropolitana e departamentos ultramarinos', 'FRANCE_DEPARTMENTS_CAPITAL_DESC'),
('en-US', 'Chief towns of the 101 departments of metropolitan France and overseas departments', 'FRANCE_DEPARTMENTS_CAPITAL_DESC'),
('es-ES', 'Sedes de los 101 departamentos de Francia metropolitana y departamentos de ultramar', 'FRANCE_DEPARTMENTS_CAPITAL_DESC'),
('de-DE', 'Hauptstädte der 101 Departements von Metropolitan-Frankreich und den Übersee-Departements', 'FRANCE_DEPARTMENTS_CAPITAL_DESC'),
('fr-FR', 'Chefs-lieux des 101 départements de France métropolitaine et des départements d''outre-mer', 'FRANCE_DEPARTMENTS_CAPITAL_DESC'),
('en-US', 'French regions', 'FRANCE_REGIONS'),
('de-DE', 'Französische Regionen', 'FRANCE_REGIONS'),
('pt-PT', 'Regiões Francesas', 'FRANCE_REGIONS'),
('fr-FR', 'Régions françaises', 'FRANCE_REGIONS'),
('es-ES', 'Regiones Francesas', 'FRANCE_REGIONS'),
('fr-FR', 'Chefs-lieux des 13 régions de France métropolitaine', 'FRANCE_REGIONS_DESC'),
('es-ES', 'Sedes de las 13 regiones de Francia metropolitana', 'FRANCE_REGIONS_DESC'),
('pt-PT', 'Sedes das 13 regiões da França metropolitana', 'FRANCE_REGIONS_DESC'),
('en-US', 'Chief towns of the 13 regions of metropolitan France', 'FRANCE_REGIONS_DESC'),
('de-DE', 'Hauptstadt der 13 Regionen von Metropolitan-Frankreich', 'FRANCE_REGIONS_DESC'),
('es-ES', 'Capital de las regiones de Francia', 'FRANCE_REGIONS_CAPITAL'),
('pt-PT', 'Capital das regiões da França', 'FRANCE_REGIONS_CAPITAL'),
('de-DE', 'Hauptstadt der Regionen Frankreichs', 'FRANCE_REGIONS_CAPITAL'),
('fr-FR', 'Capitale des régions de France', 'FRANCE_REGIONS_CAPITAL'),
('en-US', 'France regions'' capital', 'FRANCE_REGIONS_CAPITAL'),
('fr-FR', 'Chefs-lieux des 13 régions de France métropolitaine', 'FRANCE_REGIONS_CAPITAL_DESC'),
('es-ES', 'Capital de las 13 regiones de Francia metropolitana', 'FRANCE_REGIONS_CAPITAL_DESC'),
('pt-PT', 'Capital das 13 regiões da França metropolitana', 'FRANCE_REGIONS_CAPITAL_DESC'),
('en-US', 'Capitals of the 13 regions of metropolitan France', 'FRANCE_REGIONS_CAPITAL_DESC'),
('de-DE', 'Hauptstadt der 13 Regionen von Metropolitan-Frankreich', 'FRANCE_REGIONS_CAPITAL_DESC'),
('pt-PT', 'Regiões do Japão', 'JAPAN_REGIONS'),
('es-ES', 'Regiones de Japón', 'JAPAN_REGIONS'),
('en-US', 'Japan regions', 'JAPAN_REGIONS'),
('fr-FR', 'Régions du Japon', 'JAPAN_REGIONS'),
('de-DE', 'Japanische Regionen', 'JAPAN_REGIONS'),
('en-US', 'Regions of Japan (unofficial, they have no legal reality)', 'JAPAN_REGIONS_DESC'),
('fr-FR', 'Régions du Japon (non officiel, elles n''ont aucune réalité juridique)', 'JAPAN_REGIONS_DESC'),
('de-DE', 'Regionen Japans (inoffiziell, sie haben keine rechtliche Realität)', 'JAPAN_REGIONS_DESC'),
('es-ES', 'Regiones de Japón (no oficiales, no tienen realidad jurídica)', 'JAPAN_REGIONS_DESC'),
('pt-PT', 'Regiões do Japão (não oficiais, não têm realidade jurídica)', 'JAPAN_REGIONS_DESC'),
('en-US', 'Japan regions'' capital', 'JAPAN_REGIONS_CAPITAL'),
('fr-FR', 'Capitales des régions du Japon', 'JAPAN_REGIONS_CAPITAL'),
('de-DE', 'Hauptstädte der japanischen Regionen', 'JAPAN_REGIONS_CAPITAL'),
('es-ES', 'Capital de las regiones de Japón', 'JAPAN_REGIONS_CAPITAL'),
('pt-PT', 'Capital das regiões do Japão', 'JAPAN_REGIONS_CAPITAL'),
('es-ES', 'Capitales de las regiones de Japón (no oficial, no tienen estatus legal como tal)', 'JAPAN_REGIONS_CAPITAL_DESC'),
('en-US', 'Capitals of Japan''s regions (non-official, they have no legal status as such)', 'JAPAN_REGIONS_CAPITAL_DESC'),
('de-DE', 'Hauptstädte der Regionen Japans (nicht offiziell, sie haben keine rechtliche Stellung als solche)', 'JAPAN_REGIONS_CAPITAL_DESC'),
('pt-PT', 'Capitais das regiões do Japão (não oficial, não têm status legal como tal)', 'JAPAN_REGIONS_CAPITAL_DESC'),
('fr-FR', 'Capitales des régions du Japon (non officiel, elles n''ont aucune réalité juridique en tant que tel)', 'JAPAN_REGIONS_CAPITAL_DESC'),
('de-DE', 'Japanische Präfekturen', 'JAPAN_PREFECTURES'),
('pt-PT', 'Prefeituras do Japão', 'JAPAN_PREFECTURES'),
('en-US', 'Japan prefectures', 'JAPAN_PREFECTURES'),
('fr-FR', 'Préfectures du Japon', 'JAPAN_PREFECTURES'),
('es-ES', 'Prefecturas de Japón', 'JAPAN_PREFECTURES'),
('pt-PT', 'Prefeituras do Japão', 'JAPAN_PREFECTURES_DESC'),
('fr-FR', 'Préfectures du Japon', 'JAPAN_PREFECTURES_DESC'),
('en-US', 'Prefectures of Japan', 'JAPAN_PREFECTURES_DESC'),
('de-DE', 'Präfekturen Japans', 'JAPAN_PREFECTURES_DESC'),
('es-ES', 'Prefecturas de Japón', 'JAPAN_PREFECTURES_DESC'),
('de-DE', 'Hauptstädte der japanischen Präfekturen', 'JAPAN_PREFECTURES_CAPITAL'),
('fr-FR', 'Capitales des préfectures du Japon', 'JAPAN_PREFECTURES_CAPITAL'),
('pt-PT', 'Capital das prefeituras do Japão', 'JAPAN_PREFECTURES_CAPITAL'),
('en-US', 'Japan prefectures'' capital', 'JAPAN_PREFECTURES_CAPITAL'),
('es-ES', 'Capital de las prefecturas de Japón', 'JAPAN_PREFECTURES_CAPITAL'),
('en-US', 'Capitals of the prefectures of Japan', 'JAPAN_PREFECTURES_CAPITAL_DESC'),
('fr-FR', 'Capitales des préfectures du Japon', 'JAPAN_PREFECTURES_CAPITAL_DESC'),
('de-DE', 'Hauptstädte der Präfekturen Japans', 'JAPAN_PREFECTURES_CAPITAL_DESC'),
('es-ES', 'Capitales de las prefecturas de Japón', 'JAPAN_PREFECTURES_CAPITAL_DESC'),
('pt-PT', 'Capitais das prefeituras do Japão', 'JAPAN_PREFECTURES_CAPITAL_DESC'),
('pt-PT', 'Países do mundo - ONU', 'WORLD_COUNTRIES_UN'),
('en-US', 'World countries - UN', 'WORLD_COUNTRIES_UN'),
('fr-FR', 'Pays du monde - ONU', 'WORLD_COUNTRIES_UN'),
('de-DE', 'Länder der Welt - UN', 'WORLD_COUNTRIES_UN'),
('es-ES', 'Países del mundo - ONU', 'WORLD_COUNTRIES_UN'),
('en-US', 'Map of the countries of the world according to the UN', 'WORLD_COUNTRIES_UN_DESC'),
('de-DE', 'Karte der Länder der Welt gemäß den Vereinten Nationen', 'WORLD_COUNTRIES_UN_DESC'),
('fr-FR', 'Carte des pays du monde selon l''ONU', 'WORLD_COUNTRIES_UN_DESC'),
('es-ES', 'Mapa de los países del mundo según la ONU', 'WORLD_COUNTRIES_UN_DESC'),
('en-US', 'World countries'' capital - UN', 'WORLD_COUNTRIES_UN_CAPITAL'),
('es-ES', 'Capital de los países del mundo - ONU', 'WORLD_COUNTRIES_UN_CAPITAL'),
('de-DE', 'Hauptstädte der Länder der Welt - UN', 'WORLD_COUNTRIES_UN_CAPITAL'),
('pt-PT', 'Capital dos países do mundo - ONU', 'WORLD_COUNTRIES_UN_CAPITAL'),
('fr-FR', 'Capitales des pays du monde - ONU', 'WORLD_COUNTRIES_UN_CAPITAL'),
('en-US', 'A map showing the capital cities of all the countries in the world, as recognized by the United Nations. The United Nations recognizes 193 member states, but there are also 2 observer states (the Holy See and Palestine) and 6 partially recognized states (Abkhazia, Kosovo, Nagorno-Karabakh, Northern Cyprus, South Ossetia, and Transnistria) that are not considered full member states of the UN. These states have some level of international recognition, but their status is disputed and not universally recognized. Therefore, the total number of countries/territories recognized by the UN, including both member states and observer/partially recognized states, is 201.', 'WORLD_COUNTRIES_UN_CAPITAL_DESC'),
('pt-PT', 'Um mapa que mostra as capitais de todos os países do mundo, reconhecidos pelas Nações Unidas.As Nações Unidas reconhecem 193 Estados-membros, mas também existem 2 Estados observadores (a Santa Sé e a Palestina) e 6 Estados parcialmente reconhecidos (Abkhazia, Kosovo, Nagorno-Karabakh, Chipre do Norte, Ossétia do Sul e Transnístria) que não são considerados Estados-membros plenos das Nações Unidas. Esses Estados têm algum nível de reconhecimento internacional, mas seu status é contestado e não universalmente reconhecido. Portanto, o número total de países/territórios reconhecidos pela ONU, incluindo tanto Estados-membros quanto Estados observadores/parcialmente reconhecidos, é de 201.', 'WORLD_COUNTRIES_UN_CAPITAL_DESC'),
('es-ES', 'Un mapa que muestra las capitales de todos los países del mundo, reconocidos por las Naciones Unidas.Las Naciones Unidas reconocen a 193 estados miembros, pero también hay 2 estados observadores (la Santa Sede y Palestina) y 6 estados parcialmente reconocidos (Abjasia, Kosovo, Nagorno-Karabaj, Chipre del Norte, Osetia del Sur y Transnistria) que no se consideran estados miembros plenos de la ONU. Estos estados tienen cierto nivel de reconocimiento internacional, pero su estatus es disputado y no reconocido de manera universal. Por lo tanto, el número total de países/territorios reconocidos por la ONU, incluyendo tanto los estados miembros como los estados observadores/parcialmente reconocidos, es de 201.', 'WORLD_COUNTRIES_UN_CAPITAL_DESC'),
('fr-FR', 'Carte des capitales des pays du monde selon l''ONU. Les Nations unies reconnaissent 193 États membres, mais il existe également 2 États observateurs (le Saint-Siège et la Palestine) et 6 États partiellement reconnus (Abkhazie, Kosovo, Nagorny-Karabakh, Chypre du Nord, Ossétie du Sud et Transnistrie) qui ne sont pas considérés comme des États membres à part entière de l''ONU. Ces États ont un certain niveau de reconnaissance internationale, mais leur statut est contesté et n''est pas universellement reconnu. Par conséquent, le nombre total de pays/territoires reconnus par l''ONU, y compris les États membres, les États observateurs et les États partiellement reconnus, est de 201.', 'WORLD_COUNTRIES_UN_CAPITAL_DESC'),
('de-DE', 'Eine Karte, die die Hauptstädte aller Länder der Welt zeigt, wie sie von den Vereinten Nationen anerkannt werden.Die Vereinten Nationen erkennen 193 Mitgliedsstaaten an, aber es gibt auch 2 Beobachterstaaten (der Heilige Stuhl und Palästina) und 6 teilweise anerkannte Staaten (Abchasien, Kosovo, Bergkarabach, Nordzypern, Südossetien und Transnistrien), die nicht als Vollmitgliedsstaaten der UN betrachtet werden. Diese Staaten genießen eine gewisse internationale Anerkennung, ihr Status ist jedoch umstritten und nicht universell anerkannt. Daher beläuft sich die Gesamtzahl der von den UN anerkannten Länder/Territorien, einschließlich sowohl Mitgliedsstaaten als auch Beobachter-/teilweise anerkannten Staaten, auf 201.', 'WORLD_COUNTRIES_UN_CAPITAL_DESC'),
('pt-PT', 'Países do mundo - ISO-3166', 'WORLD_COUNTRIES_ISO3166'),
('en-US', 'World countries - ISO-3166', 'WORLD_COUNTRIES_ISO3166'),
('de-DE', 'Länder der Welt - ISO-3166', 'WORLD_COUNTRIES_ISO3166'),
('fr-FR', 'Pays du monde - ISO-3166', 'WORLD_COUNTRIES_ISO3166'),
('es-ES', 'Países del mundo - ISO-3166', 'WORLD_COUNTRIES_ISO3166'),
('de-DE', 'Die ISO-3166 ist ein Standard, der Codes für Ländernamen und deren Unterteilungen definiert. Die Liste der geographischen Entitäten ist größer als die Liste der von den Vereinten Nationen anerkannten Länder, da auch bestimmte Entitäten berücksichtigt werden, die nicht als souveräne Staaten betrachtet werden, sondern eine gewisse Autonomie oder teilweise internationale Anerkennung haben, wie Überseegebiete, Abhängigkeiten und Gebiete mit besonderer Souveränität. Die Aufnahme eines Gebiets in die ISO-3166 bedeutet jedoch nicht notwendigerweise, dass es als souveräner Staat anerkannt ist oder zu den geographischen und politischen Entitäten der Welt gehört.', 'WORLD_COUNTRIES_ISO3166_DESC'),
('es-ES', 'La norma ISO-3166 permite definir códigos para los nombres de países y sus subdivisiones. La lista de entidades geográficas es más amplia que la de países de la ONU, pero esto se debe a la inclusión de ciertas entidades que no se consideran estados soberanos, sino que tienen cierta autonomía o reconocimiento internacional parcial, como los territorios de ultramar, las dependencias y las zonas de soberanía especial. Sin embargo, el hecho de que un territorio esté incluido en el ISO-3166 no significa necesariamente que sea reconocido como un estado soberano o que forme parte de las entidades geográficas y políticas del mundo.', 'WORLD_COUNTRIES_ISO3166_DESC'),
('pt-PT', 'SO-3166 é uma norma que permite definir códigos para os nomes de países e suas subdivisões. A lista de entidades geográficas é maior do que a da ONU, mas isso se deve à inclusão de entidades que não são consideradas estados soberanos, mas que possuem certa autonomia ou reconhecimento internacional parcial, como territórios ultramarinos, dependências e áreas com soberania especial. No entanto, o fato de um território estar incluído no ISO-3166 não significa necessariamente que ele seja reconhecido como um estado soberano ou que faça parte das entidades geográficas e políticas do mundo.', 'WORLD_COUNTRIES_ISO3166_DESC'),
('fr-FR', 'L''ISO-3166 est une norme qui permet de définir des codes pour les noms de pays et de leurs subdivisions. La liste des entitées géographique est plus grande que celle des pays de l''ONU, mais cela est dû à la prise en compte de certaines entités qui ne sont pas considérées comme des États souverains, mais qui ont une certaine autonomie ou une reconnaissance internationale partielle, comme les territoires d''outre-mer, les dépendances et les zones sous souveraineté spéciale. Cependant, le fait qu''un territoire soit inclus dans l''ISO-3166 ne signifie pas nécessairement qu''il soit reconnu comme un État souverain ou qu''il fasse partie des entités géographiques et politiques du monde.', 'WORLD_COUNTRIES_ISO3166_DESC'),
('en-US', 'ISO-3166 is a standard that allows for the definition of codes for the names of countries and their subdivisions. The list of geographical entities is larger than that of UN member countries, but this is due to the inclusion of certain entities that are not considered sovereign states, but have some degree of autonomy or partial international recognition, such as overseas territories, dependencies, and areas under special sovereignty. However, the fact that a territory is included in ISO-3166 does not necessarily mean that it is recognized as a sovereign state or that it is part of the world''s geographical and political entities.', 'WORLD_COUNTRIES_ISO3166_DESC'),
('en-US', 'World countries'' capital - ISO-3166', 'WORLD_COUNTRIES_ISO3166_CAPITAL'),
('es-ES', 'Capital de los países del mundo - ISO-3166', 'WORLD_COUNTRIES_ISO3166_CAPITAL'),
('de-DE', 'Hauptstädte der Länder der Welt - ISO-3166', 'WORLD_COUNTRIES_ISO3166_CAPITAL'),
('fr-FR', 'Capitales des pays du monde - ISO-3166', 'WORLD_COUNTRIES_ISO3166_CAPITAL'),
('pt-PT', 'Capital dos países do mundo - ISO-3166', 'WORLD_COUNTRIES_ISO3166_CAPITAL'),
('en-US', 'Important city/cities for each territory listed in ISO 3166. Some of these territories have no inhabitants or cities, so we have sometimes arbitrarily chosen geographic features to designate them as capitals.', 'WORLD_COUNTRIES_ISO3166_CAPITAL_DESC'),
('es-ES', 'Ciudad(es) importante(s) para cada territorio listado en el ISO 3166. Algunos de estos territorios no tienen habitantes ni ciudades, por lo que a veces hemos elegido elementos geográficos arbitrariamente para designarlos como capitales.', 'WORLD_COUNTRIES_ISO3166_CAPITAL_DESC'),
('fr-FR', 'Ville(s) importante(s) pour chaque territoire listé dans l''ISO 3166. Certains de ces territoires ne possèdent aucun habitant ni ville, donc nous avons parfois choisi des éléments géographiques arbitrairement pour les désigner comme capitales.', 'WORLD_COUNTRIES_ISO3166_CAPITAL_DESC'),
('pt-PT', 'Cidade(s) importante(s) para cada território listado no ISO 3166. Alguns desses territórios não possuem nenhum habitante ou cidade, então às vezes escolhemos elementos geográficos arbitrariamente para designá-los como capitais.', 'WORLD_COUNTRIES_ISO3166_CAPITAL_DESC'),
('de-DE', 'Wichtige Stadt/Städte für jeden Gebietseintrag in ISO 3166. Einige dieser Gebiete haben keine Bewohner oder Städte, daher haben wir manchmal geographische Elemente willkürlich als Hauptstadt ausgewählt.', 'WORLD_COUNTRIES_ISO3166_CAPITAL_DESC');
INSERT INTO private.map (id, id_description, url_wiki) VALUES
('FRANCE_DEPARTMENTS', 'FRANCE_DEPARTMENTS_DESC', ''),
('FRANCE_DEPARTMENTS_CAPITAL', 'FRANCE_DEPARTMENTS_CAPITAL_DESC', ''),
('FRANCE_REGIONS', 'FRANCE_REGIONS_DESC', ''),
('FRANCE_REGIONS_CAPITAL', 'FRANCE_REGIONS_CAPITAL_DESC', ''),
('JAPAN_REGIONS', 'JAPAN_REGIONS_DESC', ''),
('JAPAN_REGIONS_CAPITAL', 'JAPAN_REGIONS_CAPITAL_DESC', ''),
('JAPAN_PREFECTURES', 'JAPAN_PREFECTURES_DESC', ''),
('JAPAN_PREFECTURES_CAPITAL', 'JAPAN_PREFECTURES_CAPITAL_DESC', ''),
('WORLD_COUNTRIES_UN', 'WORLD_COUNTRIES_UN_DESC', ''),
('WORLD_COUNTRIES_UN_CAPITAL', 'WORLD_COUNTRIES_UN_CAPITAL_DESC', ''),
('WORLD_COUNTRIES_ISO3166', 'WORLD_COUNTRIES_ISO3166_DESC', ''),
('WORLD_COUNTRIES_ISO3166_CAPITAL', 'WORLD_COUNTRIES_ISO3166_CAPITAL_DESC', '');
INSERT INTO private.translation (id_lang, translated_value, id_item) VALUES
('en-US', 'Continents', 'TAG_GROUP_CONTINENTS'),
('de-DE', 'Kontinente', 'TAG_GROUP_CONTINENTS'),
('pt-PT', 'Continentes', 'TAG_GROUP_CONTINENTS'),
('fr-FR', 'Continents', 'TAG_GROUP_CONTINENTS'),
('es-ES', 'Continentes', 'TAG_GROUP_CONTINENTS'),
('de-DE', 'Länder', 'TAG_GROUP_COUNTRIES'),
('fr-FR', 'Pays', 'TAG_GROUP_COUNTRIES'),
('en-US', 'Countries', 'TAG_GROUP_COUNTRIES'),
('es-ES', 'Países', 'TAG_GROUP_COUNTRIES'),
('pt-PT', 'Países', 'TAG_GROUP_COUNTRIES'),
('pt-PT', 'Nível', 'TAG_GROUP_LEVEL'),
('es-ES', 'Nivel', 'TAG_GROUP_LEVEL'),
('fr-FR', 'Niveau', 'TAG_GROUP_LEVEL'),
('en-US', 'Level', 'TAG_GROUP_LEVEL'),
('de-DE', 'Ebene', 'TAG_GROUP_LEVEL');
INSERT INTO private.tag_group (id) VALUES
('TAG_GROUP_CONTINENTS'),
('TAG_GROUP_COUNTRIES'),
('TAG_GROUP_LEVEL');
INSERT INTO private.translation (id_lang, translated_value, id_item) VALUES
('pt-PT', 'França', 'TAG_FRANCE'),
('en-US', 'France', 'TAG_FRANCE'),
('fr-FR', 'France', 'TAG_FRANCE'),
('de-DE', 'Frankreich', 'TAG_FRANCE'),
('es-ES', 'Francia', 'TAG_FRANCE'),
('de-DE', 'Japan', 'TAG_JAPAN'),
('es-ES', 'Japón', 'TAG_JAPAN'),
('pt-PT', 'Japão', 'TAG_JAPAN'),
('en-US', 'Japan', 'TAG_JAPAN'),
('fr-FR', 'Japon', 'TAG_JAPAN'),
('en-US', 'Cities', 'TAG_CITIES'),
('pt-PT', 'Cidades', 'TAG_CITIES'),
('de-DE', 'Städte', 'TAG_CITIES'),
('es-ES', 'Ciudades', 'TAG_CITIES'),
('fr-FR', 'Villes', 'TAG_CITIES'),
('de-DE', 'Unterabteilungen', 'TAG_SUBDIVISIONS'),
('es-ES', 'Subdivisiones', 'TAG_SUBDIVISIONS'),
('en-US', 'Subdivisions', 'TAG_SUBDIVISIONS'),
('fr-FR', 'Subdivisions', 'TAG_SUBDIVISIONS'),
('pt-PT', 'Subdivisões', 'TAG_SUBDIVISIONS'),
('fr-FR', 'Subdivisions', 'TAG_WORLD'),
('de-DE', 'Unterabteilungen', 'TAG_WORLD'),
('pt-PT', 'Subdivisões', 'TAG_WORLD'),
('en-US', 'Subdivisions', 'TAG_WORLD'),
('es-ES', 'Subdivisiones', 'TAG_WORLD'),
('de-DE', 'Europa', 'TAG_EUROPE'),
('en-US', 'Europe', 'TAG_EUROPE'),
('pt-PT', 'Europa', 'TAG_EUROPE'),
('fr-FR', 'Europe', 'TAG_EUROPE'),
('es-ES', 'Europa', 'TAG_EUROPE'),
('es-ES', 'Asia', 'TAG_ASIA'),
('en-US', 'Asia', 'TAG_ASIA'),
('pt-PT', 'Ásia', 'TAG_ASIA'),
('fr-FR', 'Asie', 'TAG_ASIA'),
('de-DE', 'Asien', 'TAG_ASIA'),
('es-ES', 'África', 'TAG_AFRICA'),
('fr-FR', 'Afrique', 'TAG_AFRICA'),
('pt-PT', 'África', 'TAG_AFRICA'),
('de-DE', 'Afrika', 'TAG_AFRICA'),
('en-US', 'Africa', 'TAG_AFRICA'),
('pt-PT', 'América do Norte', 'TAG_SOUTH_AMERICA'),
('fr-FR', 'Amérique du Nord', 'TAG_SOUTH_AMERICA'),
('es-ES', 'América del Norte', 'TAG_SOUTH_AMERICA'),
('de-DE', 'Nordamerika', 'TAG_SOUTH_AMERICA'),
('en-US', 'North America', 'TAG_SOUTH_AMERICA'),
('en-US', 'South America', 'TAG_NORTH_AMERICA'),
('de-DE', 'Südamerika', 'TAG_NORTH_AMERICA'),
('es-ES', 'América del Sur', 'TAG_NORTH_AMERICA'),
('fr-FR', 'Amérique du Sud', 'TAG_NORTH_AMERICA'),
('pt-PT', 'América do Sul', 'TAG_NORTH_AMERICA');
INSERT INTO private.tag (id, id_group) VALUES
('TAG_FRANCE', 'TAG_GROUP_COUNTRIES'),
('TAG_JAPAN', 'TAG_GROUP_COUNTRIES'),
('TAG_CITIES', 'TAG_GROUP_LEVEL'),
('TAG_SUBDIVISIONS', 'TAG_GROUP_LEVEL'),
('TAG_WORLD', 'TAG_GROUP_LEVEL'),
('TAG_EUROPE', 'TAG_GROUP_CONTINENTS'),
('TAG_ASIA', 'TAG_GROUP_CONTINENTS'),
('TAG_AFRICA', 'TAG_GROUP_CONTINENTS'),
('TAG_SOUTH_AMERICA', 'TAG_GROUP_CONTINENTS'),
('TAG_NORTH_AMERICA', 'TAG_GROUP_CONTINENTS');
INSERT INTO private.tag_map (id_map, id_tag) VALUES
('FRANCE_DEPARTMENTS', 'TAG_FRANCE'),
('FRANCE_DEPARTMENTS', 'TAG_SUBDIVISIONS'),
('FRANCE_DEPARTMENTS', 'TAG_EUROPE'),
('FRANCE_DEPARTMENTS_CAPITAL', 'TAG_FRANCE'),
('FRANCE_DEPARTMENTS_CAPITAL', 'TAG_CITIES'),
('FRANCE_DEPARTMENTS_CAPITAL', 'TAG_EUROPE'),
('FRANCE_REGIONS', 'TAG_FRANCE'),
('FRANCE_REGIONS', 'TAG_SUBDIVISIONS'),
('FRANCE_REGIONS', 'TAG_EUROPE'),
('FRANCE_REGIONS_CAPITAL', 'TAG_FRANCE'),
('FRANCE_REGIONS_CAPITAL', 'TAG_CITIES'),
('FRANCE_REGIONS_CAPITAL', 'TAG_EUROPE'),
('JAPAN_PREFECTURES', 'TAG_JAPAN'),
('JAPAN_PREFECTURES', 'TAG_SUBDIVISIONS'),
('JAPAN_PREFECTURES', 'TAG_ASIA'),
('JAPAN_PREFECTURES_CAPITAL', 'TAG_JAPAN'),
('JAPAN_PREFECTURES_CAPITAL', 'TAG_CITIES'),
('JAPAN_PREFECTURES_CAPITAL', 'TAG_ASIA'),
('JAPAN_REGIONS', 'TAG_JAPAN'),
('JAPAN_REGIONS', 'TAG_SUBDIVISIONS'),
('JAPAN_REGIONS', 'TAG_ASIA'),
('JAPAN_REGIONS_CAPITAL', 'TAG_JAPAN'),
('JAPAN_REGIONS_CAPITAL', 'TAG_CITIES'),
('JAPAN_REGIONS_CAPITAL', 'TAG_ASIA'),
('WORLD_COUNTRIES_UN', 'TAG_WORLD'),
('WORLD_COUNTRIES_UN_CAPITAL', 'TAG_WORLD'),
('WORLD_COUNTRIES_UN_CAPITAL', 'TAG_CITIES'),
('WORLD_COUNTRIES_ISO3166', 'TAG_WORLD'),
('WORLD_COUNTRIES_ISO3166_CAPITAL', 'TAG_WORLD'),
('WORLD_COUNTRIES_ISO3166_CAPITAL', 'TAG_CITIES');
INSERT INTO private.translation (id_lang, translated_value, id_item) VALUES
('es-ES', 'Contrarreloj', 'AGAINST_CLOCK'),
('pt-PT', 'Contra o relógio', 'AGAINST_CLOCK'),
('en-US', 'Against the clock', 'AGAINST_CLOCK'),
('fr-FR', 'Contre la montre', 'AGAINST_CLOCK'),
('de-DE', 'Gegen die Uhr', 'AGAINST_CLOCK');
INSERT INTO private.gamemod (id) VALUES
('AGAINST_CLOCK');
INSERT INTO private.gamemod_map (id_map, id_gamemod) VALUES
('FRANCE_DEPARTMENTS', 'AGAINST_CLOCK'),
('FRANCE_DEPARTMENTS_CAPITAL', 'AGAINST_CLOCK'),
('FRANCE_REGIONS', 'AGAINST_CLOCK'),
('FRANCE_REGIONS_CAPITAL', 'AGAINST_CLOCK'),
('JAPAN_REGIONS', 'AGAINST_CLOCK'),
('JAPAN_REGIONS_CAPITAL', 'AGAINST_CLOCK'),
('JAPAN_PREFECTURES', 'AGAINST_CLOCK'),
('JAPAN_PREFECTURES_CAPITAL', 'AGAINST_CLOCK'),
('WORLD_COUNTRIES_UN', 'AGAINST_CLOCK'),
('WORLD_COUNTRIES_UN_CAPITAL', 'AGAINST_CLOCK'),
('WORLD_COUNTRIES_ISO3166', 'AGAINST_CLOCK'),
('WORLD_COUNTRIES_ISO3166_CAPITAL', 'AGAINST_CLOCK');
INSERT INTO private.translation (id_lang, translated_value, id_item) VALUES
('fr-FR', 'Bourg-en-Bresse', 'FR-BOURG-EN-BRESSE'),
('en-US', 'Bourg-en-Bresse', 'FR-BOURG-EN-BRESSE'),
('de-DE', 'Bourg-en-Bresse', 'FR-BOURG-EN-BRESSE'),
('pt-PT', 'Bourg-en-Bresse', 'FR-BOURG-EN-BRESSE'),
('es-ES', 'Bourg-en-Bresse', 'FR-BOURG-EN-BRESSE'),
('es-ES', 'Laon', 'FR-LAON'),
('en-US', 'Laon', 'FR-LAON'),
('pt-PT', 'Laon', 'FR-LAON'),
('fr-FR', 'Laon', 'FR-LAON'),
('de-DE', 'Laon', 'FR-LAON'),
('fr-FR', 'Moulins', 'FR-MOULINS'),
('es-ES', 'Moulins', 'FR-MOULINS'),
('en-US', 'Moulins', 'FR-MOULINS'),
('pt-PT', 'Moulins', 'FR-MOULINS'),
('de-DE', 'Moulins', 'FR-MOULINS'),
('es-ES', 'Digne-les-Bains', 'FR-DIGNE-LES-BAINS'),
('pt-PT', 'Digne-les-Bains', 'FR-DIGNE-LES-BAINS'),
('fr-FR', 'Digne-les-Bains', 'FR-DIGNE-LES-BAINS'),
('de-DE', 'Digne-les-Bains', 'FR-DIGNE-LES-BAINS'),
('en-US', 'Digne-les-Bains', 'FR-DIGNE-LES-BAINS'),
('en-US', 'Nice', 'FR-NICE'),
('es-ES', 'Niza', 'FR-NICE'),
('de-DE', 'Nizza', 'FR-NICE'),
('fr-FR', 'Nice', 'FR-NICE'),
('pt-PT', 'Nice', 'FR-NICE'),
('fr-FR', 'Privas', 'FR-PRIVAS'),
('es-ES', 'Privas', 'FR-PRIVAS'),
('pt-PT', 'Privas', 'FR-PRIVAS'),
('en-US', 'Privas', 'FR-PRIVAS'),
('de-DE', 'Privas', 'FR-PRIVAS'),
('de-DE', 'Charleville-Mézières', 'FR-CHARLEVILLE-MEZIERES'),
('es-ES', 'Charleville-Mézières', 'FR-CHARLEVILLE-MEZIERES'),
('pt-PT', 'Charleville-Mézières', 'FR-CHARLEVILLE-MEZIERES'),
('en-US', 'Charleville-Mézières', 'FR-CHARLEVILLE-MEZIERES'),
('fr-FR', 'Charleville-Mézières', 'FR-CHARLEVILLE-MEZIERES'),
('en-US', 'Foix', 'FR-FOIX'),
('es-ES', 'Foix', 'FR-FOIX'),
('pt-PT', 'Foix', 'FR-FOIX'),
('de-DE', 'Foix', 'FR-FOIX'),
('fr-FR', 'Foix', 'FR-FOIX'),
('es-ES', 'Troyes', 'FR-TROYES'),
('de-DE', 'Troyes', 'FR-TROYES'),
('en-US', 'Troyes', 'FR-TROYES'),
('pt-PT', 'Troyes', 'FR-TROYES'),
('fr-FR', 'Troyes', 'FR-TROYES'),
('en-US', 'Carcassonne', 'FR-CARCASSONNE'),
('fr-FR', 'Carcassonne', 'FR-CARCASSONNE'),
('de-DE', 'Carcassonne', 'FR-CARCASSONNE'),
('es-ES', 'Carcasona', 'FR-CARCASSONNE'),
('pt-PT', 'Carcassonne', 'FR-CARCASSONNE'),
('pt-PT', 'Rodez', 'FR-RODEZ'),
('en-US', 'Rodez', 'FR-RODEZ'),
('de-DE', 'Rodez', 'FR-RODEZ'),
('es-ES', 'Rodez', 'FR-RODEZ'),
('fr-FR', 'Rodez', 'FR-RODEZ'),
('es-ES', 'Marsella', 'FR-MARSEILLE'),
('en-US', 'Marseille', 'FR-MARSEILLE'),
('de-DE', 'Marseille', 'FR-MARSEILLE'),
('pt-PT', 'Marselha', 'FR-MARSEILLE'),
('fr-FR', 'Marseille', 'FR-MARSEILLE'),
('fr-FR', 'Caen', 'FR-CAEN'),
('en-US', 'Caen', 'FR-CAEN'),
('es-ES', 'Caen', 'FR-CAEN'),
('de-DE', 'Caen', 'FR-CAEN'),
('pt-PT', 'Caen', 'FR-CAEN'),
('de-DE', 'Aurillac', 'FR-AURILLAC'),
('es-ES', 'Aurillac', 'FR-AURILLAC'),
('en-US', 'Aurillac', 'FR-AURILLAC'),
('pt-PT', 'Aurillac', 'FR-AURILLAC'),
('fr-FR', 'Aurillac', 'FR-AURILLAC'),
('es-ES', 'Angulema', 'FR-ANGOULEME'),
('de-DE', 'Angoulême', 'FR-ANGOULEME'),
('pt-PT', 'Angoulême', 'FR-ANGOULEME'),
('en-US', 'Angoulême', 'FR-ANGOULEME'),
('fr-FR', 'Angoulême', 'FR-ANGOULEME'),
('de-DE', 'La Rochelle', 'FR-LA-ROCHELLE'),
('es-ES', 'La Rochelle', 'FR-LA-ROCHELLE'),
('en-US', 'La Rochelle', 'FR-LA-ROCHELLE'),
('fr-FR', 'La Rochelle', 'FR-LA-ROCHELLE'),
('pt-PT', 'La Rochelle', 'FR-LA-ROCHELLE'),
('de-DE', 'Bourges', 'FR-BOURGES'),
('fr-FR', 'Bourges', 'FR-BOURGES'),
('es-ES', 'Burdeos', 'FR-BOURGES'),
('en-US', 'Bourges', 'FR-BOURGES'),
('pt-PT', 'Bourges', 'FR-BOURGES'),
('de-DE', 'Tulle', 'FR-TULLE'),
('en-US', 'Tulle', 'FR-TULLE'),
('fr-FR', 'Tulle', 'FR-TULLE'),
('es-ES', 'Tulle', 'FR-TULLE'),
('pt-PT', 'Tulle', 'FR-TULLE'),
('de-DE', 'Ajaccio', 'FR-AJACCIO'),
('fr-FR', 'Ajaccio', 'FR-AJACCIO'),
('es-ES', 'Ajaccio', 'FR-AJACCIO'),
('en-US', 'Ajaccio', 'FR-AJACCIO'),
('pt-PT', 'Ajaccio', 'FR-AJACCIO'),
('fr-FR', 'Dijon', 'FR-DIJON'),
('pt-PT', 'Dijon', 'FR-DIJON'),
('es-ES', 'Dijón', 'FR-DIJON'),
('en-US', 'Dijon', 'FR-DIJON'),
('de-DE', 'Dijon', 'FR-DIJON'),
('es-ES', 'Saint-Brieuc', 'FR-ST-BRIEUC'),
('es-ES', 'San-Brieuc', 'FR-ST-BRIEUC'),
('es-ES', 'St-Brieuc', 'FR-ST-BRIEUC'),
('pt-PT', 'Saint-Brieuc', 'FR-ST-BRIEUC'),
('pt-PT', 'St-Brieuc', 'FR-ST-BRIEUC'),
('fr-FR', 'Saint-Brieuc', 'FR-ST-BRIEUC'),
('fr-FR', 'St-Brieuc', 'FR-ST-BRIEUC'),
('en-US', 'Saint-Brieuc', 'FR-ST-BRIEUC'),
('en-US', 'St-Brieuc', 'FR-ST-BRIEUC'),
('de-DE', 'Saint-Brieuc', 'FR-ST-BRIEUC'),
('de-DE', 'Sankt-Brieuc', 'FR-ST-BRIEUC'),
('de-DE', 'St-Brieuc', 'FR-ST-BRIEUC'),
('fr-FR', 'Guéret', 'FR-GUERET'),
('pt-PT', 'Guéret', 'FR-GUERET'),
('de-DE', 'Guéret', 'FR-GUERET'),
('en-US', 'Guéret', 'FR-GUERET'),
('es-ES', 'Guéret', 'FR-GUERET'),
('en-US', 'Niort', 'FR-NIORT'),
('es-ES', 'Niort', 'FR-NIORT'),
('pt-PT', 'Niort', 'FR-NIORT'),
('de-DE', 'Niort', 'FR-NIORT'),
('fr-FR', 'Niort', 'FR-NIORT'),
('de-DE', 'Périgueux', 'FR-PERIGUEUX'),
('en-US', 'Périgueux', 'FR-PERIGUEUX'),
('es-ES', 'Périgueux', 'FR-PERIGUEUX'),
('pt-PT', 'Périgueux', 'FR-PERIGUEUX'),
('fr-FR', 'Périgueux', 'FR-PERIGUEUX'),
('fr-FR', 'Besançon', 'FR-BESANÇON'),
('en-US', 'Besançon', 'FR-BESANÇON'),
('de-DE', 'Besançon', 'FR-BESANÇON'),
('es-ES', 'Besanzón', 'FR-BESANÇON'),
('pt-PT', 'Besançon', 'FR-BESANÇON'),
('de-DE', 'Valence', 'FR-VALENCE'),
('es-ES', 'Valencia', 'FR-VALENCE'),
('fr-FR', 'Valence', 'FR-VALENCE'),
('pt-PT', 'Valência', 'FR-VALENCE'),
('en-US', 'Valence', 'FR-VALENCE'),
('fr-FR', 'Évry', 'FR-EVRY'),
('en-US', 'Évry', 'FR-EVRY'),
('de-DE', 'Évry', 'FR-EVRY'),
('es-ES', 'Évry', 'FR-EVRY'),
('pt-PT', 'Évry', 'FR-EVRY'),
('de-DE', 'Évreux', 'FR-EVREUX'),
('en-US', 'Évreux', 'FR-EVREUX'),
('pt-PT', 'Évreux', 'FR-EVREUX'),
('es-ES', 'Évreux', 'FR-EVREUX'),
('fr-FR', 'Évreux', 'FR-EVREUX'),
('de-DE', 'Chartres', 'FR-CHARTRES'),
('pt-PT', 'Chartres', 'FR-CHARTRES'),
('en-US', 'Chartres', 'FR-CHARTRES'),
('fr-FR', 'Chartres', 'FR-CHARTRES'),
('es-ES', 'Chartres', 'FR-CHARTRES'),
('de-DE', 'Quimper', 'FR-QUIMPER'),
('pt-PT', 'Quimper', 'FR-QUIMPER'),
('fr-FR', 'Quimper', 'FR-QUIMPER'),
('es-ES', 'Quimper', 'FR-QUIMPER'),
('en-US', 'Quimper', 'FR-QUIMPER'),
('en-US', 'Cayenne', 'FR-CAYENNE'),
('de-DE', 'Cayenne', 'FR-CAYENNE'),
('pt-PT', 'Caiena', 'FR-CAYENNE'),
('es-ES', 'Cayena', 'FR-CAYENNE'),
('fr-FR', 'Cayenne', 'FR-CAYENNE'),
('fr-FR', 'Nîmes', 'FR-NIMES'),
('de-DE', 'Nîmes', 'FR-NIMES'),
('es-ES', 'Nimes', 'FR-NIMES'),
('en-US', 'Nîmes', 'FR-NIMES'),
('pt-PT', 'Nîmes', 'FR-NIMES'),
('en-US', 'Auch', 'FR-AUCH'),
('pt-PT', 'Auch', 'FR-AUCH'),
('es-ES', 'Auch', 'FR-AUCH'),
('de-DE', 'Auch', 'FR-AUCH'),
('fr-FR', 'Auch', 'FR-AUCH'),
('es-ES', 'Burdeos', 'FR-BORDEAUX'),
('de-DE', 'Bordeaux', 'FR-BORDEAUX'),
('en-US', 'Bordeaux', 'FR-BORDEAUX'),
('fr-FR', 'Bordeaux', 'FR-BORDEAUX'),
('pt-PT', 'Bordéus', 'FR-BORDEAUX'),
('pt-PT', 'Basse-Terre', 'FR-BASSE-TERRE'),
('es-ES', 'Basse-Terre', 'FR-BASSE-TERRE'),
('fr-FR', 'Basse-Terre', 'FR-BASSE-TERRE'),
('en-US', 'Basse-Terre', 'FR-BASSE-TERRE'),
('de-DE', 'Basse-Terre', 'FR-BASSE-TERRE'),
('pt-PT', 'Bastia', 'FR-BASTIA'),
('fr-FR', 'Bastia', 'FR-BASTIA'),
('en-US', 'Bastia', 'FR-BASTIA'),
('de-DE', 'Bastia', 'FR-BASTIA'),
('es-ES', 'Bastia', 'FR-BASTIA'),
('es-ES', 'Toulouse', 'FR-TOULOUSE'),
('de-DE', 'Toulouse', 'FR-TOULOUSE'),
('fr-FR', 'Toulouse', 'FR-TOULOUSE'),
('en-US', 'Toulouse', 'FR-TOULOUSE'),
('pt-PT', 'Toulouse', 'FR-TOULOUSE'),
('pt-PT', 'Le Puy-en-Velay', 'FR-LE-PUY-EN-VELAY'),
('en-US', 'Le Puy-en-Velay', 'FR-LE-PUY-EN-VELAY'),
('fr-FR', 'Le Puy-en-Velay', 'FR-LE-PUY-EN-VELAY'),
('es-ES', 'Le Puy-en-Velay', 'FR-LE-PUY-EN-VELAY'),
('de-DE', 'Le Puy-en-Velay', 'FR-LE-PUY-EN-VELAY'),
('pt-PT', 'Chaumont', 'FR-CHAUMONT'),
('fr-FR', 'Chaumont', 'FR-CHAUMONT'),
('es-ES', 'Chaumont', 'FR-CHAUMONT'),
('de-DE', 'Chaumont', 'FR-CHAUMONT'),
('en-US', 'Chaumont', 'FR-CHAUMONT'),
('fr-FR', 'Gap', 'FR-GAP'),
('es-ES', 'Gap', 'FR-GAP'),
('pt-PT', 'Gap', 'FR-GAP'),
('en-US', 'Gap', 'FR-GAP'),
('de-DE', 'Gap', 'FR-GAP'),
('fr-FR', 'Vesoul', 'FR-VESOUL'),
('es-ES', 'Vesoul', 'FR-VESOUL'),
('de-DE', 'Vesoul', 'FR-VESOUL'),
('en-US', 'Vesoul', 'FR-VESOUL'),
('pt-PT', 'Vesoul', 'FR-VESOUL'),
('de-DE', 'Annecy', 'FR-ANNECY'),
('en-US', 'Annecy', 'FR-ANNECY'),
('es-ES', 'Annecy', 'FR-ANNECY'),
('pt-PT', 'Annecy', 'FR-ANNECY'),
('fr-FR', 'Annecy', 'FR-ANNECY'),
('es-ES', 'Tarbes', 'FR-TARBES'),
('en-US', 'Tarbes', 'FR-TARBES'),
('fr-FR', 'Tarbes', 'FR-TARBES'),
('pt-PT', 'Tarbes', 'FR-TARBES'),
('de-DE', 'Tarbes', 'FR-TARBES'),
('fr-FR', 'Limoges', 'FR-LIMOGES'),
('en-US', 'Limoges', 'FR-LIMOGES'),
('es-ES', 'Limoges', 'FR-LIMOGES'),
('de-DE', 'Limoges', 'FR-LIMOGES'),
('pt-PT', 'Limoges', 'FR-LIMOGES'),
('de-DE', 'Nanterre', 'FR-NANTERRE'),
('en-US', 'Nanterre', 'FR-NANTERRE'),
('es-ES', 'Nanterre', 'FR-NANTERRE'),
('pt-PT', 'Nanterre', 'FR-NANTERRE'),
('fr-FR', 'Nanterre', 'FR-NANTERRE'),
('fr-FR', 'Montpellier', 'FR-MONTPELLIER'),
('es-ES', 'Montpellier', 'FR-MONTPELLIER'),
('de-DE', 'Montpellier', 'FR-MONTPELLIER'),
('en-US', 'Montpellier', 'FR-MONTPELLIER'),
('pt-PT', 'Montpellier', 'FR-MONTPELLIER'),
('de-DE', 'Rennes', 'FR-RENNES'),
('en-US', 'Rennes', 'FR-RENNES'),
('fr-FR', 'Rennes', 'FR-RENNES'),
('es-ES', 'Rennes', 'FR-RENNES'),
('pt-PT', 'Rennes', 'FR-RENNES'),
('en-US', 'Châteauroux', 'FR-CHATEAUROUX'),
('es-ES', 'Châteauroux', 'FR-CHATEAUROUX'),
('pt-PT', 'Châteauroux', 'FR-CHATEAUROUX'),
('fr-FR', 'Châteauroux', 'FR-CHATEAUROUX'),
('de-DE', 'Châteauroux', 'FR-CHATEAUROUX'),
('fr-FR', 'Tours', 'FR-TOURS'),
('de-DE', 'Tours', 'FR-TOURS'),
('en-US', 'Tours', 'FR-TOURS'),
('es-ES', 'Tours', 'FR-TOURS'),
('pt-PT', 'Tours', 'FR-TOURS'),
('fr-FR', 'Grenoble', 'FR-GRENOBLE'),
('pt-PT', 'Grenoble', 'FR-GRENOBLE'),
('en-US', 'Grenoble', 'FR-GRENOBLE'),
('de-DE', 'Grenoble', 'FR-GRENOBLE'),
('es-ES', 'Grenoble', 'FR-GRENOBLE'),
('en-US', 'Lons-le-Saunier', 'FR-LONS-LE-SAUNIER'),
('fr-FR', 'Lons-le-Saunier', 'FR-LONS-LE-SAUNIER'),
('de-DE', 'Lons-le-Saunier', 'FR-LONS-LE-SAUNIER'),
('pt-PT', 'Lons-le-Saunier', 'FR-LONS-LE-SAUNIER'),
('es-ES', 'Lons-le-Saunier', 'FR-LONS-LE-SAUNIER'),
('de-DE', 'Mont-de-Marsan', 'FR-MONT-DE-MARSAN'),
('es-ES', 'Mont-de-Marsan', 'FR-MONT-DE-MARSAN'),
('fr-FR', 'Mont-de-Marsan', 'FR-MONT-DE-MARSAN'),
('en-US', 'Mont-de-Marsan', 'FR-MONT-DE-MARSAN'),
('pt-PT', 'Mont-de-Marsan', 'FR-MONT-DE-MARSAN'),
('fr-FR', 'Saint-Étienne', 'FR-SAINT-ETIENNE'),
('es-ES', 'Saint-Étienne', 'FR-SAINT-ETIENNE'),
('de-DE', 'Saint-Étienne', 'FR-SAINT-ETIENNE'),
('en-US', 'Saint-Étienne', 'FR-SAINT-ETIENNE'),
('pt-PT', 'Saint-Étienne', 'FR-SAINT-ETIENNE'),
('pt-PT', 'Nantes', 'FR-NANTES'),
('fr-FR', 'Nantes', 'FR-NANTES'),
('es-ES', 'Nantes', 'FR-NANTES'),
('en-US', 'Nantes', 'FR-NANTES'),
('de-DE', 'Nantes', 'FR-NANTES'),
('en-US', 'Orléans', 'FR-ORLEANS'),
('de-DE', 'Orléans', 'FR-ORLEANS'),
('fr-FR', 'Orléans', 'FR-ORLEANS'),
('pt-PT', 'Orléans', 'FR-ORLEANS'),
('es-ES', 'Orléans', 'FR-ORLEANS'),
('fr-FR', 'Blois', 'FR-BLOIS'),
('pt-PT', 'Blois', 'FR-BLOIS'),
('en-US', 'Blois', 'FR-BLOIS'),
('de-DE', 'Blois', 'FR-BLOIS'),
('es-ES', 'Blois', 'FR-BLOIS'),
('fr-FR', 'Cahors', 'FR-CAHORS'),
('de-DE', 'Cahors', 'FR-CAHORS'),
('es-ES', 'Cahors', 'FR-CAHORS'),
('pt-PT', 'Cahors', 'FR-CAHORS'),
('en-US', 'Cahors', 'FR-CAHORS'),
('es-ES', 'Agen', 'FR-AGEN'),
('de-DE', 'Agen', 'FR-AGEN'),
('en-US', 'Agen', 'FR-AGEN'),
('pt-PT', 'Agen', 'FR-AGEN'),
('fr-FR', 'Agen', 'FR-AGEN'),
('de-DE', 'Mende', 'FR-MENDE'),
('fr-FR', 'Mende', 'FR-MENDE'),
('es-ES', 'Mende', 'FR-MENDE'),
('pt-PT', 'Mende', 'FR-MENDE'),
('en-US', 'Mende', 'FR-MENDE'),
('es-ES', 'Angers', 'FR-ANGERS'),
('en-US', 'Angers', 'FR-ANGERS'),
('de-DE', 'Angers', 'FR-ANGERS'),
('fr-FR', 'Angers', 'FR-ANGERS'),
('pt-PT', 'Angers', 'FR-ANGERS'),
('fr-FR', 'Saint-Lô', 'FR-SAINT-LO'),
('es-ES', 'Saint-Lô', 'FR-SAINT-LO'),
('pt-PT', 'Saint-Lô', 'FR-SAINT-LO'),
('en-US', 'Saint-Lô', 'FR-SAINT-LO'),
('de-DE', 'Saint-Lô', 'FR-SAINT-LO'),
('en-US', 'Châlons-en-Champagne', 'FR-CHALONS-EN-CHAMPAGNE'),
('de-DE', 'Châlons-en-Champagne', 'FR-CHALONS-EN-CHAMPAGNE'),
('fr-FR', 'Châlons-en-Champagne', 'FR-CHALONS-EN-CHAMPAGNE'),
('pt-PT', 'Châlons-en-Champagne', 'FR-CHALONS-EN-CHAMPAGNE'),
('es-ES', 'Châlons-en-Champagne', 'FR-CHALONS-EN-CHAMPAGNE'),
('pt-PT', 'Fort-de-France', 'FR-FORT-DE-FRANCE'),
('es-ES', 'Fort-de-France', 'FR-FORT-DE-FRANCE'),
('de-DE', 'Fort-de-France', 'FR-FORT-DE-FRANCE'),
('en-US', 'Fort-de-France', 'FR-FORT-DE-FRANCE'),
('fr-FR', 'Fort-de-France', 'FR-FORT-DE-FRANCE'),
('fr-FR', 'Paris', 'FR-PARIS'),
('es-ES', 'París', 'FR-PARIS'),
('en-US', 'Paris', 'FR-PARIS'),
('de-DE', 'Paris', 'FR-PARIS'),
('pt-PT', 'Paris', 'FR-PARIS'),
('fr-FR', 'Laval', 'FR-LAVAL'),
('pt-PT', 'Laval', 'FR-LAVAL'),
('de-DE', 'Laval', 'FR-LAVAL'),
('en-US', 'Laval', 'FR-LAVAL'),
('es-ES', 'Laval', 'FR-LAVAL'),
('es-ES', 'Dzaoudzi', 'FR-DZAOUDZI'),
('pt-PT', 'Dzaoudzi', 'FR-DZAOUDZI'),
('en-US', 'Dzaoudzi', 'FR-DZAOUDZI'),
('fr-FR', 'Dzaoudzi', 'FR-DZAOUDZI'),
('de-DE', 'Dzaoudzi', 'FR-DZAOUDZI'),
('pt-PT', 'Nancy', 'FR-NANCY'),
('fr-FR', 'Nancy', 'FR-NANCY'),
('en-US', 'Nancy', 'FR-NANCY'),
('es-ES', 'Nancy', 'FR-NANCY'),
('de-DE', 'Nancy', 'FR-NANCY'),
('en-US', 'Bar-le-Duc', 'FR-BAR-LE-DUC'),
('fr-FR', 'Bar-le-Duc', 'FR-BAR-LE-DUC'),
('es-ES', 'Bar-le-Duc', 'FR-BAR-LE-DUC'),
('de-DE', 'Bar-le-Duc', 'FR-BAR-LE-DUC'),
('pt-PT', 'Bar-le-Duc', 'FR-BAR-LE-DUC'),
('fr-FR', 'Vannes', 'FR-VANNES'),
('en-US', 'Vannes', 'FR-VANNES'),
('pt-PT', 'Vannes', 'FR-VANNES'),
('de-DE', 'Vannes', 'FR-VANNES'),
('es-ES', 'Vannes', 'FR-VANNES'),
('fr-FR', 'Metz', 'FR-METZ'),
('es-ES', 'Metz', 'FR-METZ'),
('pt-PT', 'Metz', 'FR-METZ'),
('en-US', 'Metz', 'FR-METZ'),
('de-DE', 'Metz', 'FR-METZ'),
('en-US', 'Nevers', 'FR-NEVERS'),
('fr-FR', 'Nevers', 'FR-NEVERS'),
('de-DE', 'Nevers', 'FR-NEVERS'),
('es-ES', 'Nevers', 'FR-NEVERS'),
('pt-PT', 'Nevers', 'FR-NEVERS'),
('en-US', 'Lille', 'FR-LILLE'),
('pt-PT', 'Lille', 'FR-LILLE'),
('es-ES', 'Lille', 'FR-LILLE'),
('de-DE', 'Lille', 'FR-LILLE'),
('fr-FR', 'Lille', 'FR-LILLE'),
('en-US', 'Beauvais', 'FR-BEAUVAIS'),
('es-ES', 'Beauvais', 'FR-BEAUVAIS'),
('de-DE', 'Beauvais', 'FR-BEAUVAIS'),
('fr-FR', 'Beauvais', 'FR-BEAUVAIS'),
('pt-PT', 'Beauvais', 'FR-BEAUVAIS'),
('en-US', 'Alençon', 'FR-ALENCON'),
('fr-FR', 'Alençon', 'FR-ALENCON'),
('de-DE', 'Alençon', 'FR-ALENCON'),
('pt-PT', 'Alençon', 'FR-ALENCON'),
('es-ES', 'Alençon', 'FR-ALENCON'),
('es-ES', 'Arras', 'FR-ARRAS'),
('de-DE', 'Arras', 'FR-ARRAS'),
('en-US', 'Arras', 'FR-ARRAS'),
('fr-FR', 'Arras', 'FR-ARRAS'),
('pt-PT', 'Arrás', 'FR-ARRAS'),
('pt-PT', 'Clermont-Ferrand', 'FR-CLERMONT-FERRAND'),
('fr-FR', 'Clermont-Ferrand', 'FR-CLERMONT-FERRAND'),
('en-US', 'Clermont-Ferrand', 'FR-CLERMONT-FERRAND'),
('de-DE', 'Clermont-Ferrand', 'FR-CLERMONT-FERRAND'),
('es-ES', 'Clermont-Ferrand', 'FR-CLERMONT-FERRAND'),
('de-DE', 'Pau', 'FR-PAU'),
('fr-FR', 'Pau', 'FR-PAU'),
('es-ES', 'Pau', 'FR-PAU'),
('en-US', 'Pau', 'FR-PAU'),
('pt-PT', 'Pau', 'FR-PAU'),
('en-US', 'Perpignan', 'FR-PERPIGNAN'),
('de-DE', 'Perpignan', 'FR-PERPIGNAN'),
('es-ES', 'Perpiñán', 'FR-PERPIGNAN'),
('pt-PT', 'Perpinhã', 'FR-PERPIGNAN'),
('fr-FR', 'Perpignan', 'FR-PERPIGNAN'),
('fr-FR', 'Strasbourg', 'FR-STRASBOURG'),
('de-DE', 'Straßburg', 'FR-STRASBOURG'),
('de-DE', 'Strasbourg', 'FR-STRASBOURG'),
('es-ES', 'Estrasburgo', 'FR-STRASBOURG'),
('en-US', 'Strasbourg', 'FR-STRASBOURG'),
('pt-PT', 'Estrasburgo', 'FR-STRASBOURG'),
('fr-FR', 'Colmar', 'FR-COLMAR'),
('pt-PT', 'Colmar', 'FR-COLMAR'),
('es-ES', 'Colmar', 'FR-COLMAR'),
('en-US', 'Colmar', 'FR-COLMAR'),
('de-DE', 'Colmar', 'FR-COLMAR'),
('de-DE', 'Saint-Denis', 'FR-SAINT-DENIS'),
('en-US', 'Saint-Denis', 'FR-SAINT-DENIS'),
('es-ES', 'Saint-Denis', 'FR-SAINT-DENIS'),
('pt-PT', 'Saint-Denis', 'FR-SAINT-DENIS'),
('fr-FR', 'Saint-Denis', 'FR-SAINT-DENIS'),
('de-DE', 'Lyon', 'FR-LYON'),
('fr-FR', 'Lyon', 'FR-LYON'),
('pt-PT', 'Lyon', 'FR-LYON'),
('es-ES', 'Lyon', 'FR-LYON'),
('en-US', 'Lyon', 'FR-LYON'),
('de-DE', 'Mâcon', 'FR-MACON'),
('en-US', 'Mâcon', 'FR-MACON'),
('es-ES', 'Mâcon', 'FR-MACON'),
('pt-PT', 'Mâcon', 'FR-MACON'),
('fr-FR', 'Mâcon', 'FR-MACON'),
('de-DE', 'Le Mans', 'FR-LE-MANS'),
('es-ES', 'Le Mans', 'FR-LE-MANS'),
('pt-PT', 'Le Mans', 'FR-LE-MANS'),
('fr-FR', 'Le Mans', 'FR-LE-MANS'),
('en-US', 'Le Mans', 'FR-LE-MANS'),
('de-DE', 'Chambéry', 'FR-CHAMBERY'),
('es-ES', 'Chambéry', 'FR-CHAMBERY'),
('en-US', 'Chambéry', 'FR-CHAMBERY'),
('pt-PT', 'Chambéry', 'FR-CHAMBERY'),
('fr-FR', 'Chambéry', 'FR-CHAMBERY'),
('fr-FR', 'Melun', 'FR-MELUN'),
('pt-PT', 'Chambéry', 'FR-MELUN'),
('de-DE', 'Chambéry', 'FR-MELUN'),
('en-US', 'Melun', 'FR-MELUN'),
('es-ES', 'Chambéry', 'FR-MELUN'),
('fr-FR', 'Rouen', 'FR-ROUEN'),
('de-DE', 'Chambéry', 'FR-ROUEN'),
('es-ES', 'Chambéry', 'FR-ROUEN'),
('en-US', 'Rouen', 'FR-ROUEN'),
('pt-PT', 'Chambéry', 'FR-ROUEN'),
('de-DE', 'Chambéry', 'FR-BOBIGNY'),
('en-US', 'Bobigny', 'FR-BOBIGNY'),
('pt-PT', 'Chambéry', 'FR-BOBIGNY'),
('fr-FR', 'Bobigny', 'FR-BOBIGNY'),
('es-ES', 'Chambéry', 'FR-BOBIGNY'),
('de-DE', 'Amiens', 'FR-AMIENS'),
('es-ES', 'Amiens', 'FR-AMIENS'),
('en-US', 'Amiens', 'FR-AMIENS'),
('pt-PT', 'Amiens', 'FR-AMIENS'),
('fr-FR', 'Amiens', 'FR-AMIENS'),
('fr-FR', 'Albi', 'FR-ALBI'),
('es-ES', 'Albi', 'FR-ALBI'),
('en-US', 'Albi', 'FR-ALBI'),
('de-DE', 'Albi', 'FR-ALBI'),
('pt-PT', 'Albi', 'FR-ALBI'),
('fr-FR', 'Montauban', 'FR-MONTAUBAN'),
('de-DE', 'Montauban', 'FR-MONTAUBAN'),
('en-US', 'Montauban', 'FR-MONTAUBAN'),
('es-ES', 'Montauban', 'FR-MONTAUBAN'),
('pt-PT', 'Montauban', 'FR-MONTAUBAN'),
('fr-FR', 'Belfort', 'FR-BELFORT'),
('en-US', 'Belfort', 'FR-BELFORT'),
('es-ES', 'Belfort', 'FR-BELFORT'),
('pt-PT', 'Belfort', 'FR-BELFORT'),
('de-DE', 'Belfort', 'FR-BELFORT'),
('es-ES', 'Créteil', 'FR-CRETEIL'),
('pt-PT', 'Créteil', 'FR-CRETEIL'),
('fr-FR', 'Créteil', 'FR-CRETEIL'),
('de-DE', 'Créteil', 'FR-CRETEIL'),
('en-US', 'Créteil', 'FR-CRETEIL'),
('de-DE', 'Pontoise', 'FR-PONTOISE'),
('en-US', 'Pontoise', 'FR-PONTOISE'),
('es-ES', 'Pontoise', 'FR-PONTOISE'),
('pt-PT', 'Pontoise', 'FR-PONTOISE'),
('fr-FR', 'Pontoise', 'FR-PONTOISE'),
('fr-FR', 'Toulon', 'FR-TOULON'),
('es-ES', 'Tolón', 'FR-TOULON'),
('es-ES', 'Toulon', 'FR-TOULON'),
('pt-PT', 'Toulon', 'FR-TOULON'),
('en-US', 'Toulon', 'FR-TOULON'),
('de-DE', 'Toulon', 'FR-TOULON'),
('pt-PT', 'Avignon', 'FR-AVIGNON'),
('fr-FR', 'Avignon', 'FR-AVIGNON'),
('en-US', 'Avignon', 'FR-AVIGNON'),
('de-DE', 'Avignon', 'FR-AVIGNON'),
('es-ES', 'Avignon', 'FR-AVIGNON'),
('fr-FR', 'La Roche-sur-Yon', 'FR-LA-ROCHE-SUR-YON'),
('de-DE', 'La Roche-sur-Yon', 'FR-LA-ROCHE-SUR-YON'),
('en-US', 'La Roche-sur-Yon', 'FR-LA-ROCHE-SUR-YON'),
('pt-PT', 'La Roche-sur-Yon', 'FR-LA-ROCHE-SUR-YON'),
('es-ES', 'La Roche-sur-Yon', 'FR-LA-ROCHE-SUR-YON'),
('en-US', 'Poitiers', 'FR-POITIERS'),
('fr-FR', 'Poitiers', 'FR-POITIERS'),
('pt-PT', 'Poitiers', 'FR-POITIERS'),
('de-DE', 'Poitiers', 'FR-POITIERS'),
('es-ES', 'Poitiers', 'FR-POITIERS'),
('es-ES', 'Épinal', 'FR-EPINAL'),
('fr-FR', 'Épinal', 'FR-EPINAL'),
('pt-PT', 'Épinal', 'FR-EPINAL'),
('en-US', 'Épinal', 'FR-EPINAL'),
('de-DE', 'Épinal', 'FR-EPINAL'),
('es-ES', 'Auxerre', 'FR-AUXERRE'),
('en-US', 'Auxerre', 'FR-AUXERRE'),
('pt-PT', 'Auxerre', 'FR-AUXERRE'),
('de-DE', 'Auxerre', 'FR-AUXERRE'),
('fr-FR', 'Auxerre', 'FR-AUXERRE'),
('fr-FR', 'Versailles', 'FR-VERSAILLES'),
('pt-PT', 'Versalhes', 'FR-VERSAILLES'),
('en-US', 'Versailles', 'FR-VERSAILLES'),
('de-DE', 'Chambéry', 'FR-VERSAILLES'),
('es-ES', 'Versalhes', 'FR-VERSAILLES'),
('de-DE', 'Ain', 'FR-01'),
('es-ES', 'Ain', 'FR-01'),
('fr-FR', 'Ain', 'FR-01'),
('pt-PT', 'Ain', 'FR-01'),
('en-US', 'Ain', 'FR-01'),
('de-DE', 'Aisne', 'FR-02'),
('pt-PT', 'Aisne', 'FR-02'),
('fr-FR', 'Aisne', 'FR-02'),
('es-ES', 'Aisne', 'FR-02'),
('en-US', 'Aisne', 'FR-02'),
('fr-FR', 'Allier', 'FR-03'),
('de-DE', 'Allier', 'FR-03'),
('pt-PT', 'Allier', 'FR-03'),
('en-US', 'Allier', 'FR-03'),
('es-ES', 'Allier', 'FR-03'),
('es-ES', 'Alpes', 'FR-04'),
('fr-FR', 'Alpes-de-Haute-Provence', 'FR-04'),
('de-DE', 'Alpes-de-Haute-Provence', 'FR-04'),
('en-US', 'Alpes-de-Haute-Provence', 'FR-04'),
('pt-PT', 'Alpes da Alta Provença', 'FR-04'),
('pt-PT', 'Alpes Marítimos', 'FR-06'),
('de-DE', 'Alpes-Maritimes', 'FR-06'),
('en-US', 'Alpes-Maritimes', 'FR-06'),
('fr-FR', 'Alpes-Maritimes', 'FR-06'),
('es-ES', 'Alpes-Marítimos', 'FR-06'),
('pt-PT', 'Ardèche', 'FR-07'),
('fr-FR', 'Ardèche', 'FR-07'),
('en-US', 'Ardèche', 'FR-07'),
('de-DE', 'Ardèche', 'FR-07'),
('es-ES', 'Ardèche', 'FR-07'),
('en-US', 'Ardennes', 'FR-08'),
('de-DE', 'Ardennen', 'FR-08'),
('es-ES', 'Ardenas', 'FR-08'),
('pt-PT', 'Ardenas', 'FR-08'),
('fr-FR', 'Ardennes', 'FR-08'),
('fr-FR', 'Ariège', 'FR-09'),
('de-DE', 'Ariège', 'FR-09'),
('en-US', 'Ariège', 'FR-09'),
('pt-PT', 'Ariège', 'FR-09'),
('es-ES', 'Ariège', 'FR-09'),
('de-DE', 'Aube', 'FR-10'),
('fr-FR', 'Aube', 'FR-10'),
('es-ES', 'Aube', 'FR-10'),
('en-US', 'Aube', 'FR-10'),
('pt-PT', 'Aube', 'FR-10'),
('en-US', 'Aude', 'FR-11'),
('pt-PT', 'Aude', 'FR-11'),
('de-DE', 'Aude', 'FR-11'),
('fr-FR', 'Aude', 'FR-11'),
('es-ES', 'Aude', 'FR-11'),
('de-DE', 'Aveyron', 'FR-12'),
('en-US', 'Aveyron', 'FR-12'),
('fr-FR', 'Aveyron', 'FR-12'),
('es-ES', 'Aveyron', 'FR-12'),
('pt-PT', 'Aveyron', 'FR-12'),
('de-DE', 'Bouches-du-Rhône', 'FR-13'),
('es-ES', 'Bocas', 'FR-13'),
('pt-PT', 'Bocas do Ródano', 'FR-13'),
('fr-FR', 'Bouches-du-Rhône', 'FR-13'),
('en-US', 'Bouches-du-Rhône', 'FR-13'),
('fr-FR', 'Calvados', 'FR-14'),
('de-DE', 'Calvados', 'FR-14'),
('pt-PT', 'Calvados', 'FR-14'),
('en-US', 'Calvados', 'FR-14'),
('es-ES', 'Calvados', 'FR-14'),
('pt-PT', 'Cantal', 'FR-15'),
('fr-FR', 'Cantal', 'FR-15'),
('de-DE', 'Cantal', 'FR-15'),
('es-ES', 'Cantal', 'FR-15'),
('en-US', 'Cantal', 'FR-15'),
('de-DE', 'Charente', 'FR-16'),
('en-US', 'Charente', 'FR-16'),
('es-ES', 'Charente', 'FR-16'),
('pt-PT', 'Charente', 'FR-16'),
('fr-FR', 'Charente', 'FR-16'),
('pt-PT', 'Charente Marítimo', 'FR-17'),
('en-US', 'Charente-Maritime', 'FR-17'),
('fr-FR', 'Charente-Maritime', 'FR-17'),
('es-ES', 'Charente', 'FR-17'),
('de-DE', 'Charente-Maritime', 'FR-17'),
('en-US', 'Cher', 'FR-18'),
('pt-PT', 'Cher', 'FR-18'),
('fr-FR', 'Cher', 'FR-18'),
('de-DE', 'Cher', 'FR-18'),
('es-ES', 'Cher', 'FR-18'),
('pt-PT', 'Corrèze', 'FR-19'),
('de-DE', 'Corrèze', 'FR-19'),
('fr-FR', 'Corrèze', 'FR-19'),
('en-US', 'Corrèze', 'FR-19'),
('es-ES', 'Corrèze', 'FR-19'),
('en-US', 'Corse-du-Sud', 'FR-2A'),
('fr-FR', 'Corse-du-Sud', 'FR-2A'),
('de-DE', 'Corse-du-Sud', 'FR-2A'),
('es-ES', 'Córcega', 'FR-2A'),
('pt-PT', 'Córsega do Sul', 'FR-2A'),
('de-DE', 'Côte-d''Or', 'FR-21'),
('en-US', 'Côte-d''Or', 'FR-21'),
('fr-FR', 'Côte-d''Or', 'FR-21'),
('es-ES', 'Côte-d''Or', 'FR-21'),
('pt-PT', 'Côte-d''Or', 'FR-21'),
('es-ES', 'Costas', 'FR-22'),
('fr-FR', 'Côtes-d''Armor', 'FR-22'),
('de-DE', 'Côtes-d''Armor', 'FR-22'),
('en-US', 'Côtes-d''Armor', 'FR-22'),
('pt-PT', 'Côtes-d''Armor', 'FR-22'),
('pt-PT', 'Creuse', 'FR-23'),
('fr-FR', 'Creuse', 'FR-23'),
('de-DE', 'Creuse', 'FR-23'),
('en-US', 'Creuse', 'FR-23'),
('es-ES', 'Creuse', 'FR-23'),
('es-ES', 'Deux-Sèvres', 'FR-79'),
('pt-PT', 'Deux-Sèvres', 'FR-79'),
('de-DE', 'Deux-Sèvres', 'FR-79'),
('en-US', 'Deux-Sèvres', 'FR-79'),
('fr-FR', 'Deux-Sèvres', 'FR-79'),
('fr-FR', 'Dordogne', 'FR-24'),
('de-DE', 'Dordogne', 'FR-24'),
('es-ES', 'Dordoña', 'FR-24'),
('pt-PT', 'Dordonha', 'FR-24'),
('en-US', 'Dordogne', 'FR-24'),
('de-DE', 'Doubs', 'FR-25'),
('es-ES', 'Doubs', 'FR-25'),
('pt-PT', 'Doubs', 'FR-25'),
('en-US', 'Doubs', 'FR-25'),
('fr-FR', 'Doubs', 'FR-25'),
('es-ES', 'Drôme', 'FR-26'),
('de-DE', 'Drôme', 'FR-26'),
('fr-FR', 'Drôme', 'FR-26'),
('en-US', 'Drôme', 'FR-26'),
('pt-PT', 'Drôme', 'FR-26'),
('pt-PT', 'Essonne', 'FR-91'),
('en-US', 'Essonne', 'FR-91'),
('de-DE', 'Essonne', 'FR-91'),
('es-ES', 'Essonne', 'FR-91'),
('fr-FR', 'Essonne', 'FR-91'),
('en-US', 'Eure', 'FR-27'),
('es-ES', 'Eure', 'FR-27'),
('de-DE', 'Eure', 'FR-27'),
('fr-FR', 'Eure', 'FR-27'),
('pt-PT', 'Eure', 'FR-27'),
('es-ES', 'Eure', 'FR-28'),
('pt-PT', 'Eure e Loir', 'FR-28'),
('de-DE', 'Eure-et-Loir', 'FR-28'),
('fr-FR', 'Eure-et-Loir', 'FR-28'),
('en-US', 'Eure-et-Loir', 'FR-28'),
('pt-PT', 'Finistère', 'FR-29'),
('en-US', 'Finistère', 'FR-29'),
('de-DE', 'Finistère', 'FR-29'),
('fr-FR', 'Finistère', 'FR-29'),
('es-ES', 'Finisterre', 'FR-29'),
('pt-PT', 'Guiana', 'FR-973'),
('de-DE', 'Französisch-Guayana', 'FR-973'),
('fr-FR', 'Guyane', 'FR-973'),
('en-US', 'Guyane', 'FR-973'),
('es-ES', 'Guayana Francesa', 'FR-973'),
('es-ES', 'Guyana', 'FR-973'),
('es-ES', 'Gard', 'FR-30'),
('de-DE', 'Gard', 'FR-30'),
('fr-FR', 'Gard', 'FR-30'),
('en-US', 'Gard', 'FR-30'),
('pt-PT', 'Gard', 'FR-30'),
('en-US', 'Gers', 'FR-32'),
('fr-FR', 'Gers', 'FR-32'),
('es-ES', 'Gers', 'FR-32'),
('de-DE', 'Gers', 'FR-32'),
('pt-PT', 'Gers', 'FR-32'),
('en-US', 'Gironde', 'FR-33'),
('fr-FR', 'Gironde', 'FR-33'),
('pt-PT', 'Gironda', 'FR-33'),
('de-DE', 'Gironde', 'FR-33'),
('es-ES', 'Gironda', 'FR-33'),
('en-US', 'Guadeloupe', 'FR-971'),
('pt-PT', 'Guadalupe', 'FR-971'),
('fr-FR', 'Guadeloupe', 'FR-971'),
('de-DE', 'Guadeloupe', 'FR-971'),
('es-ES', 'Guadelupe', 'FR-971'),
('es-ES', 'Alta', 'FR-2B'),
('pt-PT', 'Alta Córsega', 'FR-2B'),
('de-DE', 'Haute-Corse', 'FR-2B'),
('fr-FR', 'Haute-Corse', 'FR-2B'),
('en-US', 'Haute-Corse', 'FR-2B'),
('pt-PT', 'Alto Garona', 'FR-31'),
('de-DE', 'Haute-Garonne', 'FR-31'),
('fr-FR', 'Haute-Garonne', 'FR-31'),
('es-ES', 'Alto', 'FR-31'),
('en-US', 'Haute-Garonne', 'FR-31'),
('en-US', 'Haute-Loire', 'FR-43'),
('fr-FR', 'Haute-Loire', 'FR-43'),
('de-DE', 'Haute-Loire', 'FR-43'),
('es-ES', 'Alto', 'FR-43'),
('pt-PT', 'Alto Loire', 'FR-43'),
('pt-PT', 'Alto Marne', 'FR-52'),
('en-US', 'Haute-Marne', 'FR-52'),
('es-ES', 'Alto', 'FR-52'),
('fr-FR', 'Haute-Marne', 'FR-52'),
('de-DE', 'Haute-Marne', 'FR-52'),
('de-DE', 'Hautes-Alpes', 'FR-05'),
('en-US', 'Hautes-Alpes', 'FR-05'),
('fr-FR', 'Hautes-Alpes', 'FR-05'),
('pt-PT', 'Altos Alpes', 'FR-05'),
('es-ES', 'Altos', 'FR-05'),
('pt-PT', 'Alto Sona', 'FR-70'),
('es-ES', 'Alto', 'FR-70'),
('fr-FR', 'Haute-Saône', 'FR-70'),
('de-DE', 'Haute-Saône', 'FR-70'),
('en-US', 'Haute-Saône', 'FR-70'),
('pt-PT', 'Alta Saboia', 'FR-74'),
('de-DE', 'Haute-Savoie', 'FR-74'),
('es-ES', 'Alta', 'FR-74'),
('fr-FR', 'Haute-Savoie', 'FR-74'),
('en-US', 'Haute-Savoie', 'FR-74'),
('de-DE', 'Hautes-Pyrénées', 'FR-65'),
('en-US', 'Hautes-Pyrénées', 'FR-65'),
('es-ES', 'Altos', 'FR-65'),
('pt-PT', 'Altos Pirenéus', 'FR-65'),
('fr-FR', 'Hautes-Pyrénées', 'FR-65'),
('fr-FR', 'Haute-Vienne', 'FR-87'),
('es-ES', 'Alto', 'FR-87'),
('en-US', 'Haute-Vienne', 'FR-87'),
('de-DE', 'Haute-Vienne', 'FR-87'),
('pt-PT', 'Alto Vienne', 'FR-87'),
('de-DE', 'Hauts-de-Seine', 'FR-92'),
('pt-PT', 'Altos do Sena', 'FR-92'),
('es-ES', 'Altos', 'FR-92'),
('en-US', 'Hauts-de-Seine', 'FR-92'),
('fr-FR', 'Hauts-de-Seine', 'FR-92'),
('en-US', 'Hérault', 'FR-34'),
('es-ES', 'Hérault', 'FR-34'),
('fr-FR', 'Hérault', 'FR-34'),
('de-DE', 'Hérault', 'FR-34'),
('pt-PT', 'Hérault', 'FR-34'),
('en-US', 'Ille-et-Vilaine', 'FR-35'),
('de-DE', 'Ille-et-Vilaine', 'FR-35'),
('fr-FR', 'Ille-et-Vilaine', 'FR-35'),
('es-ES', 'Ille', 'FR-35'),
('pt-PT', 'Ille e Vilaine', 'FR-35'),
('en-US', 'Indre', 'FR-36'),
('pt-PT', 'Indre', 'FR-36'),
('es-ES', 'Indre', 'FR-36'),
('de-DE', 'Indre', 'FR-36'),
('fr-FR', 'Indre', 'FR-36'),
('en-US', 'Indre-et-Loire', 'FR-37'),
('pt-PT', 'Indre e Loire', 'FR-37'),
('es-ES', 'Indre', 'FR-37'),
('fr-FR', 'Indre-et-Loire', 'FR-37'),
('de-DE', 'Indre-et-Loire', 'FR-37'),
('en-US', 'Isère', 'FR-38'),
('de-DE', 'Isère', 'FR-38'),
('pt-PT', 'Isère', 'FR-38'),
('fr-FR', 'Isère', 'FR-38'),
('es-ES', 'Isère', 'FR-38'),
('en-US', 'Jura', 'FR-39'),
('fr-FR', 'Jura', 'FR-39'),
('de-DE', 'Jura', 'FR-39'),
('es-ES', 'Jura', 'FR-39'),
('pt-PT', 'Jura', 'FR-39'),
('es-ES', 'Landas', 'FR-40'),
('de-DE', 'Landes', 'FR-40'),
('en-US', 'Landes', 'FR-40'),
('fr-FR', 'Landes', 'FR-40'),
('pt-PT', 'Landes', 'FR-40'),
('de-DE', 'Loire', 'FR-42'),
('en-US', 'Loire', 'FR-42'),
('fr-FR', 'Loire', 'FR-42'),
('es-ES', 'Loira', 'FR-42'),
('pt-PT', 'Loire', 'FR-42'),
('fr-FR', 'Loire-Atlantique', 'FR-44'),
('de-DE', 'Loire-Atlantique', 'FR-44'),
('es-ES', 'Loira', 'FR-44'),
('pt-PT', 'Loire Atlântico', 'FR-44'),
('en-US', 'Loire-Atlantique', 'FR-44'),
('pt-PT', 'Loiret', 'FR-45'),
('es-ES', 'Loiret', 'FR-45'),
('en-US', 'Loiret', 'FR-45'),
('de-DE', 'Loiret', 'FR-45'),
('fr-FR', 'Loiret', 'FR-45'),
('fr-FR', 'Loir-et-Cher', 'FR-41'),
('es-ES', 'Loir', 'FR-41'),
('pt-PT', 'Loir e Cher', 'FR-41'),
('en-US', 'Loir-et-Cher', 'FR-41'),
('de-DE', 'Loir-et-Cher', 'FR-41'),
('es-ES', 'Lot', 'FR-46'),
('en-US', 'Lot', 'FR-46'),
('de-DE', 'Lot', 'FR-46'),
('fr-FR', 'Lot', 'FR-46'),
('pt-PT', 'Lot', 'FR-46'),
('pt-PT', 'Lot e Garona', 'FR-47'),
('de-DE', 'Lot-et-Garonne', 'FR-47'),
('en-US', 'Lot-et-Garonne', 'FR-47'),
('fr-FR', 'Lot-et-Garonne', 'FR-47'),
('es-ES', 'Lot', 'FR-47'),
('pt-PT', 'Lozère', 'FR-48'),
('en-US', 'Lozère', 'FR-48'),
('es-ES', 'Lozère', 'FR-48'),
('de-DE', 'Lozère', 'FR-48'),
('fr-FR', 'Lozère', 'FR-48'),
('en-US', 'Maine-et-Loire', 'FR-49'),
('pt-PT', 'Maine e Loire', 'FR-49'),
('es-ES', 'Maine', 'FR-49'),
('fr-FR', 'Maine-et-Loire', 'FR-49'),
('de-DE', 'Maine-et-Loire', 'FR-49'),
('de-DE', 'Manche', 'FR-50'),
('fr-FR', 'Manche', 'FR-50'),
('en-US', 'Manche', 'FR-50'),
('pt-PT', 'Mancha', 'FR-50'),
('es-ES', 'Mancha', 'FR-50'),
('de-DE', 'Marne', 'FR-51'),
('pt-PT', 'Marne', 'FR-51'),
('es-ES', 'Marne', 'FR-51'),
('en-US', 'Marne', 'FR-51'),
('fr-FR', 'Marne', 'FR-51'),
('de-DE', 'Martinique', 'FR-972'),
('pt-PT', 'Martinica', 'FR-972'),
('fr-FR', 'Martinique', 'FR-972'),
('es-ES', 'Martinica', 'FR-972'),
('en-US', 'Martinique', 'FR-972'),
('pt-PT', 'Paris', 'FR-75'),
('en-US', 'Paris', 'FR-75'),
('fr-FR', 'Paris', 'FR-75'),
('es-ES', 'París', 'FR-75'),
('de-DE', 'Paris', 'FR-75'),
('fr-FR', 'Mayenne', 'FR-53'),
('es-ES', 'Mayenne', 'FR-53'),
('de-DE', 'Mayenne', 'FR-53'),
('pt-PT', 'Mayenne', 'FR-53'),
('en-US', 'Mayenne', 'FR-53'),
('pt-PT', 'Maiote', 'FR-976'),
('de-DE', 'Mayotte', 'FR-976'),
('fr-FR', 'Mayotte', 'FR-976'),
('en-US', 'Mayotte', 'FR-976'),
('es-ES', 'Mayotte', 'FR-976'),
('de-DE', 'Meurthe-et-Moselle', 'FR-54'),
('en-US', 'Meurthe-et-Moselle', 'FR-54'),
('fr-FR', 'Meurthe-et-Moselle', 'FR-54'),
('es-ES', 'Meurthe', 'FR-54'),
('pt-PT', 'Meurthe e Mosela', 'FR-54'),
('en-US', 'Meuse', 'FR-55'),
('pt-PT', 'Mosa', 'FR-55'),
('es-ES', 'Mosa', 'FR-55'),
('fr-FR', 'Meuse', 'FR-55'),
('de-DE', 'Meuse', 'FR-55'),
('fr-FR', 'Morbihan', 'FR-56'),
('en-US', 'Morbihan', 'FR-56'),
('es-ES', 'Morbihan', 'FR-56'),
('pt-PT', 'Morbihan', 'FR-56'),
('de-DE', 'Morbihan', 'FR-56'),
('pt-PT', 'Mosela', 'FR-57'),
('fr-FR', 'Moselle', 'FR-57'),
('de-DE', 'Moselle', 'FR-57'),
('en-US', 'Moselle', 'FR-57'),
('es-ES', 'Mosela', 'FR-57'),
('pt-PT', 'Nièvre', 'FR-58'),
('en-US', 'Nièvre', 'FR-58'),
('de-DE', 'Nièvre', 'FR-58'),
('es-ES', 'Nièvre', 'FR-58'),
('fr-FR', 'Nièvre', 'FR-58'),
('de-DE', 'Nord', 'FR-59'),
('pt-PT', 'Norte', 'FR-59'),
('fr-FR', 'Nord', 'FR-59'),
('en-US', 'Nord', 'FR-59'),
('es-ES', 'Norte', 'FR-59'),
('de-DE', 'Oise', 'FR-60'),
('en-US', 'Oise', 'FR-60'),
('pt-PT', 'Oise', 'FR-60'),
('fr-FR', 'Oise', 'FR-60'),
('es-ES', 'Oise', 'FR-60'),
('de-DE', 'Orne', 'FR-61'),
('es-ES', 'Orne', 'FR-61'),
('pt-PT', 'Orne', 'FR-61'),
('en-US', 'Orne', 'FR-61'),
('fr-FR', 'Orne', 'FR-61'),
('de-DE', 'Pas-de-Calais', 'FR-62'),
('pt-PT', 'Pas-de-Calais', 'FR-62'),
('en-US', 'Pas-de-Calais', 'FR-62'),
('es-ES', 'Paso', 'FR-62'),
('fr-FR', 'Pas-de-Calais', 'FR-62'),
('en-US', 'Puy-de-Dôme', 'FR-63'),
('fr-FR', 'Puy-de-Dôme', 'FR-63'),
('de-DE', 'Puy-de-Dôme', 'FR-63'),
('es-ES', 'Puy-de-Dôme', 'FR-63'),
('pt-PT', 'Puy-de-Dôme', 'FR-63'),
('fr-FR', 'Pyrénées-Atlantiques', 'FR-64'),
('es-ES', 'Pirineos', 'FR-64'),
('pt-PT', 'Pirenéus Atlânticos', 'FR-64'),
('de-DE', 'Pyrénées-Atlantiques', 'FR-64'),
('en-US', 'Pyrénées-Atlantiques', 'FR-64'),
('es-ES', 'Pirineos', 'FR-66'),
('de-DE', 'Pyrénées-Orientales', 'FR-66'),
('en-US', 'Pyrénées-Orientales', 'FR-66'),
('fr-FR', 'Pyrénées-Orientales', 'FR-66'),
('pt-PT', 'Pirenéus Orientais', 'FR-66'),
('de-DE', 'Bas-Rhin', 'FR-67'),
('en-US', 'Bas-Rhin', 'FR-67'),
('fr-FR', 'Bas-Rhin', 'FR-67'),
('es-ES', 'Bajo', 'FR-67'),
('pt-PT', 'Baixo Reno', 'FR-67'),
('en-US', 'Haut-Rhin', 'FR-68'),
('de-DE', 'Haut-Rhin', 'FR-68'),
('pt-PT', 'Alto Reno', 'FR-68'),
('es-ES', 'Alto', 'FR-68'),
('fr-FR', 'Haut-Rhin', 'FR-68'),
('en-US', 'La Réunion', 'FR-974'),
('de-DE', 'Réunion', 'FR-974'),
('pt-PT', 'Reunião', 'FR-974'),
('es-ES', 'Reunión', 'FR-974'),
('fr-FR', 'La Réunion', 'FR-974'),
('fr-FR', 'Rhône', 'FR-69'),
('en-US', 'Rhône', 'FR-69'),
('de-DE', 'Rhône', 'FR-69'),
('es-ES', 'Ródano', 'FR-69'),
('pt-PT', 'Ródano', 'FR-69'),
('pt-PT', 'Sona e Loire', 'FR-71'),
('en-US', 'Saône-et-Loire', 'FR-71'),
('de-DE', 'Saône-et-Loire', 'FR-71'),
('fr-FR', 'Saône-et-Loire', 'FR-71'),
('es-ES', 'Saona', 'FR-71'),
('es-ES', 'Sarthe', 'FR-72'),
('fr-FR', 'Sarthe', 'FR-72'),
('pt-PT', 'Sarthe', 'FR-72'),
('de-DE', 'Sarthe', 'FR-72'),
('en-US', 'Sarthe', 'FR-72'),
('pt-PT', 'Saboia', 'FR-73'),
('es-ES', 'Saboya', 'FR-73'),
('de-DE', 'Savoie', 'FR-73'),
('en-US', 'Savoie', 'FR-73'),
('fr-FR', 'Savoie', 'FR-73'),
('de-DE', 'Seine-et-Marne', 'FR-77'),
('en-US', 'Seine-et-Marne', 'FR-77'),
('fr-FR', 'Seine-et-Marne', 'FR-77'),
('pt-PT', 'Sena e Marne', 'FR-77'),
('es-ES', 'Sena', 'FR-77'),
('fr-FR', 'Seine-Maritime', 'FR-76'),
('en-US', 'Seine-Maritime', 'FR-76'),
('de-DE', 'Seine-Maritime', 'FR-76'),
('es-ES', 'Sena', 'FR-76'),
('pt-PT', 'Sena Marítimo', 'FR-76'),
('fr-FR', 'Seine-Saint-Denis', 'FR-93'),
('en-US', 'Seine-Saint-Denis', 'FR-93'),
('de-DE', 'Seine-Saint-Denis', 'FR-93'),
('pt-PT', 'Sena-Saint-Denis', 'FR-93'),
('es-ES', 'Sena-San', 'FR-93'),
('de-DE', 'Somme', 'FR-80'),
('en-US', 'Somme', 'FR-80'),
('pt-PT', 'Somme', 'FR-80'),
('es-ES', 'Somme', 'FR-80'),
('fr-FR', 'Somme', 'FR-80'),
('fr-FR', 'Tarn', 'FR-81'),
('es-ES', 'Tarn', 'FR-81'),
('pt-PT', 'Tarn', 'FR-81'),
('en-US', 'Tarn', 'FR-81'),
('de-DE', 'Tarn', 'FR-81'),
('pt-PT', 'Tarn e Garona', 'FR-82'),
('en-US', 'Tarn-et-Garonne', 'FR-82'),
('fr-FR', 'Tarn-et-Garonne', 'FR-82'),
('de-DE', 'Tarn-et-Garonne', 'FR-82'),
('es-ES', 'Tarn', 'FR-82'),
('en-US', 'Territoire de Belfort', 'FR-90'),
('es-ES', 'Territorio de Belfort', 'FR-90'),
('fr-FR', 'Territoire de Belfort', 'FR-90'),
('de-DE', 'Territoire', 'FR-90'),
('pt-PT', 'Território de Belfort', 'FR-90'),
('de-DE', 'Val-de-Marne', 'FR-94'),
('en-US', 'Val-de-Marne', 'FR-94'),
('pt-PT', 'Vale do Marne', 'FR-94'),
('fr-FR', 'Val-de-Marne', 'FR-94'),
('es-ES', 'Valle', 'FR-94'),
('en-US', 'Val-d''Oise', 'FR-95'),
('es-ES', 'Valle', 'FR-95'),
('fr-FR', 'Val-d''Oise', 'FR-95'),
('de-DE', 'Val-d''Oise', 'FR-95'),
('pt-PT', 'Val-d''Oise', 'FR-95'),
('fr-FR', 'Var', 'FR-83'),
('es-ES', 'Var', 'FR-83'),
('de-DE', 'Var', 'FR-83'),
('en-US', 'Var', 'FR-83'),
('pt-PT', 'Var', 'FR-83'),
('pt-PT', 'Vaucluse', 'FR-84'),
('de-DE', 'Vaucluse', 'FR-84'),
('es-ES', 'Vaucluse', 'FR-84'),
('en-US', 'Vaucluse', 'FR-84'),
('fr-FR', 'Vaucluse', 'FR-84'),
('fr-FR', 'Vendée', 'FR-85'),
('pt-PT', 'Vendeia', 'FR-85'),
('de-DE', 'Vendée', 'FR-85'),
('en-US', 'Vendée', 'FR-85'),
('es-ES', 'Vandea', 'FR-85'),
('en-US', 'Vienne', 'FR-86'),
('de-DE', 'Vienne', 'FR-86'),
('es-ES', 'Vienne', 'FR-86'),
('fr-FR', 'Vienne', 'FR-86'),
('pt-PT', 'Vienne', 'FR-86'),
('fr-FR', 'Vosges', 'FR-88'),
('es-ES', 'Vosgos', 'FR-88'),
('de-DE', 'Vosges', 'FR-88'),
('en-US', 'Vosges', 'FR-88'),
('pt-PT', 'Vosges', 'FR-88'),
('fr-FR', 'Yonne', 'FR-89'),
('pt-PT', 'Yonne', 'FR-89'),
('de-DE', 'Yonne', 'FR-89'),
('es-ES', 'Yonne', 'FR-89'),
('en-US', 'Yonne', 'FR-89'),
('en-US', 'Yvelines', 'FR-78'),
('pt-PT', 'Yvelines', 'FR-78'),
('fr-FR', 'Yvelines', 'FR-78'),
('de-DE', 'Yvelines', 'FR-78'),
('es-ES', 'Yvelines', 'FR-78'),
('fr-FR', 'Auvergne-Rhône-Alpes', 'FR-ARA'),
('en-US', 'Auvergne-Rhône-Alpes', 'FR-ARA'),
('es-ES', 'Auvernia-Ródano-Alpes', 'FR-ARA'),
('pt-PT', 'Auvergne-Ródano-Alpes', 'FR-ARA'),
('de-DE', 'Auvergne-Rhône-Alpes', 'FR-ARA'),
('en-US', 'Burgundy-Franche-Comté', 'FR-BFC'),
('fr-FR', 'Bourgogne-Franche-Comté', 'FR-BFC'),
('es-ES', 'Borgoña-Franco Condado', 'FR-BFC'),
('de-DE', 'Burgund-Franche-Comté', 'FR-BFC'),
('pt-PT', 'Borgonha-Franco-Condado', 'FR-BFC'),
('pt-PT', 'Bretanha', 'FR-BRE'),
('fr-FR', 'Bretagne', 'FR-BRE'),
('de-DE', 'Bretagne', 'FR-BRE'),
('en-US', 'Brittany', 'FR-BRE'),
('es-ES', 'Bretaña', 'FR-BRE'),
('es-ES', 'Centro-Valle de Loira', 'FR-CVL'),
('en-US', 'Centre-Val de Loire', 'FR-CVL'),
('fr-FR', 'Centre-Val de Loire', 'FR-CVL'),
('pt-PT', 'Centro-Vale do Loire', 'FR-CVL'),
('de-DE', 'Centre-Val de Loire', 'FR-CVL'),
('es-ES', 'Córcega', 'FR-20R'),
('de-DE', 'Korsika', 'FR-20R'),
('en-US', 'Corsica', 'FR-20R'),
('fr-FR', 'Corse', 'FR-20R'),
('pt-PT', 'Córsega', 'FR-20R'),
('fr-FR', 'Grand Est', 'FR-GES'),
('en-US', 'Grand Est', 'FR-GES'),
('es-ES', 'Gran Este', 'FR-GES'),
('pt-PT', 'Grande Leste', 'FR-GES'),
('de-DE', 'Grand Est', 'FR-GES'),
('de-DE', 'Hauts-de-France', 'FR-HDF'),
('fr-FR', 'Hauts-de-France', 'FR-HDF'),
('en-US', 'Hauts-de-France', 'FR-HDF'),
('pt-PT', 'Alto da França', 'FR-HDF'),
('es-ES', 'Altos de Francia', 'FR-HDF'),
('en-US', 'Île-de-France', 'FR-IDF'),
('de-DE', 'Île-de-France', 'FR-IDF'),
('es-ES', 'Isla de Francia', 'FR-IDF'),
('fr-FR', 'Île-de-France', 'FR-IDF'),
('pt-PT', 'Ilha de França', 'FR-IDF'),
('de-DE', 'Normandie', 'FR-NOR'),
('pt-PT', 'Normandia', 'FR-NOR'),
('fr-FR', 'Normandie', 'FR-NOR'),
('es-ES', 'Normandía', 'FR-NOR'),
('en-US', 'Normandy', 'FR-NOR'),
('de-DE', 'Nouvelle-Aquitaine', 'FR-NAQ'),
('fr-FR', 'Nouvelle-Aquitaine', 'FR-NAQ'),
('en-US', 'Nouvelle-Aquitaine', 'FR-NAQ'),
('es-ES', 'Nueva Aquitania', 'FR-NAQ'),
('pt-PT', 'Nova Aquitânia', 'FR-NAQ'),
('de-DE', 'Okzitanien', 'FR-OCC'),
('es-ES', 'Occitania', 'FR-OCC'),
('fr-FR', 'Occitanie', 'FR-OCC'),
('en-US', 'Occitanie', 'FR-OCC'),
('pt-PT', 'Occitânia', 'FR-OCC'),
('fr-FR', 'Pays de la Loire', 'FR-PDL'),
('es-ES', 'País del Loira', 'FR-PDL'),
('pt-PT', 'País do Loire', 'FR-PDL'),
('de-DE', 'Pays de la Loire', 'FR-PDL'),
('en-US', 'Pays de la Loire', 'FR-PDL'),
('fr-FR', 'Provence-Alpes-Côte d''Azur', 'FR-PAC'),
('en-US', 'Provence-Alpes-Côte d''Azur', 'FR-PAC'),
('pt-PT', 'Provença-Alpes-Costa Azul', 'FR-PAC'),
('de-DE', 'Provence-Alpes-Côte d''Azur', 'FR-PAC'),
('es-ES', 'Provenza-Alpes-Costa Azul', 'FR-PAC'),
('es-ES', 'Sapporo', 'JP-SAPPORO'),
('de-DE', 'Sapporo', 'JP-SAPPORO'),
('en-US', 'Sapporo', 'JP-SAPPORO'),
('fr-FR', 'Sapporo', 'JP-SAPPORO'),
('pt-PT', 'Sapporo', 'JP-SAPPORO'),
('de-DE', 'Aomori', 'JP-AOMORI'),
('en-US', 'Aomori', 'JP-AOMORI'),
('pt-PT', 'Aomori', 'JP-AOMORI'),
('fr-FR', 'Aomori', 'JP-AOMORI'),
('es-ES', 'Aomori', 'JP-AOMORI'),
('es-ES', 'Morioka', 'JP-MORIOKA'),
('en-US', 'Morioka', 'JP-MORIOKA'),
('de-DE', 'Morioka', 'JP-MORIOKA'),
('fr-FR', 'Morioka', 'JP-MORIOKA'),
('pt-PT', 'Morioka', 'JP-MORIOKA'),
('fr-FR', 'Sendai', 'JP-SENDAI'),
('es-ES', 'Sendai', 'JP-SENDAI'),
('pt-PT', 'Sendai', 'JP-SENDAI'),
('de-DE', 'Sendai', 'JP-SENDAI'),
('en-US', 'Sendai', 'JP-SENDAI'),
('fr-FR', 'Akita', 'JP-AKITA'),
('pt-PT', 'Akita', 'JP-AKITA'),
('es-ES', 'Akita', 'JP-AKITA'),
('de-DE', 'Akita', 'JP-AKITA'),
('en-US', 'Akita', 'JP-AKITA'),
('en-US', 'Yamagata', 'JP-YAMAGATA'),
('es-ES', 'Yamagata', 'JP-YAMAGATA'),
('fr-FR', 'Yamagata', 'JP-YAMAGATA'),
('de-DE', 'Yamagata', 'JP-YAMAGATA'),
('pt-PT', 'Yamagata', 'JP-YAMAGATA'),
('es-ES', 'Fukushima', 'JP-FUKUSHIMA'),
('de-DE', 'Fukushima', 'JP-FUKUSHIMA'),
('pt-PT', 'Fukushima', 'JP-FUKUSHIMA'),
('en-US', 'Fukushima', 'JP-FUKUSHIMA'),
('fr-FR', 'Fukushima', 'JP-FUKUSHIMA'),
('pt-PT', 'Mito', 'JP-MITO'),
('de-DE', 'Mito', 'JP-MITO'),
('fr-FR', 'Mito', 'JP-MITO'),
('es-ES', 'Mito', 'JP-MITO'),
('en-US', 'Mito', 'JP-MITO'),
('es-ES', 'Utsunomiya', 'JP-UTSUNOMIYA'),
('de-DE', 'Utsunomiya', 'JP-UTSUNOMIYA'),
('pt-PT', 'Utsunomiya', 'JP-UTSUNOMIYA'),
('en-US', 'Utsunomiya', 'JP-UTSUNOMIYA'),
('fr-FR', 'Utsunomiya', 'JP-UTSUNOMIYA'),
('pt-PT', 'Maebashi', 'JP-MAEBASHI'),
('fr-FR', 'Maebashi', 'JP-MAEBASHI'),
('de-DE', 'Maebashi', 'JP-MAEBASHI'),
('en-US', 'Maebashi', 'JP-MAEBASHI'),
('es-ES', 'Maebashi', 'JP-MAEBASHI'),
('fr-FR', 'Saitama', 'JP-SAITAMA'),
('en-US', 'Saitama', 'JP-SAITAMA'),
('de-DE', 'Saitama', 'JP-SAITAMA'),
('pt-PT', 'Saitama', 'JP-SAITAMA'),
('es-ES', 'Saitama', 'JP-SAITAMA'),
('es-ES', 'Chiba', 'JP-CHIBA'),
('en-US', 'Chiba', 'JP-CHIBA'),
('de-DE', 'Chiba', 'JP-CHIBA'),
('fr-FR', 'Chiba', 'JP-CHIBA'),
('pt-PT', 'Chiba', 'JP-CHIBA'),
('fr-FR', 'Tokyo', 'JP-TOKYO'),
('en-US', 'Tokyo', 'JP-TOKYO'),
('es-ES', 'Tokio', 'JP-TOKYO'),
('pt-PT', 'Tóquio', 'JP-TOKYO'),
('de-DE', 'Tokio', 'JP-TOKYO'),
('en-US', 'Yokohama', 'JP-YOKOHAMA'),
('es-ES', 'Yokohama', 'JP-YOKOHAMA'),
('fr-FR', 'Yokohama', 'JP-YOKOHAMA'),
('de-DE', 'Yokohama', 'JP-YOKOHAMA'),
('pt-PT', 'Yokohama', 'JP-YOKOHAMA'),
('es-ES', 'Niigata', 'JP-NIIGATA'),
('en-US', 'Niigata', 'JP-NIIGATA'),
('pt-PT', 'Niigata', 'JP-NIIGATA'),
('fr-FR', 'Niigata', 'JP-NIIGATA'),
('de-DE', 'Niigata', 'JP-NIIGATA'),
('fr-FR', 'Toyama', 'JP-TOYAMA'),
('en-US', 'Toyama', 'JP-TOYAMA'),
('pt-PT', 'Toyama', 'JP-TOYAMA'),
('es-ES', 'Toyama', 'JP-TOYAMA'),
('de-DE', 'Toyama', 'JP-TOYAMA'),
('fr-FR', 'Kanazawa', 'JP-KANAZAWA'),
('de-DE', 'Kanazawa', 'JP-KANAZAWA'),
('es-ES', 'Kanazawa', 'JP-KANAZAWA'),
('en-US', 'Kanazawa', 'JP-KANAZAWA'),
('pt-PT', 'Kanazawa', 'JP-KANAZAWA'),
('es-ES', 'Fukui', 'JP-FUKUI'),
('fr-FR', 'Fukui', 'JP-FUKUI'),
('pt-PT', 'Fukui', 'JP-FUKUI'),
('en-US', 'Fukui', 'JP-FUKUI'),
('de-DE', 'Fukui', 'JP-FUKUI'),
('fr-FR', 'Kofu', 'JP-KOFU'),
('de-DE', 'Kofu', 'JP-KOFU'),
('es-ES', 'Kofu', 'JP-KOFU'),
('en-US', 'Kofu', 'JP-KOFU'),
('pt-PT', 'Kofu', 'JP-KOFU'),
('fr-FR', 'Nagano', 'JP-NAGANO'),
('de-DE', 'Nagano', 'JP-NAGANO'),
('en-US', 'Nagano', 'JP-NAGANO'),
('pt-PT', 'Nagano', 'JP-NAGANO'),
('es-ES', 'Nagano', 'JP-NAGANO'),
('de-DE', 'Gifu', 'JP-GIFU'),
('pt-PT', 'Gifu', 'JP-GIFU'),
('es-ES', 'Gifu', 'JP-GIFU'),
('en-US', 'Gifu', 'JP-GIFU'),
('fr-FR', 'Gifu', 'JP-GIFU'),
('pt-PT', 'Shizuoka', 'JP-SHIZUOKA'),
('es-ES', 'Shizuoka', 'JP-SHIZUOKA'),
('en-US', 'Shizuoka', 'JP-SHIZUOKA'),
('fr-FR', 'Shizuoka', 'JP-SHIZUOKA'),
('de-DE', 'Shizuoka', 'JP-SHIZUOKA'),
('pt-PT', 'Nagoia', 'JP-NAGOYA'),
('fr-FR', 'Nagoya', 'JP-NAGOYA'),
('es-ES', 'Nagoya', 'JP-NAGOYA'),
('en-US', 'Nagoya', 'JP-NAGOYA'),
('de-DE', 'Nagoya', 'JP-NAGOYA'),
('de-DE', 'Tsu', 'JP-TSU'),
('pt-PT', 'Tsu', 'JP-TSU'),
('fr-FR', 'Tsu', 'JP-TSU'),
('en-US', 'Tsu', 'JP-TSU'),
('es-ES', 'Tsu', 'JP-TSU'),
('de-DE', 'Ōtsu', 'JP-OTSU'),
('en-US', 'Otsu', 'JP-OTSU'),
('pt-PT', 'Otsu', 'JP-OTSU'),
('es-ES', 'Otsu', 'JP-OTSU'),
('fr-FR', 'Otsu', 'JP-OTSU'),
('es-ES', 'Kioto', 'JP-KYOTO'),
('en-US', 'Kyoto', 'JP-KYOTO'),
('pt-PT', 'Quioto', 'JP-KYOTO'),
('fr-FR', 'Kyoto', 'JP-KYOTO'),
('de-DE', 'Kyōto', 'JP-KYOTO'),
('fr-FR', 'Osaka', 'JP-OSAKA'),
('es-ES', 'Osaka', 'JP-OSAKA'),
('en-US', 'Osaka', 'JP-OSAKA'),
('de-DE', 'Osaka', 'JP-OSAKA'),
('pt-PT', 'Osaka', 'JP-OSAKA'),
('en-US', 'Kobe', 'JP-KOBE'),
('es-ES', 'Kobe', 'JP-KOBE'),
('de-DE', 'Kōbe', 'JP-KOBE'),
('pt-PT', 'Kobe', 'JP-KOBE'),
('fr-FR', 'Kobe', 'JP-KOBE'),
('es-ES', 'Nara', 'JP-NARA'),
('pt-PT', 'Nara', 'JP-NARA'),
('en-US', 'Nara', 'JP-NARA'),
('de-DE', 'Nara', 'JP-NARA'),
('fr-FR', 'Nara', 'JP-NARA'),
('de-DE', 'Wakayama', 'JP-WAKAYAMA'),
('es-ES', 'Wakayama', 'JP-WAKAYAMA'),
('fr-FR', 'Wakayama', 'JP-WAKAYAMA'),
('pt-PT', 'Wakayama', 'JP-WAKAYAMA'),
('en-US', 'Wakayama', 'JP-WAKAYAMA'),
('en-US', 'Tottori', 'JP-TOTTORI'),
('pt-PT', 'Tottori', 'JP-TOTTORI'),
('es-ES', 'Tottori', 'JP-TOTTORI'),
('fr-FR', 'Tottori', 'JP-TOTTORI'),
('de-DE', 'Tottori', 'JP-TOTTORI'),
('en-US', 'Matsue', 'JP-MATSUE'),
('de-DE', 'Matsue', 'JP-MATSUE'),
('es-ES', 'Matsue', 'JP-MATSUE'),
('fr-FR', 'Matsue', 'JP-MATSUE'),
('pt-PT', 'Matsue', 'JP-MATSUE'),
('fr-FR', 'Okayama', 'JP-OKAYAMA'),
('es-ES', 'Okayama', 'JP-OKAYAMA'),
('pt-PT', 'Okayama', 'JP-OKAYAMA'),
('en-US', 'Okayama', 'JP-OKAYAMA'),
('de-DE', 'Okayama', 'JP-OKAYAMA'),
('de-DE', 'Hiroshima', 'JP-HIROSHIMA'),
('fr-FR', 'Hiroshima', 'JP-HIROSHIMA'),
('pt-PT', 'Hiroshima', 'JP-HIROSHIMA'),
('es-ES', 'Hiroshima', 'JP-HIROSHIMA'),
('en-US', 'Hiroshima', 'JP-HIROSHIMA'),
('en-US', 'Yamaguchi', 'JP-YAMAGUCHI'),
('fr-FR', 'Yamaguchi', 'JP-YAMAGUCHI'),
('de-DE', 'Yamaguchi', 'JP-YAMAGUCHI'),
('es-ES', 'Yamaguchi', 'JP-YAMAGUCHI'),
('pt-PT', 'Yamaguchi', 'JP-YAMAGUCHI'),
('pt-PT', 'Tokushima', 'JP-TOKUSHIMA'),
('en-US', 'Tokushima', 'JP-TOKUSHIMA'),
('fr-FR', 'Tokushima', 'JP-TOKUSHIMA'),
('de-DE', 'Tokushima', 'JP-TOKUSHIMA'),
('es-ES', 'Tokushima', 'JP-TOKUSHIMA'),
('es-ES', 'Takamatsu', 'JP-TAKAMATSU'),
('fr-FR', 'Takamatsu', 'JP-TAKAMATSU'),
('en-US', 'Takamatsu', 'JP-TAKAMATSU'),
('pt-PT', 'Takamatsu', 'JP-TAKAMATSU'),
('de-DE', 'Takamatsu', 'JP-TAKAMATSU'),
('es-ES', 'Matsuyama', 'JP-MATSUYAMA'),
('en-US', 'Matsuyama', 'JP-MATSUYAMA'),
('de-DE', 'Matsuyama', 'JP-MATSUYAMA'),
('pt-PT', 'Matsuyama', 'JP-MATSUYAMA'),
('fr-FR', 'Matsuyama', 'JP-MATSUYAMA'),
('en-US', 'Kochi', 'JP-KOCHI'),
('fr-FR', 'Kōchi', 'JP-KOCHI'),
('de-DE', 'Kōchi', 'JP-KOCHI'),
('pt-PT', 'Kochi', 'JP-KOCHI'),
('es-ES', 'Kōchi', 'JP-KOCHI'),
('fr-FR', 'Fukuoka', 'JP-FUKUOKA'),
('es-ES', 'Fukuoka', 'JP-FUKUOKA'),
('pt-PT', 'Fukuoka', 'JP-FUKUOKA'),
('en-US', 'Fukuoka', 'JP-FUKUOKA'),
('de-DE', 'Fukuoka', 'JP-FUKUOKA'),
('en-US', 'Saga', 'JP-SAGA'),
('fr-FR', 'Saga', 'JP-SAGA'),
('es-ES', 'Saga', 'JP-SAGA'),
('pt-PT', 'Saga', 'JP-SAGA'),
('de-DE', 'Saga', 'JP-SAGA'),
('de-DE', 'Nagasaki', 'JP-NAGASAKI'),
('es-ES', 'Nagasaki', 'JP-NAGASAKI'),
('pt-PT', 'Nagasaki', 'JP-NAGASAKI'),
('fr-FR', 'Nagasaki', 'JP-NAGASAKI'),
('en-US', 'Nagasaki', 'JP-NAGASAKI'),
('fr-FR', 'Kumamoto', 'JP-KUMAMOTO'),
('de-DE', 'Kumamoto', 'JP-KUMAMOTO'),
('en-US', 'Kumamoto', 'JP-KUMAMOTO'),
('es-ES', 'Kumamoto', 'JP-KUMAMOTO'),
('pt-PT', 'Kumamoto', 'JP-KUMAMOTO'),
('pt-PT', 'Oita', 'JP-OITA'),
('fr-FR', 'Ōita', 'JP-OITA'),
('de-DE', 'Ōita', 'JP-OITA'),
('en-US', 'Oita', 'JP-OITA'),
('es-ES', 'Ōita', 'JP-OITA'),
('en-US', 'Miyazaki', 'JP-MIYAZAKI'),
('es-ES', 'Miyazaki', 'JP-MIYAZAKI'),
('pt-PT', 'Miyazaki', 'JP-MIYAZAKI'),
('de-DE', 'Miyazaki', 'JP-MIYAZAKI'),
('fr-FR', 'Miyazaki', 'JP-MIYAZAKI'),
('en-US', 'Kagoshima', 'JP-KAGOSHIMA'),
('fr-FR', 'Kagoshima', 'JP-KAGOSHIMA'),
('es-ES', 'Kagoshima', 'JP-KAGOSHIMA'),
('pt-PT', 'Kagoshima', 'JP-KAGOSHIMA'),
('de-DE', 'Kagoshima', 'JP-KAGOSHIMA'),
('pt-PT', 'Naha', 'JP-NAHA'),
('de-DE', 'Naha', 'JP-NAHA'),
('en-US', 'Naha', 'JP-NAHA'),
('fr-FR', 'Naha', 'JP-NAHA'),
('es-ES', 'Naha', 'JP-NAHA'),
('pt-PT', 'Hokkaido', 'JP-01'),
('fr-FR', 'Hokkaido', 'JP-01'),
('en-US', 'Hokkaido', 'JP-01'),
('es-ES', 'Hokkaido', 'JP-01'),
('de-DE', 'Hokkaido', 'JP-01'),
('en-US', 'Aomori', 'JP-02'),
('fr-FR', 'Aomori', 'JP-02'),
('de-DE', 'Aomori', 'JP-02'),
('pt-PT', 'Aomori', 'JP-02'),
('es-ES', 'Aomori', 'JP-02'),
('fr-FR', 'Iwate', 'JP-03'),
('de-DE', 'Iwate', 'JP-03'),
('es-ES', 'Iwate', 'JP-03'),
('en-US', 'Iwate', 'JP-03'),
('pt-PT', 'Iwate', 'JP-03'),
('en-US', 'Miyagi', 'JP-04'),
('de-DE', 'Miyagi', 'JP-04'),
('es-ES', 'Miyagi', 'JP-04'),
('fr-FR', 'Miyagi', 'JP-04'),
('pt-PT', 'Miyagi', 'JP-04'),
('fr-FR', 'Akita', 'JP-05'),
('en-US', 'Akita', 'JP-05'),
('es-ES', 'Akita', 'JP-05'),
('pt-PT', 'Akita', 'JP-05'),
('de-DE', 'Akita', 'JP-05'),
('pt-PT', 'Yamagata', 'JP-06'),
('es-ES', 'Yamagata', 'JP-06'),
('fr-FR', 'Yamagata', 'JP-06'),
('de-DE', 'Yamagata', 'JP-06'),
('en-US', 'Yamagata', 'JP-06'),
('en-US', 'Fukushima', 'JP-07'),
('fr-FR', 'Fukushima', 'JP-07'),
('pt-PT', 'Fukushima', 'JP-07'),
('de-DE', 'Fukushima', 'JP-07'),
('es-ES', 'Fukushima', 'JP-07'),
('en-US', 'Ibaraki', 'JP-08'),
('fr-FR', 'Ibaraki', 'JP-08'),
('pt-PT', 'Ibaraki', 'JP-08'),
('es-ES', 'Ibaraki', 'JP-08'),
('de-DE', 'Ibaraki', 'JP-08'),
('fr-FR', 'Tochigi', 'JP-09'),
('es-ES', 'Tochigi', 'JP-09'),
('pt-PT', 'Tochigi', 'JP-09'),
('de-DE', 'Tochigi', 'JP-09'),
('en-US', 'Tochigi', 'JP-09'),
('de-DE', 'Gunma', 'JP-10'),
('es-ES', 'Gunma', 'JP-10'),
('fr-FR', 'Gunma', 'JP-10'),
('pt-PT', 'Gunma', 'JP-10'),
('en-US', 'Gunma', 'JP-10'),
('de-DE', 'Saitama', 'JP-11'),
('es-ES', 'Saitama', 'JP-11'),
('fr-FR', 'Saitama', 'JP-11'),
('en-US', 'Saitama', 'JP-11'),
('pt-PT', 'Saitama', 'JP-11'),
('pt-PT', 'Chiba', 'JP-12'),
('es-ES', 'Chiba', 'JP-12'),
('fr-FR', 'Chiba', 'JP-12'),
('en-US', 'Chiba', 'JP-12'),
('de-DE', 'Chiba', 'JP-12'),
('en-US', 'Tokyo', 'JP-13'),
('en-US', 'Tokyo Metropolis', 'JP-13'),
('pt-PT', 'Tóquio', 'JP-13'),
('pt-PT', 'Metrópole de Tóquio', 'JP-13'),
('es-ES', 'Tokio', 'JP-13'),
('es-ES', 'Metrópolis de Tokio', 'JP-13'),
('fr-FR', 'Tokyo', 'JP-13'),
('fr-FR', 'Métropole de Tokyo', 'JP-13'),
('de-DE', 'Tokyo', 'JP-13'),
('de-DE', 'Tokyo Metropolis', 'JP-13'),
('es-ES', 'Kanagawa', 'JP-14'),
('en-US', 'Kanagawa', 'JP-14'),
('fr-FR', 'Kanagawa', 'JP-14'),
('de-DE', 'Kanagawa', 'JP-14'),
('pt-PT', 'Kanagawa', 'JP-14'),
('de-DE', 'Niigata', 'JP-15'),
('pt-PT', 'Niigata', 'JP-15'),
('fr-FR', 'Niigata', 'JP-15'),
('es-ES', 'Niigata', 'JP-15'),
('en-US', 'Niigata', 'JP-15'),
('de-DE', 'Toyama', 'JP-16'),
('es-ES', 'Toyama', 'JP-16'),
('pt-PT', 'Toyama', 'JP-16'),
('en-US', 'Toyama', 'JP-16'),
('fr-FR', 'Toyama', 'JP-16'),
('en-US', 'Ishikawa', 'JP-17'),
('fr-FR', 'Ishikawa', 'JP-17'),
('pt-PT', 'Ishikawa', 'JP-17'),
('de-DE', 'Ishikawa', 'JP-17'),
('es-ES', 'Ishikawa', 'JP-17'),
('de-DE', 'Fukui', 'JP-18'),
('fr-FR', 'Fukui', 'JP-18'),
('es-ES', 'Fukui', 'JP-18'),
('pt-PT', 'Fukui', 'JP-18'),
('en-US', 'Fukui', 'JP-18'),
('de-DE', 'Yamanashi', 'JP-19'),
('fr-FR', 'Yamanashi', 'JP-19'),
('en-US', 'Yamanashi', 'JP-19'),
('es-ES', 'Yamanashi', 'JP-19'),
('pt-PT', 'Yamanashi', 'JP-19'),
('en-US', 'Nagano', 'JP-20'),
('fr-FR', 'Nagano', 'JP-20'),
('de-DE', 'Nagano', 'JP-20'),
('es-ES', 'Nagano', 'JP-20'),
('pt-PT', 'Nagano', 'JP-20'),
('en-US', 'Gifu', 'JP-21'),
('es-ES', 'Gifu', 'JP-21'),
('de-DE', 'Gifu', 'JP-21'),
('fr-FR', 'Gifu', 'JP-21'),
('pt-PT', 'Gifu', 'JP-21'),
('pt-PT', 'Shizuoka', 'JP-22'),
('es-ES', 'Shizuoka', 'JP-22'),
('en-US', 'Shizuoka', 'JP-22'),
('fr-FR', 'Shizuoka', 'JP-22'),
('de-DE', 'Shizuoka', 'JP-22'),
('pt-PT', 'Aichi', 'JP-23'),
('en-US', 'Aichi', 'JP-23'),
('de-DE', 'Aichi', 'JP-23'),
('fr-FR', 'Aichi', 'JP-23'),
('es-ES', 'Aichi', 'JP-23'),
('de-DE', 'Mie', 'JP-24'),
('en-US', 'Mie', 'JP-24'),
('pt-PT', 'Mie', 'JP-24'),
('es-ES', 'Mie', 'JP-24'),
('fr-FR', 'Mie', 'JP-24'),
('fr-FR', 'Shiga', 'JP-25'),
('en-US', 'Shiga', 'JP-25'),
('de-DE', 'Shiga', 'JP-25'),
('es-ES', 'Shiga', 'JP-25'),
('pt-PT', 'Shiga', 'JP-25'),
('de-DE', 'Kyōto', 'JP-26'),
('es-ES', 'Kioto', 'JP-26'),
('pt-PT', 'Quioto', 'JP-26'),
('en-US', 'Kyoto', 'JP-26'),
('fr-FR', 'Kyoto', 'JP-26'),
('es-ES', 'Osaka', 'JP-27'),
('pt-PT', 'Osaka', 'JP-27'),
('en-US', 'Osaka', 'JP-27'),
('fr-FR', 'Osaka', 'JP-27'),
('de-DE', 'Osaka', 'JP-27'),
('fr-FR', 'Hyogo', 'JP-28'),
('en-US', 'Hyogo', 'JP-28'),
('de-DE', 'Hyogo', 'JP-28'),
('es-ES', 'Hyogo', 'JP-28'),
('pt-PT', 'Hyogo', 'JP-28'),
('fr-FR', 'Nara', 'JP-29'),
('es-ES', 'Nara', 'JP-29'),
('de-DE', 'Nara', 'JP-29'),
('en-US', 'Nara', 'JP-29'),
('pt-PT', 'Nara', 'JP-29'),
('en-US', 'Wakayama', 'JP-30'),
('es-ES', 'Wakayama', 'JP-30'),
('de-DE', 'Wakayama', 'JP-30'),
('pt-PT', 'Wakayama', 'JP-30'),
('fr-FR', 'Wakayama', 'JP-30'),
('en-US', 'Tottori', 'JP-31'),
('de-DE', 'Tottori', 'JP-31'),
('es-ES', 'Tottori', 'JP-31'),
('pt-PT', 'Tottori', 'JP-31'),
('fr-FR', 'Tottori', 'JP-31'),
('de-DE', 'Shimane', 'JP-32'),
('en-US', 'Shimane', 'JP-32'),
('es-ES', 'Shimane', 'JP-32'),
('fr-FR', 'Shimane', 'JP-32'),
('pt-PT', 'Shimane', 'JP-32'),
('fr-FR', 'Okayama', 'JP-33'),
('en-US', 'Okayama', 'JP-33'),
('pt-PT', 'Okayama', 'JP-33'),
('de-DE', 'Okayama', 'JP-33'),
('es-ES', 'Okayama', 'JP-33'),
('fr-FR', 'Hiroshima', 'JP-34'),
('de-DE', 'Hiroshima', 'JP-34'),
('en-US', 'Hiroshima', 'JP-34'),
('pt-PT', 'Hiroshima', 'JP-34'),
('es-ES', 'Hiroshima', 'JP-34'),
('de-DE', 'Yamaguchi', 'JP-35'),
('es-ES', 'Yamaguchi', 'JP-35'),
('fr-FR', 'Yamaguchi', 'JP-35'),
('en-US', 'Yamaguchi', 'JP-35'),
('pt-PT', 'Yamaguchi', 'JP-35'),
('de-DE', 'Tokushima', 'JP-36'),
('pt-PT', 'Tokushima', 'JP-36'),
('fr-FR', 'Tokushima', 'JP-36'),
('en-US', 'Tokushima', 'JP-36'),
('es-ES', 'Tokushima', 'JP-36'),
('en-US', 'Kagawa', 'JP-37'),
('es-ES', 'Kagawa', 'JP-37'),
('fr-FR', 'Kagawa', 'JP-37'),
('pt-PT', 'Kagawa', 'JP-37'),
('de-DE', 'Kagawa', 'JP-37'),
('en-US', 'Ehime', 'JP-38'),
('es-ES', 'Ehime', 'JP-38'),
('de-DE', 'Ehime', 'JP-38'),
('fr-FR', 'Ehime', 'JP-38'),
('pt-PT', 'Ehime', 'JP-38'),
('pt-PT', 'Kochi', 'JP-39'),
('en-US', 'Kochi', 'JP-39'),
('de-DE', 'Kōchi', 'JP-39'),
('es-ES', 'Kōchi', 'JP-39'),
('fr-FR', 'Kōchi', 'JP-39'),
('es-ES', 'Fukuoka', 'JP-40'),
('fr-FR', 'Fukuoka', 'JP-40'),
('de-DE', 'Fukuoka', 'JP-40'),
('pt-PT', 'Fukuoka', 'JP-40'),
('en-US', 'Fukuoka', 'JP-40'),
('en-US', 'Saga', 'JP-41'),
('pt-PT', 'Saga', 'JP-41'),
('es-ES', 'Saga', 'JP-41'),
('de-DE', 'Saga', 'JP-41'),
('fr-FR', 'Saga', 'JP-41'),
('en-US', 'Nagasaki', 'JP-42'),
('de-DE', 'Nagasaki', 'JP-42'),
('pt-PT', 'Nagasaki', 'JP-42'),
('fr-FR', 'Nagasaki', 'JP-42'),
('es-ES', 'Nagasaki', 'JP-42'),
('en-US', 'Kumamoto', 'JP-43'),
('de-DE', 'Kumamoto', 'JP-43'),
('es-ES', 'Kumamoto', 'JP-43'),
('fr-FR', 'Kumamoto', 'JP-43'),
('pt-PT', 'Kumamoto', 'JP-43'),
('es-ES', 'Ōita', 'JP-44'),
('fr-FR', 'Ōita', 'JP-44'),
('pt-PT', 'Oita', 'JP-44'),
('de-DE', 'Ōita', 'JP-44'),
('en-US', 'Oita', 'JP-44'),
('de-DE', 'Miyazaki', 'JP-45'),
('en-US', 'Miyazaki', 'JP-45'),
('es-ES', 'Miyazaki', 'JP-45'),
('pt-PT', 'Miyazaki', 'JP-45'),
('fr-FR', 'Miyazaki', 'JP-45'),
('de-DE', 'Kagoshima', 'JP-46'),
('pt-PT', 'Kagoshima', 'JP-46'),
('es-ES', 'Kagoshima', 'JP-46'),
('en-US', 'Kagoshima', 'JP-46'),
('fr-FR', 'Kagoshima', 'JP-46'),
('pt-PT', 'Okinawa', 'JP-47'),
('en-US', 'Okinawa', 'JP-47'),
('fr-FR', 'Okinawa', 'JP-47'),
('es-ES', 'Okinawa', 'JP-47'),
('de-DE', 'Okinawa', 'JP-47'),
('fr-FR', 'Hokkaido', 'JP-HOK'),
('es-ES', 'Hokkaido', 'JP-HOK'),
('de-DE', 'Hokkaido', 'JP-HOK'),
('pt-PT', 'Hokkaido', 'JP-HOK'),
('en-US', 'Hokkaido', 'JP-HOK'),
('en-US', 'Tohoku', 'JP-TOH'),
('fr-FR', 'Tōhoku', 'JP-TOH'),
('es-ES', 'Tohoku', 'JP-TOH'),
('de-DE', 'Tōhoku', 'JP-TOH'),
('pt-PT', 'Tohoku', 'JP-TOH'),
('en-US', 'Kanto', 'JP-KNT'),
('es-ES', 'Kanto', 'JP-KNT'),
('pt-PT', 'Kanto', 'JP-KNT'),
('fr-FR', 'Kantō', 'JP-KNT'),
('de-DE', 'Kantō', 'JP-KNT'),
('es-ES', 'Chubu', 'JP-CHB'),
('en-US', 'Chubu', 'JP-CHB'),
('pt-PT', 'Chubu', 'JP-CHB'),
('fr-FR', 'Chūbu', 'JP-CHB'),
('de-DE', 'Chūbu', 'JP-CHB'),
('pt-PT', 'Kansai', 'JP-KAN'),
('pt-PT', 'Kinki', 'JP-KAN'),
('es-ES', 'Kansai', 'JP-KAN'),
('es-ES', 'Kinki', 'JP-KAN'),
('fr-FR', 'Kansai', 'JP-KAN'),
('fr-FR', 'Kinki', 'JP-KAN'),
('en-US', 'Kansai', 'JP-KAN'),
('en-US', 'Kinki', 'JP-KAN'),
('de-DE', 'Kansai', 'JP-KAN'),
('de-DE', 'Kinki', 'JP-KAN'),
('fr-FR', 'Chūgoku', 'JP-CHU'),
('pt-PT', 'Chugoku', 'JP-CHU'),
('en-US', 'Chugoku', 'JP-CHU'),
('es-ES', 'Chugoku', 'JP-CHU'),
('de-DE', 'Chūgoku', 'JP-CHU'),
('de-DE', 'Shikoku', 'JP-SHI'),
('fr-FR', 'Shikoku', 'JP-SHI'),
('en-US', 'Shikoku', 'JP-SHI'),
('pt-PT', 'Shikoku', 'JP-SHI'),
('es-ES', 'Shikoku', 'JP-SHI'),
('pt-PT', 'Kyushu', 'JP-KYU'),
('de-DE', 'Kyūshū', 'JP-KYU'),
('fr-FR', 'Kyūshū', 'JP-KYU'),
('en-US', 'Kyushu', 'JP-KYU'),
('es-ES', 'Kyushu', 'JP-KYU'),
('de-DE', 'Okinawa', 'JP-OKI'),
('es-ES', 'Okinawa', 'JP-OKI'),
('en-US', 'Okinawa', 'JP-OKI'),
('fr-FR', 'Okinawa', 'JP-OKI'),
('pt-PT', 'Okinawa', 'JP-OKI'),
('fr-FR', 'Kaboul', 'AF-KABUL'),
('fr-FR', 'Pachtou', 'AF-KABUL'),
('fr-FR', 'Dari', 'AF-KABUL'),
('es-ES', 'Kabul', 'AF-KABUL'),
('de-DE', 'Kabul', 'AF-KABUL'),
('pt-PT', 'Cabul', 'AF-KABUL'),
('pt-PT', 'Kabul', 'AF-KABUL'),
('en-US', 'Kabul', 'AF-KABUL'),
('en-US', 'Pashto', 'AF-KABUL'),
('en-US', 'Dari', 'AF-KABUL'),
('en-US', 'Mariehamn', 'AX-MARIEHAMN'),
('de-DE', 'Mariehamns', 'AX-MARIEHAMN'),
('de-DE', 'Maarianhamina', 'AX-MARIEHAMN'),
('es-ES', 'Mariehamn', 'AX-MARIEHAMN'),
('es-ES', 'Maarianhamina', 'AX-MARIEHAMN'),
('fr-FR', 'Mariehamn', 'AX-MARIEHAMN'),
('fr-FR', 'Maarianhamina', 'AX-MARIEHAMN'),
('pt-PT', 'Mariehamn', 'AX-MARIEHAMN'),
('pt-PT', 'Maarianhamina ', 'AX-MARIEHAMN'),
('fr-FR', 'Tirana', 'AL-TIRANA'),
('fr-FR', 'Tiranë', 'AL-TIRANA'),
('es-ES', 'Tirana', 'AL-TIRANA'),
('es-ES', 'La Tirana', 'AL-TIRANA'),
('pt-PT', 'Tirana', 'AL-TIRANA'),
('pt-PT', 'Tiranë', 'AL-TIRANA'),
('pt-PT', 'Tirona', 'AL-TIRANA'),
('de-DE', 'Tirana', 'AL-TIRANA'),
('de-DE', 'Tiranë', 'AL-TIRANA'),
('en-US', 'Tirana', 'AL-TIRANA'),
('en-US', 'Algiers', 'DZ-ALGIERS'),
('en-US', 'Dzayer', 'DZ-ALGIERS'),
('en-US', 'Alger', 'DZ-ALGIERS'),
('de-DE', 'Algier', 'DZ-ALGIERS'),
('de-DE', 'Dzayer', 'DZ-ALGIERS'),
('fr-FR', 'Alger', 'DZ-ALGIERS'),
('fr-FR', 'Ldzayer', 'DZ-ALGIERS'),
('pt-PT', 'Argel', 'DZ-ALGIERS'),
('pt-PT', 'Dzayer', 'DZ-ALGIERS'),
('es-ES', 'Argel', 'DZ-ALGIERS'),
('es-ES', 'Dzayer', 'DZ-ALGIERS'),
('es-ES', 'Alger', 'DZ-ALGIERS'),
('de-DE', 'Pago Pago', 'AS-PAGO-PAGO'),
('pt-PT', 'Pago Pago', 'AS-PAGO-PAGO'),
('fr-FR', 'Pago Pago', 'AS-PAGO-PAGO'),
('es-ES', 'Pago Pago', 'AS-PAGO-PAGO'),
('en-US', 'Pago Pago', 'AS-PAGO-PAGO'),
('en-US', 'Andorra la Vella', 'AD-ANDORRA-LA-VELLA'),
('pt-PT', 'Andorra-a-Velha', 'AD-ANDORRA-LA-VELLA'),
('de-DE', 'Andorra la Vella', 'AD-ANDORRA-LA-VELLA'),
('fr-FR', 'Andorre-la-Vieille', 'AD-ANDORRA-LA-VELLA'),
('es-ES', 'Andorra la Vieja', 'AD-ANDORRA-LA-VELLA'),
('en-US', 'Luanda', 'AO-LUANDA'),
('de-DE', 'Luanda', 'AO-LUANDA'),
('de-DE', 'Loanda', 'AO-LUANDA'),
('de-DE', 'São Paulo da Assunção de Loanda', 'AO-LUANDA'),
('es-ES', 'Luanda', 'AO-LUANDA'),
('fr-FR', 'Luanda', 'AO-LUANDA'),
('fr-FR', 'Louanda', 'AO-LUANDA'),
('fr-FR', 'São Paulo da Assunção de Loanda', 'AO-LUANDA'),
('pt-PT', 'Luanda', 'AO-LUANDA'),
('de-DE', 'The Valley', 'AI-THE-VALLEY'),
('pt-PT', 'The Valley', 'AI-THE-VALLEY'),
('en-US', 'The Valley', 'AI-THE-VALLEY'),
('es-ES', 'The Valley', 'AI-THE-VALLEY'),
('fr-FR', 'The Valley', 'AI-THE-VALLEY'),
('pt-PT', 'Estação McMurdo (maior estação, não capital formal)', 'AQ-MCMURDO-STATION'),
('pt-PT', 'McMurdo', 'AQ-MCMURDO-STATION'),
('de-DE', 'McMurdo-Station (größter Bahnhof, nicht formale Hauptstadt)', 'AQ-MCMURDO-STATION'),
('de-DE', 'McMurdo', 'AQ-MCMURDO-STATION'),
('en-US', 'McMurdo Station (biggest station, not formal capital)', 'AQ-MCMURDO-STATION'),
('en-US', 'McMurdo', 'AQ-MCMURDO-STATION'),
('fr-FR', 'Base antarctique McMurdo', 'AQ-MCMURDO-STATION'),
('fr-FR', 'McMurdo', 'AQ-MCMURDO-STATION'),
('es-ES', 'Base McMurdo (la mayor estación, no la capital formal)', 'AQ-MCMURDO-STATION'),
('es-ES', 'McMurdo', 'AQ-MCMURDO-STATION'),
('es-ES', 'Saint John', 'AG-SAINT-JOHN-S'),
('de-DE', 'Saint John''s', 'AG-SAINT-JOHN-S'),
('fr-FR', 'Saint John''s', 'AG-SAINT-JOHN-S'),
('fr-FR', 'St. John''s', 'AG-SAINT-JOHN-S'),
('en-US', 'Saint John''s', 'AG-SAINT-JOHN-S'),
('en-US', 'St. John''s', 'AG-SAINT-JOHN-S'),
('pt-PT', 'São João', 'AG-SAINT-JOHN-S'),
('de-DE', 'Buenos Aires', 'AR-BUENOS-AIRES'),
('pt-PT', 'Buenos Aires', 'AR-BUENOS-AIRES'),
('fr-FR', 'Buenos Aires', 'AR-BUENOS-AIRES'),
('en-US', 'Buenos Aires', 'AR-BUENOS-AIRES'),
('es-ES', 'Buenos Aires', 'AR-BUENOS-AIRES'),
('fr-FR', 'Erevan', 'AM-YEREVAN'),
('fr-FR', 'Yerevan', 'AM-YEREVAN'),
('es-ES', 'Ereván', 'AM-YEREVAN'),
('de-DE', 'Jerewan', 'AM-YEREVAN'),
('de-DE', 'Eriwan', 'AM-YEREVAN'),
('de-DE', 'Erewan', 'AM-YEREVAN'),
('en-US', 'Yerevan', 'AM-YEREVAN'),
('en-US', 'Erevan', 'AM-YEREVAN'),
('pt-PT', 'Erevã', 'AM-YEREVAN'),
('pt-PT', 'Erevan', 'AM-YEREVAN'),
('pt-PT', 'Ierevan', 'AM-YEREVAN'),
('pt-PT', 'Ierevã', 'AM-YEREVAN'),
('fr-FR', 'Oranjestad', 'AW-ORANJESTAD'),
('fr-FR', 'Ville d''Orange', 'AW-ORANJESTAD'),
('fr-FR', 'Orangeville', 'AW-ORANJESTAD'),
('pt-PT', 'Oranjestad', 'AW-ORANJESTAD'),
('en-US', 'Oranjestad', 'AW-ORANJESTAD'),
('de-DE', 'Oranjestad', 'AW-ORANJESTAD'),
('es-ES', 'Oranjestad', 'AW-ORANJESTAD'),
('es-ES', 'Ciudad naranja', 'AW-ORANJESTAD'),
('fr-FR', 'Canberra', 'AU-CANBERRA'),
('de-DE', 'Canberra', 'AU-CANBERRA'),
('en-US', 'Canberra', 'AU-CANBERRA'),
('es-ES', 'Canberra', 'AU-CANBERRA'),
('pt-PT', 'Camberra', 'AU-CANBERRA'),
('pt-PT', 'Canberra', 'AU-CANBERRA'),
('fr-FR', 'Vienne', 'AT-VIENNA'),
('fr-FR', 'Wien', 'AT-VIENNA'),
('pt-PT', 'Viena', 'AT-VIENNA'),
('pt-PT', 'Wien', 'AT-VIENNA'),
('es-ES', 'Viena', 'AT-VIENNA'),
('es-ES', 'Wien', 'AT-VIENNA'),
('de-DE', 'Wien', 'AT-VIENNA'),
('en-US', 'Vienna', 'AT-VIENNA'),
('en-US', 'Wien', 'AT-VIENNA'),
('pt-PT', 'Bacu', 'AZ-BAKU'),
('pt-PT', 'Baku', 'AZ-BAKU'),
('pt-PT', 'Bakı', 'AZ-BAKU'),
('fr-FR', 'Bakou', 'AZ-BAKU'),
('fr-FR', 'Bakı', 'AZ-BAKU'),
('es-ES', 'Bakú', 'AZ-BAKU'),
('es-ES', 'Bakı', 'AZ-BAKU'),
('de-DE', 'Baku', 'AZ-BAKU'),
('de-DE', 'Bakı', 'AZ-BAKU'),
('en-US', 'Baku', 'AZ-BAKU'),
('en-US', 'Bakı', 'AZ-BAKU'),
('de-DE', 'Nassau', 'BS-NASSAU'),
('de-DE', 'Charles Town', 'BS-NASSAU'),
('fr-FR', 'Nassau', 'BS-NASSAU'),
('fr-FR', 'Charles Town', 'BS-NASSAU'),
('es-ES', 'Nasáu', 'BS-NASSAU'),
('es-ES', 'Charles Town', 'BS-NASSAU'),
('pt-PT', 'Nassau', 'BS-NASSAU'),
('pt-PT', 'Charles Town', 'BS-NASSAU'),
('en-US', 'Nassau', 'BS-NASSAU'),
('en-US', 'Charles Town', 'BS-NASSAU'),
('de-DE', 'Manama', 'BH-MANAMA'),
('en-US', 'Manama', 'BH-MANAMA'),
('pt-PT', 'Manama', 'BH-MANAMA'),
('fr-FR', 'Manama', 'BH-MANAMA'),
('es-ES', 'Manama', 'BH-MANAMA'),
('de-DE', 'Dhaka', 'BD-DHAKA'),
('fr-FR', 'Dacca', 'BD-DHAKA'),
('fr-FR', 'Dhaka', 'BD-DHAKA'),
('en-US', 'Dhaka', 'BD-DHAKA'),
('pt-PT', 'Daca', 'BD-DHAKA'),
('pt-PT', 'Dhaka', 'BD-DHAKA'),
('es-ES', 'Daca', 'BD-DHAKA'),
('es-ES', 'Dhaka', 'BD-DHAKA'),
('es-ES', 'Bridgetown', 'BB-BRIDGETOWN'),
('en-US', 'Bridgetown', 'BB-BRIDGETOWN'),
('pt-PT', 'Bridgetown', 'BB-BRIDGETOWN'),
('fr-FR', 'Bridgetown', 'BB-BRIDGETOWN'),
('de-DE', 'Bridgetown', 'BB-BRIDGETOWN'),
('fr-FR', 'Minsk', 'BY-MINSK'),
('es-ES', 'Minsk', 'BY-MINSK'),
('en-US', 'Minsk', 'BY-MINSK'),
('pt-PT', 'Minsk', 'BY-MINSK'),
('de-DE', 'Minsk', 'BY-MINSK'),
('pt-PT', 'Bruxelas', 'BE-BRUSSELS'),
('pt-PT', 'Cidade de Bruxelas', 'BE-BRUSSELS'),
('es-ES', 'Bruselas', 'BE-BRUSSELS'),
('en-US', 'Brussels', 'BE-BRUSSELS'),
('en-US', 'City of Brussels', 'BE-BRUSSELS'),
('de-DE', 'Brüssel', 'BE-BRUSSELS'),
('de-DE', 'Stadt Brüssel', 'BE-BRUSSELS'),
('fr-FR', 'Bruxelles', 'BE-BRUSSELS'),
('fr-FR', 'Ville de Bruxelles', 'BE-BRUSSELS'),
('de-DE', 'Belmopan', 'BZ-BELMOPAN'),
('es-ES', 'Belmopan', 'BZ-BELMOPAN'),
('pt-PT', 'Belmopan', 'BZ-BELMOPAN'),
('fr-FR', 'Belmopan', 'BZ-BELMOPAN'),
('fr-FR', 'Belmopán', 'BZ-BELMOPAN'),
('en-US', 'Belmopan', 'BZ-BELMOPAN'),
('es-ES', 'Porto-Novo (político) y Cotonú (económico)', 'BJ-PORTO-NOVO'),
('es-ES', 'Porto-Novo', 'BJ-PORTO-NOVO'),
('es-ES', 'Cotonú', 'BJ-PORTO-NOVO'),
('fr-FR', 'Porto-Novo (politique) et Cotonou (économique)', 'BJ-PORTO-NOVO'),
('fr-FR', 'Porto-Novo', 'BJ-PORTO-NOVO'),
('fr-FR', 'Cotonou', 'BJ-PORTO-NOVO'),
('pt-PT', 'Porto-Novo (político) e Cotonou (económico)', 'BJ-PORTO-NOVO'),
('pt-PT', 'Porto-Novo', 'BJ-PORTO-NOVO'),
('pt-PT', 'Cotonou', 'BJ-PORTO-NOVO'),
('de-DE', 'Porto-Novo (politisch) und Cotonou (wirtschaftlich)', 'BJ-PORTO-NOVO'),
('de-DE', 'Porto-Novo', 'BJ-PORTO-NOVO'),
('de-DE', 'Cotonou', 'BJ-PORTO-NOVO'),
('en-US', 'Porto-Novo (political) and Cotonou (economic)', 'BJ-PORTO-NOVO'),
('en-US', 'Porto-Novo', 'BJ-PORTO-NOVO'),
('en-US', 'Cotonou', 'BJ-PORTO-NOVO'),
('pt-PT', 'Hamilton', 'BM-HAMILTON'),
('fr-FR', 'Hamilton', 'BM-HAMILTON'),
('es-ES', 'Hamilton', 'BM-HAMILTON'),
('en-US', 'Hamilton', 'BM-HAMILTON'),
('de-DE', 'Hamilton', 'BM-HAMILTON'),
('es-ES', 'Timbu', 'BT-THIMPHU'),
('es-ES', 'Timbú', 'BT-THIMPHU'),
('en-US', 'Thimphu', 'BT-THIMPHU'),
('de-DE', 'Thimphu', 'BT-THIMPHU'),
('fr-FR', 'Thimphou', 'BT-THIMPHU'),
('pt-PT', 'Thimbu', 'BT-THIMPHU'),
('pt-PT', 'Timbu', 'BT-THIMPHU'),
('pt-PT', 'Timpu', 'BT-THIMPHU'),
('fr-FR', 'Sucre (constitutionnelle et judiciaire) et La Paz (administrative)', 'BO-SUCRE'),
('fr-FR', 'Sucre', 'BO-SUCRE'),
('fr-FR', 'La Paz', 'BO-SUCRE'),
('en-US', 'Sucre (constitutional and judicial) and La Paz (executive and legislative)', 'BO-SUCRE'),
('en-US', 'Sucre', 'BO-SUCRE'),
('en-US', 'La Paz', 'BO-SUCRE'),
('es-ES', 'Sucre (constitucional y judicial) y La Paz (ejecutivo y legislativo)', 'BO-SUCRE'),
('es-ES', 'Sucre', 'BO-SUCRE'),
('es-ES', 'La Paz', 'BO-SUCRE'),
('de-DE', 'Sucre (Hauptstadt) und La Paz (Regierungssitz)', 'BO-SUCRE'),
('de-DE', 'Sucre', 'BO-SUCRE'),
('de-DE', 'La Paz', 'BO-SUCRE'),
('pt-PT', 'Sucre (constitucional e judicial) e La Paz (executivo e legislativo)', 'BO-SUCRE'),
('pt-PT', 'Sucre', 'BO-SUCRE'),
('pt-PT', 'La Paz', 'BO-SUCRE'),
('es-ES', 'Kralendijk, Oranjestad y The Bottom (ciudad principal de cada isla)', 'BQ-KRALENDIJK'),
('es-ES', 'Kralendijk', 'BQ-KRALENDIJK'),
('es-ES', 'Oranjestad', 'BQ-KRALENDIJK'),
('es-ES', 'Bottom', 'BQ-KRALENDIJK'),
('fr-FR', 'Kralendijk, Oranjestad et The Bottom (ville principale de chaque île)', 'BQ-KRALENDIJK'),
('fr-FR', 'Kralendijk', 'BQ-KRALENDIJK'),
('fr-FR', 'Oranjestad', 'BQ-KRALENDIJK'),
('fr-FR', 'Bottom', 'BQ-KRALENDIJK'),
('en-US', 'Kralendijk, Oranjestad and The Bottom (main city of each island)', 'BQ-KRALENDIJK'),
('en-US', 'Kralendijk', 'BQ-KRALENDIJK'),
('en-US', 'Oranjestad', 'BQ-KRALENDIJK'),
('en-US', 'Bottom', 'BQ-KRALENDIJK'),
('de-DE', 'Kralendijk, Oranjestad und The Bottom (Hauptort der jeweiligen Insel)', 'BQ-KRALENDIJK'),
('de-DE', 'Kralendijk', 'BQ-KRALENDIJK'),
('de-DE', 'Oranjestad', 'BQ-KRALENDIJK'),
('de-DE', 'Bottom', 'BQ-KRALENDIJK'),
('pt-PT', 'Kralendijk, Oranjestad e The Bottom (principal cidade de cada ilha)', 'BQ-KRALENDIJK'),
('pt-PT', 'Kralendijk', 'BQ-KRALENDIJK'),
('pt-PT', 'Oranjestad', 'BQ-KRALENDIJK'),
('pt-PT', 'Bottom', 'BQ-KRALENDIJK'),
('pt-PT', 'Sarajevo', 'BA-SARAJEVO'),
('de-DE', 'Sarajevo', 'BA-SARAJEVO'),
('fr-FR', 'Sarajevo', 'BA-SARAJEVO'),
('en-US', 'Sarajevo', 'BA-SARAJEVO'),
('es-ES', 'Sarajevo', 'BA-SARAJEVO'),
('es-ES', 'Gaborone', 'BW-GABORONE'),
('pt-PT', 'Gaborone', 'BW-GABORONE'),
('en-US', 'Gaborone', 'BW-GABORONE'),
('de-DE', 'Gaborone', 'BW-GABORONE'),
('fr-FR', 'Gaborone', 'BW-GABORONE'),
('en-US', 'Bouvet (no city)', 'BV-BOUVET'),
('es-ES', 'Bouvet (ninguna ciudad)', 'BV-BOUVET'),
('de-DE', 'Bouvet (aucune ville)', 'BV-BOUVET'),
('pt-PT', 'Bouvet (nenhuma cidade)', 'BV-BOUVET'),
('fr-FR', 'Bouvet (aucune ville)', 'BV-BOUVET'),
('es-ES', 'Brasilia', 'BR-BRASILIA'),
('de-DE', 'Brasília', 'BR-BRASILIA'),
('en-US', 'Brasília', 'BR-BRASILIA'),
('pt-PT', 'Brasília', 'BR-BRASILIA'),
('fr-FR', 'Brasilia', 'BR-BRASILIA'),
('de-DE', 'Camp Thunder Cove (U.S.-Militärlager, keine anderen Bewohner)', 'IO-CAMP-THUNDER-COVE'),
('de-DE', 'Camp Thunder Cove', 'IO-CAMP-THUNDER-COVE'),
('es-ES', 'Camp Thunder Cove (Campo militar estadounidense, sin otros habitantes)', 'IO-CAMP-THUNDER-COVE'),
('es-ES', 'Camp Thunder Cove', 'IO-CAMP-THUNDER-COVE'),
('en-US', 'Camp Thunder Cove (U.S military camp, no other inhabitants)', 'IO-CAMP-THUNDER-COVE'),
('en-US', 'Camp Thunder Cove', 'IO-CAMP-THUNDER-COVE'),
('pt-PT', 'Camp Thunder Cove (Campo militar dos E.U.A., sem outros habitantes)', 'IO-CAMP-THUNDER-COVE'),
('pt-PT', 'Camp Thunder Cove', 'IO-CAMP-THUNDER-COVE'),
('fr-FR', 'Camp Thunder Cove (Camp militaire américain, pas d''autres habitants)', 'IO-CAMP-THUNDER-COVE'),
('fr-FR', 'Camp Thunder Cove', 'IO-CAMP-THUNDER-COVE'),
('de-DE', 'Bandar Seri Begawan', 'BN-BANDAR-SERI-BEGAWAN'),
('pt-PT', 'Bandar Seri Begawan', 'BN-BANDAR-SERI-BEGAWAN'),
('en-US', 'Bandar Seri Begawan', 'BN-BANDAR-SERI-BEGAWAN'),
('fr-FR', 'Bandar Seri Begawan', 'BN-BANDAR-SERI-BEGAWAN'),
('es-ES', 'Bandar Seri Begawan', 'BN-BANDAR-SERI-BEGAWAN'),
('pt-PT', 'Sofía', 'BG-SOFIA'),
('en-US', 'Sofia', 'BG-SOFIA'),
('es-ES', 'Sofía', 'BG-SOFIA'),
('fr-FR', 'Sofia', 'BG-SOFIA'),
('de-DE', 'Sofia', 'BG-SOFIA'),
('es-ES', 'Uagadugú', 'BF-OUAGADOUGOU'),
('pt-PT', 'Uagadugu', 'BF-OUAGADOUGOU'),
('fr-FR', 'Ouagadougou', 'BF-OUAGADOUGOU'),
('en-US', 'Ouagadougou', 'BF-OUAGADOUGOU'),
('de-DE', 'Ouagadougou', 'BF-OUAGADOUGOU'),
('fr-FR', 'Gitega (politique) et Bujumbura (économique)', 'BI-GITEGA'),
('fr-FR', 'Gitega', 'BI-GITEGA'),
('fr-FR', 'Bujumbura', 'BI-GITEGA'),
('de-DE', 'Gitega (politique) et Bujumbura (économique)', 'BI-GITEGA'),
('de-DE', 'Gitega', 'BI-GITEGA'),
('de-DE', 'Bujumbura', 'BI-GITEGA'),
('es-ES', 'Gitega (político) y Bujumbura (económico)', 'BI-GITEGA'),
('es-ES', 'Gitega', 'BI-GITEGA'),
('es-ES', 'Bujumbura', 'BI-GITEGA'),
('en-US', 'Gitega (political) and Bujumbura (economic)', 'BI-GITEGA'),
('en-US', 'Gitega', 'BI-GITEGA'),
('en-US', 'Bujumbura', 'BI-GITEGA'),
('pt-PT', 'Gitega (político) e Bujumbura (económico)', 'BI-GITEGA'),
('pt-PT', 'Gitega', 'BI-GITEGA'),
('pt-PT', 'Bujumbura', 'BI-GITEGA'),
('es-ES', 'Praia', 'CV-PRAIA'),
('fr-FR', 'Praia', 'CV-PRAIA'),
('pt-PT', 'Praia', 'CV-PRAIA'),
('de-DE', 'Praia', 'CV-PRAIA'),
('en-US', 'Praia', 'CV-PRAIA'),
('pt-PT', 'Phnom Penh', 'KH-PHNOM-PENH'),
('de-DE', 'Phnom Penh', 'KH-PHNOM-PENH'),
('en-US', 'Phnom Penh', 'KH-PHNOM-PENH'),
('fr-FR', 'Phnom Penh', 'KH-PHNOM-PENH'),
('es-ES', 'Nom Pen', 'KH-PHNOM-PENH'),
('es-ES', 'Yaundé', 'CM-YAOUNDE'),
('de-DE', 'Yaoundé', 'CM-YAOUNDE'),
('en-US', 'Yaoundé', 'CM-YAOUNDE'),
('pt-PT', 'Iaundé', 'CM-YAOUNDE'),
('fr-FR', 'Yaoundé', 'CM-YAOUNDE'),
('de-DE', 'Ottawa', 'CA-OTTAWA'),
('en-US', 'Ottawa', 'CA-OTTAWA'),
('fr-FR', 'Ottawa', 'CA-OTTAWA'),
('es-ES', 'Ottawa', 'CA-OTTAWA'),
('pt-PT', 'Ottawa', 'CA-OTTAWA'),
('en-US', 'George Town', 'KY-GEORGE-TOWN'),
('fr-FR', 'George Town', 'KY-GEORGE-TOWN'),
('pt-PT', 'Grande Caimão', 'KY-GEORGE-TOWN'),
('de-DE', 'George Town', 'KY-GEORGE-TOWN'),
('es-ES', 'George Town', 'KY-GEORGE-TOWN'),
('fr-FR', 'Bangui', 'CF-BANGUI'),
('es-ES', 'Bangui', 'CF-BANGUI'),
('en-US', 'Bangui', 'CF-BANGUI'),
('pt-PT', 'Bangui', 'CF-BANGUI'),
('de-DE', 'Bangui', 'CF-BANGUI'),
('es-ES', 'Yamena', 'TD-N-DJAMENA'),
('en-US', 'N''Djaména', 'TD-N-DJAMENA'),
('pt-PT', 'Jamena', 'TD-N-DJAMENA'),
('fr-FR', 'N''Djaména', 'TD-N-DJAMENA'),
('de-DE', 'N''Djaména', 'TD-N-DJAMENA'),
('en-US', 'Santiago', 'CL-SANTIAGO'),
('en-US', 'Santiago de Chile', 'CL-SANTIAGO'),
('es-ES', 'Santiago', 'CL-SANTIAGO'),
('es-ES', 'Santiago de Chile', 'CL-SANTIAGO'),
('pt-PT', 'Santiago', 'CL-SANTIAGO'),
('pt-PT', 'Santiago do Chile', 'CL-SANTIAGO'),
('de-DE', 'Santiago', 'CL-SANTIAGO'),
('de-DE', 'Santiago de Chile', 'CL-SANTIAGO'),
('fr-FR', 'Santiago', 'CL-SANTIAGO'),
('fr-FR', 'Santiago du Chili', 'CL-SANTIAGO'),
('de-DE', 'Peking', 'CN-BEIJING'),
('de-DE', 'Beijing', 'CN-BEIJING'),
('fr-FR', 'Pékin', 'CN-BEIJING'),
('fr-FR', 'Beijing', 'CN-BEIJING'),
('es-ES', 'Pekín', 'CN-BEIJING'),
('es-ES', 'Beijing', 'CN-BEIJING'),
('en-US', 'Beijing', 'CN-BEIJING'),
('en-US', 'Peking', 'CN-BEIJING'),
('pt-PT', 'Pequim', 'CN-BEIJING'),
('pt-PT', 'Beijing', 'CN-BEIJING'),
('en-US', 'Flying Fish Cove', 'CX-FLYING-FISH-COVE'),
('es-ES', 'Flying Fish Cove', 'CX-FLYING-FISH-COVE'),
('fr-FR', 'Flying Fish Cove', 'CX-FLYING-FISH-COVE'),
('pt-PT', 'Flying Fish Cove', 'CX-FLYING-FISH-COVE'),
('de-DE', 'Flying Fish Cove', 'CX-FLYING-FISH-COVE'),
('pt-PT', 'Ilha Ocidental', 'CC-WEST-ISLAND'),
('fr-FR', 'West Island', 'CC-WEST-ISLAND'),
('en-US', 'West Island', 'CC-WEST-ISLAND'),
('es-ES', 'West Island', 'CC-WEST-ISLAND'),
('de-DE', 'West Island', 'CC-WEST-ISLAND'),
('es-ES', 'Bogotá', 'CO-BOGOTA'),
('fr-FR', 'Bogota', 'CO-BOGOTA'),
('de-DE', 'Bogotá', 'CO-BOGOTA'),
('pt-PT', 'Bogotá', 'CO-BOGOTA'),
('en-US', 'Bogotá', 'CO-BOGOTA'),
('pt-PT', 'Moroni', 'KM-MORONI'),
('en-US', 'Moroni', 'KM-MORONI'),
('de-DE', 'Moroni', 'KM-MORONI'),
('fr-FR', 'Moroni', 'KM-MORONI'),
('es-ES', 'Moroni', 'KM-MORONI'),
('en-US', 'Brazzaville (political) and Pointe-Noire (economic)', 'CG-BRAZZAVILLE'),
('en-US', 'Brazzaville', 'CG-BRAZZAVILLE'),
('en-US', 'Pointe-Noire', 'CG-BRAZZAVILLE'),
('fr-FR', 'Brazzaville (politique) et Pointe-Noire (économique)', 'CG-BRAZZAVILLE'),
('fr-FR', 'Brazzaville', 'CG-BRAZZAVILLE'),
('fr-FR', 'Pointe-Noire', 'CG-BRAZZAVILLE'),
('de-DE', 'Brazzaville (politisch) und Pointe-Noire (wirtschaftlich)', 'CG-BRAZZAVILLE'),
('de-DE', 'Brazzaville', 'CG-BRAZZAVILLE'),
('de-DE', 'Pointe-Noire', 'CG-BRAZZAVILLE'),
('es-ES', 'Brazzaville (político) y Pointe-Noire (económico)', 'CG-BRAZZAVILLE'),
('es-ES', 'Brazzaville', 'CG-BRAZZAVILLE'),
('es-ES', 'Pointe-Noire', 'CG-BRAZZAVILLE'),
('pt-PT', 'Brazzaville (político) e Pointe-Noire (económico)', 'CG-BRAZZAVILLE'),
('pt-PT', 'Brazzaville', 'CG-BRAZZAVILLE'),
('pt-PT', 'Pointe-Noire', 'CG-BRAZZAVILLE'),
('fr-FR', 'Kinshasa', 'CD-KINSHASA'),
('es-ES', 'Kinsasa', 'CD-KINSHASA'),
('es-ES', 'Kinshasa', 'CD-KINSHASA'),
('pt-PT', 'Quinxassa', 'CD-KINSHASA'),
('pt-PT', 'Quinxasa', 'CD-KINSHASA'),
('pt-PT', 'Kinshasa', 'CD-KINSHASA'),
('de-DE', 'Kinshasa', 'CD-KINSHASA'),
('en-US', 'Kinshasa', 'CD-KINSHASA'),
('pt-PT', 'Avarua', 'CK-AVARUA'),
('en-US', 'Avarua', 'CK-AVARUA'),
('es-ES', 'Avarua', 'CK-AVARUA'),
('fr-FR', 'Avarua', 'CK-AVARUA'),
('de-DE', 'Avarua', 'CK-AVARUA'),
('de-DE', 'San José', 'CR-SAN-JOSE'),
('en-US', 'San José', 'CR-SAN-JOSE'),
('pt-PT', 'San José', 'CR-SAN-JOSE'),
('pt-PT', 'São José', 'CR-SAN-JOSE'),
('es-ES', 'San José', 'CR-SAN-JOSE'),
('fr-FR', 'San José', 'CR-SAN-JOSE'),
('en-US', 'Yamoussoukro (political) and Abidjan (economic)', 'CI-YAMOUSSOUKRO'),
('en-US', 'Yamoussoukro', 'CI-YAMOUSSOUKRO'),
('en-US', 'Abidjan', 'CI-YAMOUSSOUKRO'),
('fr-FR', 'Yamoussoukro (politique) et Abidjan (économique)', 'CI-YAMOUSSOUKRO'),
('fr-FR', 'Yamoussoukro', 'CI-YAMOUSSOUKRO'),
('fr-FR', 'Abidjan', 'CI-YAMOUSSOUKRO'),
('de-DE', 'Yamoussoukro (politisch) und Abidjan (wirtschaftlich)', 'CI-YAMOUSSOUKRO'),
('de-DE', 'Yamoussoukro', 'CI-YAMOUSSOUKRO'),
('de-DE', 'Abidjan', 'CI-YAMOUSSOUKRO'),
('es-ES', 'Yamusukro (político) y Abiyán (económico)', 'CI-YAMOUSSOUKRO'),
('es-ES', 'Yamoussoukro', 'CI-YAMOUSSOUKRO'),
('es-ES', 'Abidjan', 'CI-YAMOUSSOUKRO'),
('pt-PT', 'Yamoussoukro (político) e Abidjan (económico)', 'CI-YAMOUSSOUKRO'),
('pt-PT', 'Yamoussoukro', 'CI-YAMOUSSOUKRO'),
('pt-PT', 'Abidjan', 'CI-YAMOUSSOUKRO'),
('de-DE', 'Zagreb', 'HR-ZAGREB'),
('en-US', 'Zagreb', 'HR-ZAGREB'),
('fr-FR', 'Zagreb', 'HR-ZAGREB'),
('pt-PT', 'Zagreb', 'HR-ZAGREB'),
('es-ES', 'Zagreb', 'HR-ZAGREB'),
('es-ES', 'La Habana', 'CU-HAVANA'),
('de-DE', 'Havanna', 'CU-HAVANA'),
('en-US', 'Havana', 'CU-HAVANA'),
('pt-PT', 'Havana', 'CU-HAVANA'),
('fr-FR', 'La Havane', 'CU-HAVANA'),
('pt-PT', 'Willemstad', 'CW-WILLEMSTAD'),
('es-ES', 'Willemstad', 'CW-WILLEMSTAD'),
('fr-FR', 'Willemstad', 'CW-WILLEMSTAD'),
('en-US', 'Willemstad', 'CW-WILLEMSTAD'),
('de-DE', 'Willemstad', 'CW-WILLEMSTAD'),
('pt-PT', 'Nicósia', 'CY-NICOSIA'),
('es-ES', 'Nicosia', 'CY-NICOSIA'),
('en-US', 'Nicosia', 'CY-NICOSIA'),
('fr-FR', 'Nicosie', 'CY-NICOSIA'),
('de-DE', 'Nikosia', 'CY-NICOSIA'),
('en-US', 'Prague', 'CZ-PRAGUE'),
('es-ES', 'Praga', 'CZ-PRAGUE'),
('pt-PT', 'Praga', 'CZ-PRAGUE'),
('fr-FR', 'Prague', 'CZ-PRAGUE'),
('de-DE', 'Prag', 'CZ-PRAGUE'),
('pt-PT', 'Copenhaga', 'DK-COPENHAGEN'),
('es-ES', 'Copenhague', 'DK-COPENHAGEN'),
('fr-FR', 'Copenhague', 'DK-COPENHAGEN'),
('de-DE', 'Kopenhagen', 'DK-COPENHAGEN'),
('en-US', 'Copenhagen', 'DK-COPENHAGEN'),
('pt-PT', 'Djibouti', 'DJ-DJIBOUTI'),
('es-ES', 'Yibuti', 'DJ-DJIBOUTI'),
('en-US', 'Djibouti', 'DJ-DJIBOUTI'),
('fr-FR', 'Djibouti', 'DJ-DJIBOUTI'),
('de-DE', 'Dschibuti', 'DJ-DJIBOUTI'),
('es-ES', 'Roseau', 'DM-ROSEAU'),
('pt-PT', 'Roseau', 'DM-ROSEAU'),
('fr-FR', 'Roseau', 'DM-ROSEAU'),
('de-DE', 'Roseau', 'DM-ROSEAU'),
('en-US', 'Roseau', 'DM-ROSEAU'),
('en-US', 'Santo Domingo', 'DO-SANTO-DOMINGO'),
('de-DE', 'Santo Domingo', 'DO-SANTO-DOMINGO'),
('fr-FR', 'Saint-Domingue', 'DO-SANTO-DOMINGO'),
('es-ES', 'Santo Domingo', 'DO-SANTO-DOMINGO'),
('pt-PT', 'São Domingos', 'DO-SANTO-DOMINGO'),
('de-DE', 'Quito', 'EC-QUITO'),
('fr-FR', 'Quito', 'EC-QUITO'),
('es-ES', 'Quito', 'EC-QUITO'),
('en-US', 'Quito', 'EC-QUITO'),
('pt-PT', 'Quito', 'EC-QUITO'),
('de-DE', 'Kairo', 'EG-CAIRO'),
('en-US', 'Cairo', 'EG-CAIRO'),
('es-ES', 'El Cairo', 'EG-CAIRO'),
('pt-PT', 'Cairo', 'EG-CAIRO'),
('fr-FR', 'Le Caire', 'EG-CAIRO'),
('es-ES', 'San Salvador', 'SV-SAN-SALVADOR'),
('de-DE', 'San Salvador', 'SV-SAN-SALVADOR'),
('fr-FR', 'San Salvador', 'SV-SAN-SALVADOR'),
('pt-PT', 'San Salvador', 'SV-SAN-SALVADOR'),
('en-US', 'San Salvador', 'SV-SAN-SALVADOR'),
('en-US', 'Malabo', 'GQ-MALABO'),
('de-DE', 'Malabo', 'GQ-MALABO'),
('es-ES', 'Malabo', 'GQ-MALABO'),
('fr-FR', 'Malabo', 'GQ-MALABO'),
('pt-PT', 'Malabo', 'GQ-MALABO'),
('pt-PT', 'Asmara', 'ER-ASMARA'),
('en-US', 'Asmara', 'ER-ASMARA'),
('fr-FR', 'Asmara', 'ER-ASMARA'),
('es-ES', 'Asmara', 'ER-ASMARA'),
('de-DE', 'Asmara', 'ER-ASMARA'),
('en-US', 'Tallinn', 'EE-TALLINN'),
('fr-FR', 'Tallinn', 'EE-TALLINN'),
('de-DE', 'Tallinn', 'EE-TALLINN'),
('es-ES', 'Tallin', 'EE-TALLINN'),
('pt-PT', 'Tallinn', 'EE-TALLINN'),
('fr-FR', 'Mbabane (administrative et judiciaire) et Lobamba (royale et législative)', 'SZ-MBABANE'),
('fr-FR', 'Mbabane', 'SZ-MBABANE'),
('fr-FR', 'Lobamba', 'SZ-MBABANE'),
('es-ES', 'Mbabane (administrativo y judicial) y Lobamba (real y legislativo)', 'SZ-MBABANE'),
('es-ES', 'Mbabane', 'SZ-MBABANE'),
('es-ES', 'Lobamba', 'SZ-MBABANE'),
('en-US', 'Mbabane (administrative and judicial) and Lobamba (royal and legislative)', 'SZ-MBABANE'),
('en-US', 'Mbabane', 'SZ-MBABANE'),
('en-US', 'Lobamba', 'SZ-MBABANE'),
('de-DE', 'Mbabane (Verwaltungs- und Gerichtsbezirk) und Lobamba (königlicher und gesetzgebender Bezirk)', 'SZ-MBABANE'),
('de-DE', 'Mbabane', 'SZ-MBABANE'),
('de-DE', 'Lobamba', 'SZ-MBABANE'),
('pt-PT', 'Mbabane (administrativo e judicial) e Lobamba (real e legislativo)', 'SZ-MBABANE'),
('pt-PT', 'Mbabane', 'SZ-MBABANE'),
('pt-PT', 'Lobamba', 'SZ-MBABANE'),
('fr-FR', 'Addis-Abeba', 'ET-ADDIS-ABABA'),
('en-US', 'Addis Ababa', 'ET-ADDIS-ABABA'),
('de-DE', 'Addis Abeba', 'ET-ADDIS-ABABA'),
('es-ES', 'Adís Abeba', 'ET-ADDIS-ABABA'),
('pt-PT', 'Adis Abeba', 'ET-ADDIS-ABABA'),
('es-ES', 'Puerto Stanley', 'FK-STANLEY'),
('es-ES', 'Puerto Argentino', 'FK-STANLEY'),
('pt-PT', 'Porto Stanley', 'FK-STANLEY'),
('fr-FR', 'Stanley', 'FK-STANLEY'),
('en-US', 'Stanley', 'FK-STANLEY'),
('de-DE', 'Stanley', 'FK-STANLEY'),
('en-US', 'Torshavn', 'FO-TORSHAVN'),
('es-ES', 'Tórshavn', 'FO-TORSHAVN'),
('de-DE', 'Tórshavn', 'FO-TORSHAVN'),
('fr-FR', 'Tórshavn', 'FO-TORSHAVN'),
('pt-PT', 'Tórshavn', 'FO-TORSHAVN'),
('en-US', 'Suva', 'FJ-SUVA'),
('fr-FR', 'Suva', 'FJ-SUVA'),
('es-ES', 'Suva', 'FJ-SUVA'),
('de-DE', 'Suva', 'FJ-SUVA'),
('pt-PT', 'Suva', 'FJ-SUVA'),
('fr-FR', 'Helsinki', 'FI-HELSINKI'),
('es-ES', 'Helsinki', 'FI-HELSINKI'),
('pt-PT', 'Helsínquia', 'FI-HELSINKI'),
('en-US', 'Helsinki', 'FI-HELSINKI'),
('de-DE', 'Helsinki', 'FI-HELSINKI'),
('en-US', 'Cayenne', 'GF-CAYENNE'),
('es-ES', 'Cayenne', 'GF-CAYENNE'),
('de-DE', 'Cayenne', 'GF-CAYENNE'),
('fr-FR', 'Cayenne', 'GF-CAYENNE'),
('pt-PT', 'Caiena', 'GF-CAYENNE'),
('fr-FR', 'Papeete', 'PF-PAPEETE'),
('de-DE', 'Papeete', 'PF-PAPEETE'),
('es-ES', 'Papeete', 'PF-PAPEETE'),
('pt-PT', 'Papeete', 'PF-PAPEETE'),
('en-US', 'Papeete', 'PF-PAPEETE'),
('en-US', 'Port-aux-Francais', 'TF-PORT-AUX-FRANCAIS'),
('de-DE', 'Port-aux-Français', 'TF-PORT-AUX-FRANCAIS'),
('fr-FR', 'Port-aux-Français', 'TF-PORT-AUX-FRANCAIS'),
('es-ES', 'Port-aux-Français', 'TF-PORT-AUX-FRANCAIS'),
('pt-PT', 'Port-aux-Français', 'TF-PORT-AUX-FRANCAIS'),
('de-DE', 'Libreville', 'GA-LIBREVILLE'),
('fr-FR', 'Libreville', 'GA-LIBREVILLE'),
('es-ES', 'Libreville', 'GA-LIBREVILLE'),
('en-US', 'Libreville', 'GA-LIBREVILLE'),
('pt-PT', 'Libreville', 'GA-LIBREVILLE'),
('fr-FR', 'Banjul', 'GM-BANJUL'),
('de-DE', 'Banjul', 'GM-BANJUL'),
('es-ES', 'Banjul', 'GM-BANJUL'),
('en-US', 'Banjul', 'GM-BANJUL'),
('pt-PT', 'Banjul', 'GM-BANJUL'),
('fr-FR', 'Tbilissi', 'GE-TBILISI'),
('de-DE', 'Tbilissi', 'GE-TBILISI'),
('pt-PT', 'Tbilissi', 'GE-TBILISI'),
('es-ES', 'Tbilissi', 'GE-TBILISI'),
('en-US', 'Tbilisi', 'GE-TBILISI'),
('en-US', 'Berlin', 'DE-BERLIN'),
('pt-PT', 'Berlim', 'DE-BERLIN'),
('de-DE', 'Berlin', 'DE-BERLIN'),
('es-ES', 'Berlín', 'DE-BERLIN'),
('fr-FR', 'Berlin', 'DE-BERLIN'),
('en-US', 'Accra', 'GH-ACCRA'),
('fr-FR', 'Accra', 'GH-ACCRA'),
('pt-PT', 'Acra', 'GH-ACCRA'),
('de-DE', 'Accra', 'GH-ACCRA'),
('es-ES', 'Acra', 'GH-ACCRA'),
('es-ES', 'Gibraltar', 'GI-GIBRALTAR'),
('fr-FR', 'Gibraltar', 'GI-GIBRALTAR'),
('pt-PT', 'Gibraltar', 'GI-GIBRALTAR'),
('de-DE', 'Gibraltar', 'GI-GIBRALTAR'),
('en-US', 'Gibraltar', 'GI-GIBRALTAR'),
('fr-FR', 'Athènes', 'GR-ATHENS'),
('de-DE', 'Athen', 'GR-ATHENS'),
('es-ES', 'Atenas', 'GR-ATHENS'),
('en-US', 'Athens', 'GR-ATHENS'),
('pt-PT', 'Atenas', 'GR-ATHENS'),
('de-DE', 'Nuuk', 'GL-NUUK'),
('en-US', 'Nuuk', 'GL-NUUK'),
('pt-PT', 'Nuuk', 'GL-NUUK'),
('es-ES', 'Nuuk', 'GL-NUUK'),
('fr-FR', 'Nuuk', 'GL-NUUK'),
('pt-PT', 'São Jorge', 'GD-ST-GEORGE-S'),
('es-ES', 'Saint George', 'GD-ST-GEORGE-S'),
('de-DE', 'St. George’s', 'GD-ST-GEORGE-S'),
('de-DE', 'Sankt George''s', 'GD-ST-GEORGE-S'),
('en-US', 'St. George''s', 'GD-ST-GEORGE-S'),
('en-US', 'Saint George''s', 'GD-ST-GEORGE-S'),
('fr-FR', 'Saint-Georges', 'GD-ST-GEORGE-S'),
('es-ES', 'Basse-Terre', 'GP-BASSE-TERRE'),
('en-US', 'Basse-Terre', 'GP-BASSE-TERRE'),
('pt-PT', 'Basse-Terre', 'GP-BASSE-TERRE'),
('fr-FR', 'Basse-Terre', 'GP-BASSE-TERRE'),
('de-DE', 'Basse-Terre', 'GP-BASSE-TERRE'),
('fr-FR', 'Hagåtña', 'GU-HAGATNA'),
('fr-FR', 'Agana', 'GU-HAGATNA'),
('fr-FR', 'Agaña', 'GU-HAGATNA'),
('pt-PT', 'Aganha', 'GU-HAGATNA'),
('de-DE', 'Hagåtña', 'GU-HAGATNA'),
('es-ES', 'Agaña', 'GU-HAGATNA'),
('en-US', 'Hagatna', 'GU-HAGATNA'),
('es-ES', 'Ciudad de Guatemala', 'GT-GUATEMALA-CITY'),
('de-DE', 'Guatemala-Stadt', 'GT-GUATEMALA-CITY'),
('pt-PT', 'Cidade da Guatemala', 'GT-GUATEMALA-CITY'),
('fr-FR', 'Guatemala ', 'GT-GUATEMALA-CITY'),
('en-US', 'Guatemala City', 'GT-GUATEMALA-CITY'),
('es-ES', 'Saint Peter Port', 'GG-ST-PETER-PORT'),
('en-US', 'St Peter Port', 'GG-ST-PETER-PORT'),
('fr-FR', 'Saint-Pierre-Port', 'GG-ST-PETER-PORT'),
('pt-PT', 'Porto de São Pedro', 'GG-ST-PETER-PORT'),
('de-DE', 'Saint Peter Port', 'GG-ST-PETER-PORT'),
('en-US', 'Conakry', 'GN-CONAKRY'),
('fr-FR', 'Conakry', 'GN-CONAKRY'),
('de-DE', 'Conakry', 'GN-CONAKRY'),
('es-ES', 'Conakri', 'GN-CONAKRY'),
('pt-PT', 'Conacri', 'GN-CONAKRY'),
('fr-FR', 'Bissau', 'GW-BISSAU'),
('pt-PT', 'Bissau', 'GW-BISSAU'),
('es-ES', 'Bisáu', 'GW-BISSAU'),
('en-US', 'Bissau', 'GW-BISSAU'),
('de-DE', 'Bissau', 'GW-BISSAU'),
('en-US', 'Georgetown', 'GY-GEORGETOWN'),
('es-ES', 'Georgetown ', 'GY-GEORGETOWN'),
('de-DE', 'Georgetown ', 'GY-GEORGETOWN'),
('pt-PT', 'Georgetown ', 'GY-GEORGETOWN'),
('fr-FR', 'Georgetown ', 'GY-GEORGETOWN'),
('en-US', 'Port-au-Prince', 'HT-PORT-AU-PRINCE'),
('es-ES', 'Puerto Príncipe', 'HT-PORT-AU-PRINCE'),
('fr-FR', 'Port-au-Prince', 'HT-PORT-AU-PRINCE'),
('de-DE', 'Port-au-Prince', 'HT-PORT-AU-PRINCE'),
('pt-PT', 'Porto Príncipe', 'HT-PORT-AU-PRINCE'),
('es-ES', 'Heard (nombre arbitrario, sin pueblos, deshabitado)', 'HM-HEARD'),
('es-ES', 'Heard', 'HM-HEARD'),
('pt-PT', 'Heard (nome arbitrário, sem cidades, desabitado)', 'HM-HEARD'),
('pt-PT', 'Heard', 'HM-HEARD'),
('en-US', 'Heard (arbitrary name, no cities, uninhabited)', 'HM-HEARD'),
('en-US', 'Heard', 'HM-HEARD'),
('fr-FR', 'Heard (nom arbitraire, pas de villes, inhabité)', 'HM-HEARD'),
('fr-FR', 'Heard', 'HM-HEARD'),
('de-DE', 'Heard (willkürlicher Name, keine Städte, unbewohnt)', 'HM-HEARD'),
('de-DE', 'Heard', 'HM-HEARD'),
('es-ES', 'Cidade do Vaticano', 'VA-VATICAN-CITY'),
('fr-FR', 'Cité du Vatican', 'VA-VATICAN-CITY'),
('pt-PT', 'Cidade do Vaticano', 'VA-VATICAN-CITY'),
('de-DE', 'Vatikanstadt', 'VA-VATICAN-CITY'),
('de-DE', 'Città del Vaticano', 'VA-VATICAN-CITY'),
('en-US', 'Vatican City', 'VA-VATICAN-CITY'),
('es-ES', 'Tegucigalpa', 'HN-TEGUCIGALPA'),
('de-DE', 'Tegucigalpa', 'HN-TEGUCIGALPA'),
('en-US', 'Tegucigalpa', 'HN-TEGUCIGALPA'),
('fr-FR', 'Tegucigalpa', 'HN-TEGUCIGALPA'),
('pt-PT', 'Tegucigalpa', 'HN-TEGUCIGALPA'),
('en-US', 'Hong Kong', 'HK-HONG-KONG'),
('fr-FR', 'Hong Kong', 'HK-HONG-KONG'),
('es-ES', 'Hong Kong', 'HK-HONG-KONG'),
('pt-PT', 'Hong Kong', 'HK-HONG-KONG'),
('de-DE', 'Hong Kong', 'HK-HONG-KONG'),
('en-US', 'Budapest', 'HU-BUDAPEST'),
('pt-PT', 'Budapeste', 'HU-BUDAPEST'),
('de-DE', 'Budapest', 'HU-BUDAPEST'),
('es-ES', 'Budapest', 'HU-BUDAPEST'),
('fr-FR', 'Budapest', 'HU-BUDAPEST'),
('de-DE', 'Reykjavík', 'IS-REYKJAVIK'),
('fr-FR', 'Reykjavik', 'IS-REYKJAVIK'),
('en-US', 'Reykjavik', 'IS-REYKJAVIK'),
('es-ES', 'Reikiavik', 'IS-REYKJAVIK'),
('pt-PT', 'Reiquiavique', 'IS-REYKJAVIK'),
('fr-FR', 'New Delhi', 'IN-NEW-DELHI'),
('en-US', 'New Delhi', 'IN-NEW-DELHI'),
('es-ES', 'Nueva Delhi', 'IN-NEW-DELHI'),
('de-DE', 'Neu-Delhi', 'IN-NEW-DELHI'),
('pt-PT', 'Nova Deli', 'IN-NEW-DELHI'),
('de-DE', 'Jakarta', 'ID-JAKARTA'),
('fr-FR', 'Jakarta', 'ID-JAKARTA'),
('en-US', 'Jakarta', 'ID-JAKARTA'),
('es-ES', 'Yakarta', 'ID-JAKARTA'),
('pt-PT', 'Jacarta', 'ID-JAKARTA'),
('es-ES', 'Teherán', 'IR-TEHRAN'),
('de-DE', 'Teheran', 'IR-TEHRAN'),
('fr-FR', 'Téhéran', 'IR-TEHRAN'),
('pt-PT', 'Teerã', 'IR-TEHRAN'),
('en-US', 'Tehran', 'IR-TEHRAN'),
('en-US', 'Baghdad', 'IQ-BAGHDAD'),
('de-DE', 'Bagdad', 'IQ-BAGHDAD'),
('pt-PT', 'Bagdá', 'IQ-BAGHDAD'),
('es-ES', 'Bagdad', 'IQ-BAGHDAD'),
('fr-FR', 'Bagdad', 'IQ-BAGHDAD'),
('en-US', 'Dublin', 'IE-DUBLIN'),
('de-DE', 'Dublin', 'IE-DUBLIN'),
('fr-FR', 'Dublin', 'IE-DUBLIN'),
('es-ES', 'Dublín', 'IE-DUBLIN'),
('pt-PT', 'Dublin', 'IE-DUBLIN'),
('pt-PT', 'Douglas', 'IM-DOUGLAS'),
('fr-FR', 'Douglas', 'IM-DOUGLAS'),
('en-US', 'Douglas', 'IM-DOUGLAS'),
('de-DE', 'Douglas', 'IM-DOUGLAS'),
('es-ES', 'Douglas', 'IM-DOUGLAS'),
('en-US', 'Jerusalem', 'IL-JERUSALEM'),
('de-DE', 'Jerusalem', 'IL-JERUSALEM'),
('fr-FR', 'Jérusalem', 'IL-JERUSALEM'),
('es-ES', 'Jerusalén', 'IL-JERUSALEM'),
('pt-PT', 'Jerusalém', 'IL-JERUSALEM'),
('es-ES', 'Roma', 'IT-ROME'),
('pt-PT', 'Roma', 'IT-ROME'),
('en-US', 'Rome', 'IT-ROME'),
('de-DE', 'Rom', 'IT-ROME'),
('fr-FR', 'Rome', 'IT-ROME'),
('fr-FR', 'Kingston', 'JM-KINGSTON'),
('es-ES', 'Kingston', 'JM-KINGSTON'),
('en-US', 'Kingston', 'JM-KINGSTON'),
('de-DE', 'Kingston', 'JM-KINGSTON'),
('pt-PT', 'Kingston', 'JM-KINGSTON'),
('fr-FR', 'Saint-Hélier', 'JE-SAINT-HELIER'),
('pt-PT', 'Santo Helério', 'JE-SAINT-HELIER'),
('de-DE', 'Saint Helier', 'JE-SAINT-HELIER'),
('es-ES', 'Saint Helier', 'JE-SAINT-HELIER'),
('en-US', 'Saint Helier', 'JE-SAINT-HELIER'),
('es-ES', 'Amman', 'JO-AMMAN'),
('pt-PT', 'Amã', 'JO-AMMAN'),
('de-DE', 'Amán', 'JO-AMMAN'),
('en-US', 'Amman', 'JO-AMMAN'),
('fr-FR', 'Amman', 'JO-AMMAN'),
('fr-FR', 'Nour-Soultan', 'KZ-NUR-SULTAN'),
('pt-PT', 'Nur-Sultã', 'KZ-NUR-SULTAN'),
('en-US', 'Nur-Sultan', 'KZ-NUR-SULTAN'),
('en-US', 'Astana', 'KZ-NUR-SULTAN'),
('es-ES', 'Nursultán', 'KZ-NUR-SULTAN'),
('de-DE', 'Nur-Sultan', 'KZ-NUR-SULTAN'),
('pt-PT', 'Nairóbi', 'KE-NAIROBI'),
('fr-FR', 'Nairobi', 'KE-NAIROBI'),
('de-DE', 'Nairobi', 'KE-NAIROBI'),
('es-ES', 'Nairobi', 'KE-NAIROBI'),
('en-US', 'Nairobi', 'KE-NAIROBI'),
('pt-PT', 'Taraua do Sul', 'KI-SOUTH-TARAWA'),
('de-DE', 'South Tarawa', 'KI-SOUTH-TARAWA'),
('es-ES', 'Tarawa Sur', 'KI-SOUTH-TARAWA'),
('fr-FR', 'Tarawa-Sud', 'KI-SOUTH-TARAWA'),
('en-US', 'South Tarawa', 'KI-SOUTH-TARAWA'),
('de-DE', 'Pjöngjang', 'KP-PYONGYANG'),
('fr-FR', 'Pyongyang', 'KP-PYONGYANG'),
('es-ES', 'Pionyang', 'KP-PYONGYANG'),
('en-US', 'Pyongyang', 'KP-PYONGYANG'),
('pt-PT', 'Pyongyang', 'KP-PYONGYANG'),
('pt-PT', 'Seul', 'KR-SEOUL'),
('en-US', 'Seoul', 'KR-SEOUL'),
('fr-FR', 'Séoul', 'KR-SEOUL'),
('de-DE', 'Seoul', 'KR-SEOUL'),
('es-ES', 'Seúl', 'KR-SEOUL'),
('en-US', 'Pristina', 'XK-PRISTINA'),
('de-DE', 'Pristina', 'XK-PRISTINA'),
('fr-FR', 'Pristina', 'XK-PRISTINA'),
('es-ES', 'Pristina', 'XK-PRISTINA'),
('pt-PT', 'Pristina', 'XK-PRISTINA'),
('fr-FR', 'Koweït', 'KW-KUWAIT'),
('de-DE', 'Kuwait', 'KW-KUWAIT'),
('pt-PT', 'Kuwait', 'KW-KUWAIT'),
('es-ES', 'Kuwait', 'KW-KUWAIT'),
('en-US', 'Kuwait', 'KW-KUWAIT'),
('en-US', 'Bishkek', 'KG-BISHKEK'),
('es-ES', 'Biskek', 'KG-BISHKEK'),
('pt-PT', 'Bisqueque', 'KG-BISHKEK'),
('de-DE', 'Bischkek', 'KG-BISHKEK'),
('fr-FR', 'Bichkek', 'KG-BISHKEK'),
('pt-PT', 'Vientiane', 'LA-VIENTIANE'),
('es-ES', 'Vientián', 'LA-VIENTIANE'),
('en-US', 'Vientiane', 'LA-VIENTIANE'),
('fr-FR', 'Vientiane', 'LA-VIENTIANE'),
('de-DE', 'Vientiane', 'LA-VIENTIANE'),
('pt-PT', 'Riga', 'LV-RIGA'),
('en-US', 'Riga', 'LV-RIGA'),
('fr-FR', 'Riga', 'LV-RIGA'),
('de-DE', 'Riga', 'LV-RIGA'),
('es-ES', 'Riga', 'LV-RIGA'),
('en-US', 'Beirut', 'LB-BEIRUT'),
('es-ES', 'Beirut', 'LB-BEIRUT'),
('fr-FR', 'Beyrouth', 'LB-BEIRUT'),
('de-DE', 'Beirut', 'LB-BEIRUT'),
('pt-PT', 'Beirute', 'LB-BEIRUT'),
('fr-FR', 'Maseru', 'LS-MASERU'),
('de-DE', 'Maseru', 'LS-MASERU'),
('pt-PT', 'Maseru', 'LS-MASERU'),
('en-US', 'Maseru', 'LS-MASERU'),
('es-ES', 'Maseru', 'LS-MASERU'),
('es-ES', 'Monrovia', 'LR-MONROVIA'),
('de-DE', 'Monrovia', 'LR-MONROVIA'),
('fr-FR', 'Monrovia', 'LR-MONROVIA'),
('pt-PT', 'Monróvia', 'LR-MONROVIA'),
('en-US', 'Monrovia', 'LR-MONROVIA'),
('de-DE', 'Tripolis', 'LY-TRIPOLIS'),
('en-US', 'Tripolis', 'LY-TRIPOLIS'),
('es-ES', 'Trípoli', 'LY-TRIPOLIS'),
('fr-FR', 'Tripoli', 'LY-TRIPOLIS'),
('pt-PT', 'Trípoli', 'LY-TRIPOLIS'),
('de-DE', 'Vaduz', 'LI-VADUZ'),
('fr-FR', 'Vaduz', 'LI-VADUZ'),
('pt-PT', 'Vaduz', 'LI-VADUZ'),
('en-US', 'Vaduz', 'LI-VADUZ'),
('es-ES', 'Vaduz', 'LI-VADUZ'),
('es-ES', 'Vilna', 'LT-VILNIUS'),
('en-US', 'Vilnius', 'LT-VILNIUS'),
('pt-PT', 'Vilnius', 'LT-VILNIUS'),
('de-DE', 'Vilnius', 'LT-VILNIUS'),
('fr-FR', 'Vilnius', 'LT-VILNIUS'),
('en-US', 'Luxembourg', 'LU-LUXEMBOURG'),
('es-ES', 'Luxembourg', 'LU-LUXEMBOURG'),
('pt-PT', 'Luxembourg', 'LU-LUXEMBOURG'),
('fr-FR', 'Luxembourg', 'LU-LUXEMBOURG'),
('de-DE', 'Luxembourg', 'LU-LUXEMBOURG'),
('en-US', 'Macao', 'MO-MACAO'),
('fr-FR', 'Macao', 'MO-MACAO'),
('es-ES', 'Macao', 'MO-MACAO'),
('pt-PT', 'Macau', 'MO-MACAO'),
('de-DE', 'Macau', 'MO-MACAO'),
('es-ES', 'Antananarivo', 'MG-ANTANANARIVO'),
('de-DE', 'Antananarivo', 'MG-ANTANANARIVO'),
('fr-FR', 'Antananarivo', 'MG-ANTANANARIVO'),
('pt-PT', 'Antananarivo', 'MG-ANTANANARIVO'),
('en-US', 'Antananarivo', 'MG-ANTANANARIVO'),
('de-DE', 'Lilongwe', 'MW-LILONGWE'),
('en-US', 'Lilongwe', 'MW-LILONGWE'),
('es-ES', 'Lilongüe', 'MW-LILONGWE'),
('pt-PT', 'Lilongué', 'MW-LILONGWE'),
('fr-FR', 'Lilongwe', 'MW-LILONGWE'),
('es-ES', 'Kuala Lumpur y Putrajaya (capitales administrativas)', 'MY-KUALA-LUMPUR'),
('es-ES', 'Kuala Lumpur', 'MY-KUALA-LUMPUR'),
('es-ES', 'Putrajaya', 'MY-KUALA-LUMPUR'),
('fr-FR', 'Kuala Lumpur et Putrajaya (capitales administratives)', 'MY-KUALA-LUMPUR'),
('fr-FR', 'Kuala Lumpur', 'MY-KUALA-LUMPUR'),
('fr-FR', 'Putrajaya', 'MY-KUALA-LUMPUR'),
('pt-PT', 'Kuala Lumpur e Putrajaya (capitais administrativas)', 'MY-KUALA-LUMPUR'),
('pt-PT', 'Kuala Lumpur', 'MY-KUALA-LUMPUR'),
('pt-PT', 'Putrajaya', 'MY-KUALA-LUMPUR'),
('en-US', 'Kuala Lumpur and Putrajaya (administrative capitals)', 'MY-KUALA-LUMPUR'),
('en-US', 'Kuala Lumpur', 'MY-KUALA-LUMPUR'),
('en-US', 'Putrajaya', 'MY-KUALA-LUMPUR'),
('de-DE', 'Kuala Lumpur und Putrajaya (Verwaltungshauptstädte)', 'MY-KUALA-LUMPUR'),
('de-DE', 'Kuala Lumpur', 'MY-KUALA-LUMPUR'),
('de-DE', 'Putrajaya', 'MY-KUALA-LUMPUR'),
('es-ES', 'Malé', 'MV-MALE'),
('fr-FR', 'Malé', 'MV-MALE'),
('en-US', 'Male', 'MV-MALE'),
('pt-PT', 'Malé', 'MV-MALE'),
('de-DE', 'Malé', 'MV-MALE'),
('de-DE', 'Bamako', 'ML-BAMAKO'),
('pt-PT', 'Bamaco', 'ML-BAMAKO'),
('en-US', 'Bamako', 'ML-BAMAKO'),
('fr-FR', 'Bamako', 'ML-BAMAKO'),
('es-ES', 'Bamako', 'ML-BAMAKO'),
('fr-FR', 'La Valette', 'MT-VALLETTA'),
('de-DE', 'Valletta', 'MT-VALLETTA'),
('en-US', 'Valletta', 'MT-VALLETTA'),
('pt-PT', 'Valeta', 'MT-VALLETTA'),
('es-ES', 'La Valeta', 'MT-VALLETTA'),
('es-ES', 'Majuro', 'MH-MAJURO'),
('en-US', 'Majuro', 'MH-MAJURO'),
('pt-PT', 'Majuro', 'MH-MAJURO'),
('fr-FR', 'Majuro', 'MH-MAJURO'),
('de-DE', 'Majuro', 'MH-MAJURO'),
('en-US', 'Fort-de-France', 'MQ-FORT-DE-FRANCE'),
('fr-FR', 'Fort-de-France', 'MQ-FORT-DE-FRANCE'),
('pt-PT', 'Forte da França', 'MQ-FORT-DE-FRANCE'),
('es-ES', 'Fort-de-France', 'MQ-FORT-DE-FRANCE'),
('de-DE', 'Fort-de-France', 'MQ-FORT-DE-FRANCE'),
('en-US', 'Nouakchott', 'MR-NOUAKCHOTT'),
('es-ES', 'Nuakchot', 'MR-NOUAKCHOTT'),
('de-DE', 'Nouakchott', 'MR-NOUAKCHOTT'),
('pt-PT', 'Nuaquexote', 'MR-NOUAKCHOTT'),
('fr-FR', 'Nouakchott', 'MR-NOUAKCHOTT'),
('pt-PT', 'Porto Luís', 'MU-PORT-LOUIS'),
('en-US', 'Port Louis', 'MU-PORT-LOUIS'),
('de-DE', 'Port-Louis', 'MU-PORT-LOUIS'),
('fr-FR', 'Port-Louis', 'MU-PORT-LOUIS'),
('es-ES', 'Port-Louis', 'MU-PORT-LOUIS'),
('de-DE', 'Mamoudzou', 'YT-MAMOUDZOU'),
('en-US', 'Mamoudzou', 'YT-MAMOUDZOU'),
('fr-FR', 'Dzaoudzi (de jure) et Mamoudzou (de facto)', 'YT-MAMOUDZOU'),
('fr-FR', 'Dzaoudzi', 'YT-MAMOUDZOU'),
('fr-FR', 'Mamoudzou', 'YT-MAMOUDZOU'),
('es-ES', 'Mamoudzou', 'YT-MAMOUDZOU'),
('pt-PT', 'Mamoudzou', 'YT-MAMOUDZOU'),
('en-US', 'Mexico', 'MX-MEXICO'),
('en-US', 'Mexico City', 'MX-MEXICO'),
('fr-FR', 'Mexico', 'MX-MEXICO'),
('fr-FR', 'Ville de Mexico', 'MX-MEXICO'),
('es-ES', 'Ciudad de México', 'MX-MEXICO'),
('de-DE', 'Mexiko-Stadt', 'MX-MEXICO'),
('pt-PT', 'Cidade do México', 'MX-MEXICO'),
('fr-FR', 'Palikir', 'FM-PALIKIR'),
('pt-PT', 'Paliquir', 'FM-PALIKIR'),
('en-US', 'Palikir', 'FM-PALIKIR'),
('de-DE', 'Palikir', 'FM-PALIKIR'),
('es-ES', 'Palikir', 'FM-PALIKIR'),
('fr-FR', 'Chișinău', 'MD-CHISINAU'),
('en-US', 'Chisinau', 'MD-CHISINAU'),
('de-DE', 'Chișinău', 'MD-CHISINAU'),
('es-ES', 'Chisináu', 'MD-CHISINAU'),
('pt-PT', 'Quixinau', 'MD-CHISINAU'),
('de-DE', 'Monaco', 'MC-MONACO'),
('en-US', 'Monaco', 'MC-MONACO'),
('es-ES', 'Mónaco', 'MC-MONACO'),
('pt-PT', 'Mónaco', 'MC-MONACO'),
('fr-FR', 'Monaco', 'MC-MONACO'),
('pt-PT', 'Ulã Bator', 'MN-ULAN-BATOR'),
('fr-FR', 'Oulan-Bator', 'MN-ULAN-BATOR'),
('es-ES', 'Ulán Bator', 'MN-ULAN-BATOR'),
('en-US', 'Ulan Bator', 'MN-ULAN-BATOR'),
('de-DE', 'Ulaanbaatar', 'MN-ULAN-BATOR'),
('es-ES', 'Podgorica', 'ME-PODGORICA'),
('pt-PT', 'Podgoritza', 'ME-PODGORICA'),
('de-DE', 'Podgorica', 'ME-PODGORICA'),
('en-US', 'Podgorica', 'ME-PODGORICA'),
('fr-FR', 'Podgorica', 'ME-PODGORICA'),
('en-US', 'Plymouth (de jure) and Brades (de facto)', 'MS-PLYMOUTH'),
('en-US', 'Plymouth', 'MS-PLYMOUTH'),
('en-US', 'Brades', 'MS-PLYMOUTH'),
('pt-PT', 'Plymouth (de jure) e Brades (de facto)', 'MS-PLYMOUTH'),
('pt-PT', 'Plymouth', 'MS-PLYMOUTH'),
('pt-PT', 'Brades', 'MS-PLYMOUTH'),
('es-ES', 'Plymouth (de jure) y Brades (de facto)', 'MS-PLYMOUTH'),
('es-ES', 'Plymouth', 'MS-PLYMOUTH'),
('es-ES', 'Brades', 'MS-PLYMOUTH'),
('de-DE', 'Plymouth (de jure) und Brades (de facto)', 'MS-PLYMOUTH'),
('de-DE', 'Plymouth', 'MS-PLYMOUTH'),
('de-DE', 'Brades', 'MS-PLYMOUTH'),
('fr-FR', 'Plymouth (de jure) et Brades (de facto)', 'MS-PLYMOUTH'),
('fr-FR', 'Plymouth', 'MS-PLYMOUTH'),
('fr-FR', 'Brades', 'MS-PLYMOUTH'),
('de-DE', 'Rabat', 'MA-RABAT'),
('pt-PT', 'Rabat', 'MA-RABAT'),
('es-ES', 'Rabat', 'MA-RABAT'),
('fr-FR', 'Rabat', 'MA-RABAT'),
('en-US', 'Rabat', 'MA-RABAT'),
('pt-PT', 'Maputo', 'MZ-MAPUTO'),
('en-US', 'Maputo', 'MZ-MAPUTO'),
('de-DE', 'Maputo', 'MZ-MAPUTO'),
('fr-FR', 'Maputo', 'MZ-MAPUTO'),
('es-ES', 'Maputo', 'MZ-MAPUTO'),
('en-US', 'Nay Pyi Taw', 'MM-NAY-PYI-TAW'),
('pt-PT', 'Nepiedó', 'MM-NAY-PYI-TAW'),
('fr-FR', 'Naypyidaw', 'MM-NAY-PYI-TAW'),
('de-DE', 'Naypyidaw', 'MM-NAY-PYI-TAW'),
('es-ES', 'Naipyidó', 'MM-NAY-PYI-TAW'),
('en-US', 'Windhoek', 'NA-WINDHOEK'),
('de-DE', 'Windhoek', 'NA-WINDHOEK'),
('es-ES', 'Windhoek', 'NA-WINDHOEK'),
('fr-FR', 'Windhoek', 'NA-WINDHOEK'),
('pt-PT', 'Vinduque', 'NA-WINDHOEK'),
('de-DE', 'Yaren', 'NR-YAREN'),
('pt-PT', 'Yaren', 'NR-YAREN'),
('fr-FR', 'Yaren', 'NR-YAREN'),
('en-US', 'Yaren', 'NR-YAREN'),
('es-ES', 'Yaren', 'NR-YAREN'),
('en-US', 'Kathmandu', 'NP-KATHMANDU'),
('es-ES', 'Katmandú', 'NP-KATHMANDU'),
('de-DE', 'Kathmandu', 'NP-KATHMANDU'),
('fr-FR', 'Katmandou', 'NP-KATHMANDU'),
('pt-PT', 'Catmandu', 'NP-KATHMANDU'),
('es-ES', 'Ámsterdam (capital) y La Haya (sede del gobierno)', 'NL-AMSTERDAM'),
('es-ES', 'Ámsterdam', 'NL-AMSTERDAM'),
('es-ES', 'La Haya', 'NL-AMSTERDAM'),
('en-US', 'Amsterdam (capital) and The Hague (seat of government)', 'NL-AMSTERDAM'),
('en-US', 'Amsterdam', 'NL-AMSTERDAM'),
('en-US', 'The Hague', 'NL-AMSTERDAM'),
('fr-FR', 'Amsterdam (capitale) et La Haye (siège du gouvernement)', 'NL-AMSTERDAM'),
('fr-FR', 'Amsterdam', 'NL-AMSTERDAM'),
('fr-FR', 'La Haye', 'NL-AMSTERDAM'),
('pt-PT', 'Amesterdão (capital) e Haia (sede do governo)', 'NL-AMSTERDAM'),
('pt-PT', 'Amesterdão', 'NL-AMSTERDAM'),
('pt-PT', 'Haia', 'NL-AMSTERDAM'),
('de-DE', 'Amsterdam (Hauptstadt) und Den Haag (Regierungssitz)', 'NL-AMSTERDAM'),
('de-DE', 'Amsterdam', 'NL-AMSTERDAM'),
('de-DE', 'Den Haag', 'NL-AMSTERDAM'),
('en-US', 'Noumea', 'NC-NOUMEA'),
('pt-PT', 'Numeá', 'NC-NOUMEA'),
('fr-FR', 'Nouméa', 'NC-NOUMEA'),
('de-DE', 'Nouméa', 'NC-NOUMEA'),
('es-ES', 'Numea', 'NC-NOUMEA'),
('fr-FR', 'Wellington', 'NZ-WELLINGTON'),
('es-ES', 'Wellington', 'NZ-WELLINGTON'),
('pt-PT', 'Wellington', 'NZ-WELLINGTON'),
('en-US', 'Wellington', 'NZ-WELLINGTON'),
('de-DE', 'Wellington', 'NZ-WELLINGTON'),
('fr-FR', 'Managua', 'NI-MANAGUA'),
('es-ES', 'Managua', 'NI-MANAGUA'),
('pt-PT', 'Manágua', 'NI-MANAGUA'),
('de-DE', 'Managua', 'NI-MANAGUA'),
('en-US', 'Managua', 'NI-MANAGUA'),
('pt-PT', 'Niamei', 'NE-NIAMEY'),
('en-US', 'Niamey', 'NE-NIAMEY'),
('de-DE', 'Niamey', 'NE-NIAMEY'),
('es-ES', 'Niamey', 'NE-NIAMEY'),
('fr-FR', 'Niamey', 'NE-NIAMEY'),
('en-US', 'Abuja', 'NG-ABUJA'),
('es-ES', 'Abuya', 'NG-ABUJA'),
('de-DE', 'Abuja', 'NG-ABUJA'),
('fr-FR', 'Abuja', 'NG-ABUJA'),
('pt-PT', 'Abuja', 'NG-ABUJA'),
('pt-PT', 'Alofi', 'NU-ALOFI'),
('en-US', 'Alofi', 'NU-ALOFI'),
('es-ES', 'Alofi', 'NU-ALOFI'),
('de-DE', 'Alofi', 'NU-ALOFI'),
('fr-FR', 'Alofi', 'NU-ALOFI'),
('fr-FR', 'Kingston ', 'NF-KINGSTON'),
('pt-PT', 'Kingston ', 'NF-KINGSTON'),
('es-ES', 'Kingston ', 'NF-KINGSTON'),
('en-US', 'Kingston', 'NF-KINGSTON'),
('de-DE', 'Kingston ', 'NF-KINGSTON'),
('de-DE', 'Skopje', 'MK-SKOPJE'),
('es-ES', 'Skopie', 'MK-SKOPJE'),
('pt-PT', 'Escópia', 'MK-SKOPJE'),
('fr-FR', 'Skopje', 'MK-SKOPJE'),
('en-US', 'Skopje', 'MK-SKOPJE'),
('pt-PT', 'Saipã', 'MP-SAIPAN'),
('en-US', 'Saipan', 'MP-SAIPAN'),
('fr-FR', 'Saipan', 'MP-SAIPAN'),
('es-ES', 'Saipan', 'MP-SAIPAN'),
('de-DE', 'Saipán', 'MP-SAIPAN'),
('en-US', 'Oslo', 'NO-OSLO'),
('fr-FR', 'Oslo', 'NO-OSLO'),
('pt-PT', 'Oslo', 'NO-OSLO'),
('de-DE', 'Oslo', 'NO-OSLO'),
('es-ES', 'Oslo', 'NO-OSLO'),
('es-ES', 'Mascate', 'OM-MUSCAT'),
('en-US', 'Muscat', 'OM-MUSCAT'),
('pt-PT', 'Mascate', 'OM-MUSCAT'),
('de-DE', 'Muskat', 'OM-MUSCAT'),
('fr-FR', 'Mascate', 'OM-MUSCAT'),
('pt-PT', 'Mascate', 'PK-ISLAMABAD'),
('en-US', 'Islamabad', 'PK-ISLAMABAD'),
('es-ES', 'Mascate', 'PK-ISLAMABAD'),
('fr-FR', 'Mascate', 'PK-ISLAMABAD'),
('de-DE', 'Maskat', 'PK-ISLAMABAD'),
('es-ES', 'Melekeok', 'PW-MELEKEOK'),
('en-US', 'Melekeok', 'PW-MELEKEOK'),
('pt-PT', 'Melequeoque', 'PW-MELEKEOK'),
('de-DE', 'Melekeok', 'PW-MELEKEOK'),
('fr-FR', 'Melekeok', 'PW-MELEKEOK'),
('en-US', 'East Jerusalem (proclaimed) and Ramallah (de facto)', 'PS-EAST-JERUSALEM'),
('en-US', 'East Jerusalem', 'PS-EAST-JERUSALEM'),
('en-US', 'Ramallah', 'PS-EAST-JERUSALEM'),
('fr-FR', 'Jérusalem-Est (proclamée) et Ramallah (de facto)', 'PS-EAST-JERUSALEM'),
('fr-FR', 'Jérusalem-Est', 'PS-EAST-JERUSALEM'),
('fr-FR', 'Ramallah', 'PS-EAST-JERUSALEM'),
('pt-PT', 'Jerusalém Oriental (proclamada) e Ramallah (de facto)', 'PS-EAST-JERUSALEM'),
('pt-PT', 'Jerusalém Oriental', 'PS-EAST-JERUSALEM'),
('pt-PT', 'Ramallah', 'PS-EAST-JERUSALEM'),
('de-DE', 'Ost-Jerusalem (proklamiert) und Ramallah (de facto)', 'PS-EAST-JERUSALEM'),
('de-DE', 'Ost-Jerusalem', 'PS-EAST-JERUSALEM'),
('de-DE', 'Ramallah', 'PS-EAST-JERUSALEM'),
('es-ES', 'Jerusalén Este (proclamada) y Ramallah (de facto)', 'PS-EAST-JERUSALEM'),
('es-ES', 'Jerusalén Este', 'PS-EAST-JERUSALEM'),
('es-ES', 'Ramallah', 'PS-EAST-JERUSALEM'),
('fr-FR', 'Panama', 'PA-PANAMA-CITY'),
('de-DE', 'Panama-Stadt', 'PA-PANAMA-CITY'),
('es-ES', 'Ciudad de Panamá', 'PA-PANAMA-CITY'),
('en-US', 'Panama City', 'PA-PANAMA-CITY'),
('pt-PT', 'Cidade do Panamá', 'PA-PANAMA-CITY'),
('pt-PT', 'Porto Moresby', 'PG-PORT-MORESBY'),
('fr-FR', 'Port Moresby', 'PG-PORT-MORESBY'),
('de-DE', 'Port Moresby', 'PG-PORT-MORESBY'),
('es-ES', 'Puerto Moresby', 'PG-PORT-MORESBY'),
('en-US', 'Port Moresby', 'PG-PORT-MORESBY'),
('fr-FR', 'Asuncion', 'PY-ASUNCION'),
('en-US', 'Asuncion', 'PY-ASUNCION'),
('pt-PT', 'Assunção', 'PY-ASUNCION'),
('de-DE', 'Asunción', 'PY-ASUNCION'),
('es-ES', 'Asunción', 'PY-ASUNCION'),
('de-DE', 'Lima', 'PE-LIMA'),
('es-ES', 'Lima', 'PE-LIMA'),
('en-US', 'Lima', 'PE-LIMA'),
('fr-FR', 'Lima', 'PE-LIMA'),
('pt-PT', 'Lima', 'PE-LIMA'),
('es-ES', 'Manila', 'PH-MANILA'),
('fr-FR', 'Manille', 'PH-MANILA'),
('pt-PT', 'Manila', 'PH-MANILA'),
('en-US', 'Manila', 'PH-MANILA'),
('de-DE', 'Manila', 'PH-MANILA'),
('de-DE', 'Adamstown', 'PN-ADAMSTOWN'),
('fr-FR', 'Adamstown', 'PN-ADAMSTOWN'),
('pt-PT', 'Adamstown', 'PN-ADAMSTOWN'),
('en-US', 'Adamstown', 'PN-ADAMSTOWN'),
('es-ES', 'Adamstown', 'PN-ADAMSTOWN'),
('en-US', 'Warsaw', 'PL-WARSAW'),
('fr-FR', 'Varsovie', 'PL-WARSAW'),
('es-ES', 'Varsovia', 'PL-WARSAW'),
('pt-PT', 'Varsóvia', 'PL-WARSAW'),
('de-DE', 'Warschau', 'PL-WARSAW'),
('en-US', 'Lisbon', 'PT-LISBON'),
('de-DE', 'Lissabon', 'PT-LISBON'),
('es-ES', 'Lisboa', 'PT-LISBON'),
('fr-FR', 'Lisbonne', 'PT-LISBON'),
('pt-PT', 'Lisboa', 'PT-LISBON'),
('en-US', 'San Juan', 'PR-SAN-JUAN'),
('fr-FR', 'San Juan', 'PR-SAN-JUAN'),
('es-ES', 'San Juan', 'PR-SAN-JUAN'),
('pt-PT', 'San Juan', 'PR-SAN-JUAN'),
('de-DE', 'San Juan', 'PR-SAN-JUAN'),
('en-US', 'Doha', 'QA-DOHA'),
('fr-FR', 'Doha', 'QA-DOHA'),
('de-DE', 'Doha', 'QA-DOHA'),
('pt-PT', 'Doha', 'QA-DOHA'),
('es-ES', 'Doha', 'QA-DOHA'),
('fr-FR', 'Saint-Denis', 'RE-SAINT-DENIS'),
('de-DE', 'Saint-Denis', 'RE-SAINT-DENIS'),
('pt-PT', 'São Dinis', 'RE-SAINT-DENIS'),
('en-US', 'Saint-Denis', 'RE-SAINT-DENIS'),
('es-ES', 'Saint-Denis', 'RE-SAINT-DENIS'),
('fr-FR', 'Bucarest', 'RO-BUCHAREST'),
('pt-PT', 'Bucareste', 'RO-BUCHAREST'),
('en-US', 'Bucharest', 'RO-BUCHAREST'),
('de-DE', 'Bukarest', 'RO-BUCHAREST'),
('es-ES', 'Bucarest', 'RO-BUCHAREST'),
('en-US', 'Moscow', 'RU-MOSCOW'),
('es-ES', 'Moscú', 'RU-MOSCOW'),
('de-DE', 'Moskau', 'RU-MOSCOW'),
('fr-FR', 'Moscou', 'RU-MOSCOW'),
('pt-PT', 'Moscovo', 'RU-MOSCOW'),
('en-US', 'Kigali', 'RW-KIGALI'),
('pt-PT', 'Quigali', 'RW-KIGALI'),
('fr-FR', 'Kigali', 'RW-KIGALI'),
('de-DE', 'Kigali', 'RW-KIGALI'),
('es-ES', 'Kigali', 'RW-KIGALI'),
('en-US', 'Gustavia', 'BL-GUSTAVIA'),
('de-DE', 'Gustavia', 'BL-GUSTAVIA'),
('es-ES', 'Gustavia', 'BL-GUSTAVIA'),
('fr-FR', 'Gustavia', 'BL-GUSTAVIA'),
('pt-PT', 'Gustávia', 'BL-GUSTAVIA'),
('es-ES', 'Jamestown', 'SH-JAMESTOWN'),
('pt-PT', 'Jamestown', 'SH-JAMESTOWN'),
('en-US', 'Jamestown', 'SH-JAMESTOWN'),
('de-DE', 'Jamestown', 'SH-JAMESTOWN'),
('fr-FR', 'Jamestown', 'SH-JAMESTOWN'),
('fr-FR', 'Basseterre', 'KN-BASSETERRE'),
('es-ES', 'Basseterre', 'KN-BASSETERRE'),
('en-US', 'Basseterre', 'KN-BASSETERRE'),
('de-DE', 'Basseterre', 'KN-BASSETERRE'),
('pt-PT', 'Basseterre', 'KN-BASSETERRE'),
('en-US', 'Castries', 'LC-CASTRIES'),
('fr-FR', 'Castries', 'LC-CASTRIES'),
('pt-PT', 'Castries', 'LC-CASTRIES'),
('de-DE', 'Castries', 'LC-CASTRIES'),
('es-ES', 'Castries', 'LC-CASTRIES'),
('de-DE', 'Marigot', 'MF-MARIGOT'),
('es-ES', 'Marigot', 'MF-MARIGOT'),
('pt-PT', 'Marigot', 'MF-MARIGOT'),
('fr-FR', 'Marigot', 'MF-MARIGOT'),
('en-US', 'Marigot', 'MF-MARIGOT'),
('en-US', 'Saint-Pierre', 'PM-SAINT-PIERRE'),
('pt-PT', 'São Pedro', 'PM-SAINT-PIERRE'),
('es-ES', 'San Pedro', 'PM-SAINT-PIERRE'),
('de-DE', 'Saint-Pierre', 'PM-SAINT-PIERRE'),
('fr-FR', 'Saint-Pierre', 'PM-SAINT-PIERRE'),
('en-US', 'Kingstown', 'VC-KINGSTOWN'),
('es-ES', 'Kingstown', 'VC-KINGSTOWN'),
('pt-PT', 'Kingstown', 'VC-KINGSTOWN'),
('fr-FR', 'Kingstown', 'VC-KINGSTOWN'),
('de-DE', 'Kingstown', 'VC-KINGSTOWN'),
('es-ES', 'Apia', 'WS-APIA'),
('pt-PT', 'Apia', 'WS-APIA'),
('en-US', 'Apia', 'WS-APIA'),
('fr-FR', 'Apia', 'WS-APIA'),
('de-DE', 'Apia', 'WS-APIA'),
('de-DE', 'Stadt San Marino', 'SM-SAN-MARINO'),
('de-DE', 'San Marino', 'SM-SAN-MARINO'),
('en-US', 'San Marino', 'SM-SAN-MARINO'),
('pt-PT', 'São Marino', 'SM-SAN-MARINO'),
('pt-PT', 'República de San Marino', 'SM-SAN-MARINO'),
('pt-PT', 'São Marinho', 'SM-SAN-MARINO'),
('pt-PT', 'Sereníssima República de San Marino', 'SM-SAN-MARINO'),
('es-ES', 'Ciudad de San Marino', 'SM-SAN-MARINO'),
('es-ES', 'San Marino', 'SM-SAN-MARINO'),
('fr-FR', 'Ville de Saint-Marin', 'SM-SAN-MARINO'),
('fr-FR', 'Saint-Marin', 'SM-SAN-MARINO'),
('de-DE', 'São Tomé', 'ST-SAO-TOME'),
('pt-PT', 'São Tomé', 'ST-SAO-TOME'),
('en-US', 'Sao Tome', 'ST-SAO-TOME'),
('es-ES', 'Santo Tomé', 'ST-SAO-TOME'),
('fr-FR', 'São Tomé', 'ST-SAO-TOME'),
('fr-FR', 'Riyad', 'SA-RIYADH'),
('en-US', 'Riyadh', 'SA-RIYADH'),
('de-DE', 'Riad', 'SA-RIYADH'),
('es-ES', 'Riad', 'SA-RIYADH'),
('pt-PT', 'Riade', 'SA-RIYADH'),
('fr-FR', 'Dakar', 'SN-DAKAR'),
('pt-PT', 'Dacar', 'SN-DAKAR'),
('es-ES', 'Dakar', 'SN-DAKAR'),
('en-US', 'Dakar', 'SN-DAKAR'),
('de-DE', 'Dakar', 'SN-DAKAR'),
('en-US', 'Belgrade', 'RS-BELGRADE'),
('es-ES', 'Belgrado', 'RS-BELGRADE'),
('pt-PT', 'Belgrado', 'RS-BELGRADE'),
('fr-FR', 'Belgrade', 'RS-BELGRADE'),
('de-DE', 'Belgrad', 'RS-BELGRADE'),
('fr-FR', 'Victoria', 'SC-VICTORIA'),
('de-DE', 'Victoria', 'SC-VICTORIA'),
('pt-PT', 'Vitória', 'SC-VICTORIA'),
('es-ES', 'Victoria', 'SC-VICTORIA'),
('en-US', 'Victoria', 'SC-VICTORIA'),
('fr-FR', 'Freetown', 'SL-FREETOWN'),
('en-US', 'Freetown', 'SL-FREETOWN'),
('de-DE', 'Freetown', 'SL-FREETOWN'),
('es-ES', 'Freetown', 'SL-FREETOWN'),
('pt-PT', 'Freetown', 'SL-FREETOWN'),
('fr-FR', 'Singapour', 'SG-SINGAPUR'),
('en-US', 'Singapur', 'SG-SINGAPUR'),
('pt-PT', 'Singapura', 'SG-SINGAPUR'),
('es-ES', 'Singapur', 'SG-SINGAPUR'),
('de-DE', 'Singapur', 'SG-SINGAPUR'),
('pt-PT', 'Philipsburg', 'SX-PHILIPSBURG'),
('es-ES', 'Philipsburg', 'SX-PHILIPSBURG'),
('en-US', 'Philipsburg', 'SX-PHILIPSBURG'),
('de-DE', 'Philipsburg', 'SX-PHILIPSBURG'),
('fr-FR', 'Philipsburg ', 'SX-PHILIPSBURG'),
('en-US', 'Bratislava', 'SK-BRATISLAVA'),
('fr-FR', 'Bratislava', 'SK-BRATISLAVA'),
('es-ES', 'Bratislava', 'SK-BRATISLAVA'),
('de-DE', 'Bratislava', 'SK-BRATISLAVA'),
('pt-PT', 'Bratislava', 'SK-BRATISLAVA'),
('de-DE', 'Ljubljana', 'SI-LJUBLJANA'),
('fr-FR', 'Ljubljana', 'SI-LJUBLJANA'),
('en-US', 'Ljubljana', 'SI-LJUBLJANA'),
('es-ES', 'Liubliana', 'SI-LJUBLJANA'),
('pt-PT', 'Liubliana', 'SI-LJUBLJANA'),
('fr-FR', 'Honiara', 'SB-HONIARA'),
('de-DE', 'Honiara', 'SB-HONIARA'),
('en-US', 'Honiara', 'SB-HONIARA'),
('es-ES', 'Honiara', 'SB-HONIARA'),
('pt-PT', 'Honiara', 'SB-HONIARA'),
('fr-FR', 'Mogadiscio', 'SO-MOGADISHU'),
('en-US', 'Mogadishu', 'SO-MOGADISHU'),
('de-DE', 'Mogadischu', 'SO-MOGADISHU'),
('es-ES', 'Mogadiscio', 'SO-MOGADISHU'),
('pt-PT', 'Mogadíscio', 'SO-MOGADISHU'),
('pt-PT', 'Mogadíscio', 'ZA-PRETORIA'),
('es-ES', 'Mogadiscio', 'ZA-PRETORIA'),
('de-DE', 'Mogadischu', 'ZA-PRETORIA'),
('en-US', 'Pretoria', 'ZA-PRETORIA'),
('fr-FR', 'Mogadiscio', 'ZA-PRETORIA'),
('pt-PT', 'Cabo Rei Eduardo', 'GS-KING-EDWARD-POINT'),
('es-ES', 'Base King Edward Point', 'GS-KING-EDWARD-POINT'),
('en-US', 'King Edward Point', 'GS-KING-EDWARD-POINT'),
('fr-FR', 'King Edward Point', 'GS-KING-EDWARD-POINT'),
('de-DE', 'King Edward Point', 'GS-KING-EDWARD-POINT'),
('fr-FR', 'Djouba', 'SS-JUBA'),
('pt-PT', 'Juba', 'SS-JUBA'),
('es-ES', 'Yuba', 'SS-JUBA'),
('de-DE', 'Juba', 'SS-JUBA'),
('en-US', 'Juba', 'SS-JUBA'),
('es-ES', 'Madrid', 'ES-MADRID'),
('de-DE', 'Madrid', 'ES-MADRID'),
('en-US', 'Madrid', 'ES-MADRID'),
('pt-PT', 'Madrid', 'ES-MADRID'),
('fr-FR', 'Madrid', 'ES-MADRID'),
('de-DE', 'Sri Jayawardenapura Kotte (Politik und Verwaltung) und Colombo (Wirtschaft)', 'LK-SRI-JAYAWARDENAPURA-KOTTE'),
('de-DE', 'Sri Jayawardenapura Kotte', 'LK-SRI-JAYAWARDENAPURA-KOTTE'),
('de-DE', 'Colombo', 'LK-SRI-JAYAWARDENAPURA-KOTTE'),
('fr-FR', 'Sri Jayawardenapura Kotte (politique et administrative) et Colombo (économique)', 'LK-SRI-JAYAWARDENAPURA-KOTTE'),
('fr-FR', 'Sri Jayawardenapura Kotte', 'LK-SRI-JAYAWARDENAPURA-KOTTE'),
('fr-FR', 'Colombo', 'LK-SRI-JAYAWARDENAPURA-KOTTE'),
('en-US', 'Sri Jayawardenapura Kotte (political and administrative) and Colombo (economic)', 'LK-SRI-JAYAWARDENAPURA-KOTTE'),
('en-US', 'Sri Jayawardenapura Kotte', 'LK-SRI-JAYAWARDENAPURA-KOTTE'),
('en-US', 'Colombo', 'LK-SRI-JAYAWARDENAPURA-KOTTE'),
('es-ES', 'Sri Jayawardenapura Kotte (político y administrativo) y Colombo (económico)', 'LK-SRI-JAYAWARDENAPURA-KOTTE'),
('es-ES', 'Sri Jayawardenapura Kotte', 'LK-SRI-JAYAWARDENAPURA-KOTTE'),
('es-ES', 'Colombo', 'LK-SRI-JAYAWARDENAPURA-KOTTE'),
('pt-PT', 'Sri Jayawardenapura Kotte (político e administrativo) e Colombo (económico)', 'LK-SRI-JAYAWARDENAPURA-KOTTE'),
('pt-PT', 'Sri Jayawardenapura Kotte', 'LK-SRI-JAYAWARDENAPURA-KOTTE'),
('pt-PT', 'Colombo', 'LK-SRI-JAYAWARDENAPURA-KOTTE'),
('pt-PT', 'Cartum', 'SD-KHARTOUM'),
('de-DE', 'Khartum', 'SD-KHARTOUM'),
('fr-FR', 'Khartoum', 'SD-KHARTOUM'),
('es-ES', 'Jartum', 'SD-KHARTOUM'),
('en-US', 'Khartoum', 'SD-KHARTOUM'),
('de-DE', 'Paramaribo', 'SR-PARAMARIBO'),
('en-US', 'Paramaribo', 'SR-PARAMARIBO'),
('fr-FR', 'Paramaribo', 'SR-PARAMARIBO'),
('es-ES', 'Paramaribo', 'SR-PARAMARIBO'),
('pt-PT', 'Paramaribo', 'SR-PARAMARIBO'),
('pt-PT', 'Longyearbyen', 'SJ-LONGYEARBYEN'),
('en-US', 'Longyearbyen', 'SJ-LONGYEARBYEN'),
('es-ES', 'Longyearbyen', 'SJ-LONGYEARBYEN'),
('fr-FR', 'Longyearbyen', 'SJ-LONGYEARBYEN'),
('de-DE', 'Longyearbyen', 'SJ-LONGYEARBYEN'),
('en-US', 'Stockholm', 'SE-STOCKHOLM'),
('fr-FR', 'Stockholm', 'SE-STOCKHOLM'),
('es-ES', 'Estocolmo', 'SE-STOCKHOLM'),
('pt-PT', 'Estocolmo', 'SE-STOCKHOLM'),
('de-DE', 'Stockholm', 'SE-STOCKHOLM'),
('en-US', 'Berne', 'CH-BERNE'),
('fr-FR', 'Stockholm', 'CH-BERNE'),
('es-ES', 'Estocolmo', 'CH-BERNE'),
('pt-PT', 'Estocolmo', 'CH-BERNE'),
('de-DE', 'Stockholm', 'CH-BERNE'),
('de-DE', 'Damaskus', 'SY-DAMASCUS'),
('en-US', 'Damascus', 'SY-DAMASCUS'),
('es-ES', 'Damasco', 'SY-DAMASCUS'),
('pt-PT', 'Damasco', 'SY-DAMASCUS'),
('fr-FR', 'Damas', 'SY-DAMASCUS'),
('en-US', 'Taipei', 'TW-TAIPEI'),
('fr-FR', 'Taipei', 'TW-TAIPEI'),
('de-DE', 'Taipeh', 'TW-TAIPEI'),
('es-ES', 'Taipéi', 'TW-TAIPEI'),
('pt-PT', 'Taipé', 'TW-TAIPEI'),
('es-ES', 'Dusambé', 'TJ-DUSHANBE'),
('fr-FR', 'Douchanbé', 'TJ-DUSHANBE'),
('de-DE', 'Duschanbe', 'TJ-DUSHANBE'),
('en-US', 'Dushanbe', 'TJ-DUSHANBE'),
('pt-PT', 'Duxambé', 'TJ-DUSHANBE'),
('de-DE', 'Dodoma', 'TZ-DODOMA'),
('es-ES', 'Dodoma', 'TZ-DODOMA'),
('pt-PT', 'Dodoma', 'TZ-DODOMA'),
('en-US', 'Dodoma', 'TZ-DODOMA'),
('fr-FR', 'Dodoma', 'TZ-DODOMA'),
('en-US', 'Bangkok', 'TH-BANGKOK'),
('fr-FR', 'Bangkok', 'TH-BANGKOK'),
('de-DE', 'Bangkok', 'TH-BANGKOK'),
('es-ES', 'Bangkok', 'TH-BANGKOK'),
('pt-PT', 'Banguecoque', 'TH-BANGKOK'),
('de-DE', 'Dili', 'TL-DILI'),
('es-ES', 'Dili', 'TL-DILI'),
('pt-PT', 'Díli', 'TL-DILI'),
('fr-FR', 'Dili', 'TL-DILI'),
('en-US', 'Dili', 'TL-DILI'),
('pt-PT', 'Lomé', 'TG-LOME'),
('de-DE', 'Lomé', 'TG-LOME'),
('fr-FR', 'Lomé', 'TG-LOME'),
('en-US', 'Lome', 'TG-LOME'),
('es-ES', 'Lomé', 'TG-LOME'),
('pt-PT', 'Nenhuma. Cada um dos três atóis (Atafu, Nukunonu e Fakaofo) tem o seu próprio centro administrativo', 'TK-ATAFU'),
('pt-PT', 'Atafu', 'TK-ATAFU'),
('pt-PT', 'Nukunonu', 'TK-ATAFU'),
('pt-PT', 'Fakaofo', 'TK-ATAFU'),
('es-ES', 'Ninguna. Cada uno de los tres atolones (Atafu, Nukunonu y Fakaofo) tiene su propio centro administrativo', 'TK-ATAFU'),
('es-ES', 'Atafu', 'TK-ATAFU'),
('es-ES', 'Nukunonu', 'TK-ATAFU'),
('es-ES', 'Fakaofo', 'TK-ATAFU'),
('fr-FR', 'Aucune. Chacun des trois atolls (Atafu, Nukunonu et Fakaofo) possède son propre centre administratif', 'TK-ATAFU'),
('fr-FR', 'Atafu', 'TK-ATAFU'),
('fr-FR', 'Nukunonu', 'TK-ATAFU'),
('fr-FR', 'Fakaofo', 'TK-ATAFU'),
('en-US', 'None. Each of the three atolls (Atafu, Nukunonu and Fakaofo) has its own administrative center', 'TK-ATAFU'),
('en-US', 'Atafu', 'TK-ATAFU'),
('en-US', 'Nukunonu', 'TK-ATAFU'),
('en-US', 'Fakaofo', 'TK-ATAFU'),
('de-DE', 'Keine. Jedes der drei Atolle (Atafu, Nukunonu und Fakaofo) hat sein eigenes Verwaltungszentrum', 'TK-ATAFU'),
('de-DE', 'Atafu', 'TK-ATAFU'),
('de-DE', 'Nukunonu', 'TK-ATAFU'),
('de-DE', 'Fakaofo', 'TK-ATAFU'),
('es-ES', 'Nukualofa', 'TO-NUKU-ALOFA'),
('pt-PT', 'Nucualofa', 'TO-NUKU-ALOFA'),
('en-US', 'Nuku''alofa', 'TO-NUKU-ALOFA'),
('de-DE', 'Nukuʻalofa', 'TO-NUKU-ALOFA'),
('fr-FR', 'Nukuʻalofa', 'TO-NUKU-ALOFA'),
('fr-FR', 'Port-d''Espagne', 'TT-PORT-OF-SPAIN'),
('fr-FR', 'Port of Spain', 'TT-PORT-OF-SPAIN'),
('de-DE', 'Port of Spain', 'TT-PORT-OF-SPAIN'),
('en-US', 'Port of Spain', 'TT-PORT-OF-SPAIN'),
('pt-PT', 'Port of Spain', 'TT-PORT-OF-SPAIN'),
('es-ES', 'Puerto España', 'TT-PORT-OF-SPAIN'),
('es-ES', 'Túnez', 'TN-TUNIS'),
('de-DE', 'Tunis', 'TN-TUNIS'),
('en-US', 'Tunis', 'TN-TUNIS'),
('pt-PT', 'Tunes', 'TN-TUNIS'),
('fr-FR', 'Tunis', 'TN-TUNIS'),
('de-DE', 'Ankara', 'TR-ANKARA'),
('pt-PT', 'Ancara', 'TR-ANKARA'),
('fr-FR', 'Ankara', 'TR-ANKARA'),
('en-US', 'Ankara', 'TR-ANKARA'),
('es-ES', 'Ankara', 'TR-ANKARA'),
('en-US', 'Ashgabat', 'TM-ASHGABAT'),
('fr-FR', 'Achgabat', 'TM-ASHGABAT'),
('es-ES', 'Asjabad', 'TM-ASHGABAT'),
('de-DE', 'Aşgabat', 'TM-ASHGABAT'),
('pt-PT', 'Asgabade', 'TM-ASHGABAT'),
('en-US', 'Cockburn Town', 'TC-COCKBURN-TOWN'),
('de-DE', 'Cockburn Town', 'TC-COCKBURN-TOWN'),
('fr-FR', 'Cockburn Town', 'TC-COCKBURN-TOWN'),
('pt-PT', 'Cockburn Town', 'TC-COCKBURN-TOWN'),
('es-ES', 'Cockburn Town', 'TC-COCKBURN-TOWN'),
('pt-PT', 'Funafuti', 'TV-FUNAFUTI'),
('en-US', 'Funafuti', 'TV-FUNAFUTI'),
('de-DE', 'Funafuti', 'TV-FUNAFUTI'),
('es-ES', 'Funafuti', 'TV-FUNAFUTI'),
('fr-FR', 'Funafuti', 'TV-FUNAFUTI'),
('de-DE', 'Kampala', 'UG-KAMPALA'),
('es-ES', 'Kampala', 'UG-KAMPALA'),
('en-US', 'Kampala', 'UG-KAMPALA'),
('fr-FR', 'Kampala', 'UG-KAMPALA'),
('pt-PT', 'Campala', 'UG-KAMPALA'),
('de-DE', 'Kyiv', 'UA-KYIV'),
('de-DE', 'Kiev', 'UA-KYIV'),
('en-US', 'Kyiv', 'UA-KYIV'),
('en-US', 'Kiev', 'UA-KYIV'),
('fr-FR', 'Kyiv', 'UA-KYIV'),
('fr-FR', 'Kiev', 'UA-KYIV'),
('fr-FR', 'Kyjiw', 'UA-KYIV'),
('fr-FR', 'Kyïv', 'UA-KYIV'),
('es-ES', 'Kyiv', 'UA-KYIV'),
('es-ES', 'Kiev', 'UA-KYIV'),
('pt-PT', 'Kyiv', 'UA-KYIV'),
('pt-PT', 'Kiev', 'UA-KYIV'),
('pt-PT', 'Quieve', 'UA-KYIV'),
('en-US', 'Abu Dhabi', 'AE-ABU-DHABI'),
('de-DE', 'Abu Dhabi', 'AE-ABU-DHABI'),
('es-ES', 'Abu Dabi', 'AE-ABU-DHABI'),
('pt-PT', 'Abu Dhabi', 'AE-ABU-DHABI'),
('fr-FR', 'Abou Dabi', 'AE-ABU-DHABI'),
('fr-FR', 'Abu Dhabi', 'AE-ABU-DHABI'),
('fr-FR', 'Abou Dhabi', 'AE-ABU-DHABI'),
('fr-FR', 'Aboû Dabî', 'AE-ABU-DHABI'),
('en-US', 'London', 'GB-LONDON'),
('pt-PT', 'Londres', 'GB-LONDON'),
('de-DE', 'London', 'GB-LONDON'),
('es-ES', 'Londres', 'GB-LONDON'),
('fr-FR', 'Londres', 'GB-LONDON'),
('de-DE', 'Washington D.C.', 'US-WASHINGTON-DC'),
('de-DE', 'Washington', 'US-WASHINGTON-DC'),
('es-ES', 'Washington D.C.', 'US-WASHINGTON-DC'),
('es-ES', 'Washington', 'US-WASHINGTON-DC'),
('fr-FR', 'Washington D.C.', 'US-WASHINGTON-DC'),
('fr-FR', 'Washington', 'US-WASHINGTON-DC'),
('en-US', 'Washington D.C.', 'US-WASHINGTON-DC'),
('en-US', 'Washington', 'US-WASHINGTON-DC'),
('pt-PT', 'Washington D.C.', 'US-WASHINGTON-DC'),
('pt-PT', 'Washington', 'US-WASHINGTON-DC'),
('de-DE', 'Johnston-Atoll (einzige bewohnte Insel)', 'UM-JOHNSTON-ATOLL'),
('de-DE', 'Johnston-Atoll', 'UM-JOHNSTON-ATOLL'),
('pt-PT', 'Johnston Atoll (apenas ilha habitada)', 'UM-JOHNSTON-ATOLL'),
('pt-PT', 'Atol Johnston', 'UM-JOHNSTON-ATOLL'),
('es-ES', 'Atolón Johnston (única isla habitada)', 'UM-JOHNSTON-ATOLL'),
('es-ES', 'Atolón Johnston', 'UM-JOHNSTON-ATOLL'),
('fr-FR', 'Atoll Johnston (seule ile habitée)', 'UM-JOHNSTON-ATOLL'),
('fr-FR', 'Atoll Johnston', 'UM-JOHNSTON-ATOLL'),
('en-US', 'Johnston Atoll (only inhabited island)', 'UM-JOHNSTON-ATOLL'),
('en-US', 'Johnston Atoll', 'UM-JOHNSTON-ATOLL'),
('pt-PT', 'Montevidéu', 'UY-MONTEVIDEO'),
('fr-FR', 'Montevideo', 'UY-MONTEVIDEO'),
('es-ES', 'Montevideo', 'UY-MONTEVIDEO'),
('en-US', 'Montevideo', 'UY-MONTEVIDEO'),
('de-DE', 'Montevideo', 'UY-MONTEVIDEO'),
('fr-FR', 'Ouzbékistan', 'UZ-TASHKENT'),
('en-US', 'Tashkent', 'UZ-TASHKENT'),
('de-DE', 'Usbekistan', 'UZ-TASHKENT'),
('es-ES', 'Uzbekistán', 'UZ-TASHKENT'),
('pt-PT', 'Uzbequistão', 'UZ-TASHKENT'),
('de-DE', 'Port Vila', 'VU-PORT-VILA'),
('en-US', 'Port Vila', 'VU-PORT-VILA'),
('pt-PT', 'Porto Vila', 'VU-PORT-VILA'),
('es-ES', 'Port Vila', 'VU-PORT-VILA'),
('fr-FR', 'Port-Vila', 'VU-PORT-VILA'),
('en-US', 'Caracas', 'VE-CARACAS'),
('fr-FR', 'Caracas', 'VE-CARACAS'),
('es-ES', 'Caracas', 'VE-CARACAS'),
('pt-PT', 'Caracas', 'VE-CARACAS'),
('de-DE', 'Caracas', 'VE-CARACAS'),
('pt-PT', 'Hanói', 'VN-HANOI'),
('en-US', 'Hanoi', 'VN-HANOI'),
('de-DE', 'Hanoi', 'VN-HANOI'),
('fr-FR', 'Hanoï', 'VN-HANOI'),
('es-ES', 'Hanói', 'VN-HANOI'),
('en-US', 'Road Town', 'VG-ROAD-TOWN'),
('fr-FR', 'Road Town', 'VG-ROAD-TOWN'),
('de-DE', 'Road Town', 'VG-ROAD-TOWN'),
('pt-PT', 'Road Town', 'VG-ROAD-TOWN'),
('es-ES', 'Road Town', 'VG-ROAD-TOWN'),
('en-US', 'Charlotte Amalie', 'VI-CHARLOTTE-AMALIE'),
('es-ES', 'Charlotte Amalie', 'VI-CHARLOTTE-AMALIE'),
('es-ES', 'Carlota Amalia', 'VI-CHARLOTTE-AMALIE'),
('pt-PT', 'Charlotte Amalie', 'VI-CHARLOTTE-AMALIE'),
('pt-PT', 'Carlota Amália)', 'VI-CHARLOTTE-AMALIE'),
('de-DE', 'Charlotte Amalie', 'VI-CHARLOTTE-AMALIE'),
('fr-FR', 'Charlotte-Amélie', 'VI-CHARLOTTE-AMALIE'),
('de-DE', 'Mata Utu', 'WF-MATA-UTU'),
('pt-PT', 'Mata Utu', 'WF-MATA-UTU'),
('en-US', 'Mata Utu', 'WF-MATA-UTU'),
('es-ES', 'Mata Utu', 'WF-MATA-UTU'),
('fr-FR', 'Mata Utu', 'WF-MATA-UTU'),
('pt-PT', 'El Aiune', 'EH-EL-AAIUN'),
('pt-PT', 'Laâyoune', 'EH-EL-AAIUN'),
('de-DE', 'El Aaiún', 'EH-EL-AAIUN'),
('de-DE', 'Laâyoune', 'EH-EL-AAIUN'),
('es-ES', 'El Aaiún', 'EH-EL-AAIUN'),
('es-ES', 'Laâyoune', 'EH-EL-AAIUN'),
('en-US', 'El-Aaiun', 'EH-EL-AAIUN'),
('en-US', 'Laâyoune', 'EH-EL-AAIUN'),
('fr-FR', 'Laâyoune', 'EH-EL-AAIUN'),
('en-US', 'Sana''a (Houthi government) and Aden (internationally recognized government)', 'YE-SANA-A'),
('en-US', 'Sana''a', 'YE-SANA-A'),
('en-US', 'Aden', 'YE-SANA-A'),
('de-DE', 'Sanaa (Huthi-Regierung) und Aden (international anerkannte Regierung)', 'YE-SANA-A'),
('de-DE', 'Sanaa', 'YE-SANA-A'),
('de-DE', 'Aden', 'YE-SANA-A'),
('es-ES', 'Sana''a (gobierno Houthi) y Aden (gobierno reconocido internacionalmente)', 'YE-SANA-A'),
('es-ES', 'Sana''a', 'YE-SANA-A'),
('es-ES', 'Aden', 'YE-SANA-A'),
('pt-PT', 'Sana''a (governo de Houthi) e Aden (governo internacionalmente reconhecido)', 'YE-SANA-A'),
('pt-PT', 'Sana''a', 'YE-SANA-A'),
('pt-PT', 'Aden', 'YE-SANA-A'),
('fr-FR', 'Sanaa (gouvernement houthi) et Aden (gouvernement internationalement reconnu)', 'YE-SANA-A'),
('fr-FR', 'Sanaa', 'YE-SANA-A'),
('fr-FR', 'Aden', 'YE-SANA-A'),
('en-US', 'Lusaka', 'ZM-LUSAKA'),
('pt-PT', 'Lusaca', 'ZM-LUSAKA'),
('fr-FR', 'Lusaka', 'ZM-LUSAKA'),
('de-DE', 'Lusaka', 'ZM-LUSAKA'),
('es-ES', 'Lusaka', 'ZM-LUSAKA'),
('en-US', 'Harare', 'ZW-HARARE'),
('fr-FR', 'Harare', 'ZW-HARARE'),
('de-DE', 'Harare', 'ZW-HARARE'),
('es-ES', 'Harare', 'ZW-HARARE'),
('pt-PT', 'Harare', 'ZW-HARARE'),
('fr-FR', 'Afghanistan', 'AF'),
('fr-FR', 'République islamique d''Afghanistan', 'AF'),
('fr-FR', 'Émirat Islamique d''Afghanistan', 'AF'),
('de-DE', 'Afghanistan', 'AF'),
('de-DE', 'Islamische Republik Afghanistan', 'AF'),
('de-DE', 'Islamisches Emirat Afghanistan', 'AF'),
('pt-PT', 'Afeganistão', 'AF'),
('pt-PT', 'Emirado Islâmico do Afeganistão', 'AF'),
('es-ES', 'Afganistán', 'AF'),
('es-ES', 'Emirato Islámico de Afganistán', 'AF'),
('es-ES', 'República Democrática de Afganistán', 'AF'),
('en-US', 'Afghanistan', 'AF'),
('en-US', 'Islamic Republic of Afghanistan', 'AF'),
('en-US', 'Islamic Emirate of Afghanistan', 'AF'),
('fr-FR', 'Åland', 'AX'),
('pt-PT', 'Ilhas Åland', 'AX'),
('pt-PT', 'Aland', 'AX'),
('pt-PT', 'Alanda', 'AX'),
('es-ES', 'Åland', 'AX'),
('de-DE', 'Åland', 'AX'),
('de-DE', 'Landskapet Åland', 'AX'),
('en-US', 'Åland', 'AX'),
('en-US', 'Åland Islands', 'AX'),
('es-ES', 'Albania', 'AL'),
('es-ES', 'República de Albania', 'AL'),
('de-DE', 'Albanien', 'AL'),
('de-DE', 'Republika e Shqipërisë', 'AL'),
('en-US', 'Albania', 'AL'),
('en-US', 'Republic of Albania', 'AL'),
('fr-FR', 'Albanie', 'AL'),
('fr-FR', 'République d''Albanie', 'AL'),
('pt-PT', 'Albânia', 'AL'),
('pt-PT', 'República da Albânia', 'AL'),
('de-DE', 'Algerien', 'DZ'),
('de-DE', 'Demokratische Volksrepublik Algerien', 'DZ'),
('pt-PT', 'Argélia', 'DZ'),
('pt-PT', 'República Argelina Democrática e Popular', 'DZ'),
('en-US', 'Algeria', 'DZ'),
('en-US', 'People''s Democratic Republic of Algeria', 'DZ'),
('es-ES', 'Argelia', 'DZ'),
('es-ES', 'República Argelina Democrática y Popular', 'DZ'),
('fr-FR', 'Algérie', 'DZ'),
('fr-FR', 'République algérienne démocratique et populaire', 'DZ'),
('es-ES', 'Samoa Americana', 'AS'),
('pt-PT', 'Samoa Americana', 'AS'),
('fr-FR', 'Samoa Américaines', 'AS'),
('de-DE', 'Amerikanisch-Samoa', 'AS'),
('en-US', 'American Samoa', 'AS'),
('en-US', 'Andorra', 'AD'),
('es-ES', 'Andorra', 'AD'),
('de-DE', 'Andorra', 'AD'),
('pt-PT', 'Andorra', 'AD'),
('pt-PT', 'Principado de Andorra', 'AD'),
('pt-PT', 'Principado dos Vales de Andorra', 'AD'),
('fr-FR', 'Andorre', 'AD'),
('en-US', 'Angola', 'AO'),
('pt-PT', 'Angola', 'AO'),
('pt-PT', 'República de Angola', 'AO'),
('es-ES', 'Angola', 'AO'),
('fr-FR', 'Angola', 'AO'),
('de-DE', 'Angola', 'AO'),
('pt-PT', 'Anguila', 'AI'),
('en-US', 'Anguilla', 'AI'),
('de-DE', 'Anguilla', 'AI'),
('es-ES', 'Anguila', 'AI'),
('fr-FR', 'Anguilla', 'AI'),
('en-US', 'Antarctica', 'AQ'),
('es-ES', 'Antártida', 'AQ'),
('de-DE', 'Antarktis', 'AQ'),
('fr-FR', 'Antarctique', 'AQ'),
('pt-PT', 'Antártida', 'AQ'),
('pt-PT', 'Antártica', 'AQ'),
('es-ES', 'Antigua y Barbuda', 'AG'),
('pt-PT', 'Antígua e Barbuda', 'AG'),
('de-DE', 'Antigua und Barbuda', 'AG'),
('en-US', 'Antigua and Barbuda', 'AG'),
('fr-FR', 'Antigua-et-Barbuda', 'AG'),
('de-DE', 'Argentinien', 'AR'),
('en-US', 'Argentina', 'AR'),
('es-ES', 'Argentina', 'AR'),
('fr-FR', 'Argentine', 'AR'),
('pt-PT', 'República Argentina', 'AR'),
('pt-PT', 'Argentina', 'AR'),
('fr-FR', 'Arménie', 'AM'),
('pt-PT', 'República da Arménia', 'AM'),
('pt-PT', 'Armênia', 'AM'),
('de-DE', 'Armenien', 'AM'),
('en-US', 'Armenia', 'AM'),
('es-ES', 'Armenia', 'AM'),
('en-US', 'Aruba', 'AW'),
('es-ES', 'Aruba', 'AW'),
('pt-PT', 'Aruba', 'AW'),
('de-DE', 'Aruba', 'AW'),
('fr-FR', 'Aruba', 'AW'),
('es-ES', 'Australia', 'AU'),
('fr-FR', 'Australie', 'AU'),
('pt-PT', 'Comunidade da Austrália', 'AU'),
('pt-PT', 'Austrália', 'AU'),
('de-DE', 'Australien', 'AU'),
('en-US', 'Australia', 'AU'),
('de-DE', 'Österreich', 'AT'),
('es-ES', 'Austria', 'AT'),
('pt-PT', 'República da Áustria', 'AT'),
('pt-PT', 'Áustria', 'AT'),
('en-US', 'Austria', 'AT'),
('fr-FR', 'Autriche', 'AT'),
('es-ES', 'Azerbaiyán', 'AZ'),
('en-US', 'Azerbaijan', 'AZ'),
('de-DE', 'Aserbaidschan', 'AZ'),
('pt-PT', 'República do Azerbaijão', 'AZ'),
('pt-PT', 'Azerbaijão', 'AZ'),
('fr-FR', 'Azerbaïdjan', 'AZ'),
('es-ES', 'Bahamas', 'BS'),
('pt-PT', 'Comunidade das Bahamas', 'BS'),
('pt-PT', 'Bahamas', 'BS'),
('pt-PT', 'Baamas', 'BS'),
('en-US', 'Bahamas', 'BS'),
('fr-FR', 'Bahamas', 'BS'),
('de-DE', 'Bahamas', 'BS'),
('en-US', 'Bahrain', 'BH'),
('pt-PT', 'Reino do Barém', 'BH'),
('pt-PT', 'Barém', 'BH'),
('pt-PT', 'Bahrein', 'BH'),
('pt-PT', 'Barein', 'BH'),
('pt-PT', 'Bareine', 'BH'),
('de-DE', 'Bahrain', 'BH'),
('es-ES', 'Baréin', 'BH'),
('fr-FR', 'Bahrain', 'BH'),
('fr-FR', 'Bangladesh', 'BD'),
('en-US', 'Bangladesh', 'BD'),
('es-ES', 'Bangladés', 'BD'),
('de-DE', 'Bangladesch', 'BD'),
('pt-PT', 'República Popular do Bangladexe', 'BD'),
('pt-PT', 'Bangladexe', 'BD'),
('pt-PT', 'Bangladesh', 'BD'),
('es-ES', 'Barbados', 'BB'),
('en-US', 'Barbados', 'BB'),
('pt-PT', 'Barbados', 'BB'),
('fr-FR', 'Barbade', 'BB'),
('de-DE', 'Barbados', 'BB'),
('fr-FR', 'Biélorussie', 'BY'),
('fr-FR', 'Bélarus', 'BY'),
('de-DE', 'Belarus', 'BY'),
('de-DE', 'Republik Belarus', 'BY'),
('en-US', 'Belarus', 'BY'),
('pt-PT', 'República de Belarus', 'BY'),
('pt-PT', 'República da Bielorrússia', 'BY'),
('pt-PT', 'Bielorrússia', 'BY'),
('pt-PT', 'Belarus', 'BY'),
('es-ES', 'Bielorrusia', 'BY'),
('fr-FR', 'Belgique', 'BE'),
('es-ES', 'Bélgica', 'BE'),
('pt-PT', 'Reino da Bélgica', 'BE'),
('pt-PT', 'Bélgica', 'BE'),
('en-US', 'Belgium', 'BE'),
('de-DE', 'Belgien', 'BE'),
('de-DE', 'Belize', 'BZ'),
('pt-PT', 'Belize', 'BZ'),
('en-US', 'Belize', 'BZ'),
('fr-FR', 'Belize', 'BZ'),
('es-ES', 'Belice', 'BZ'),
('es-ES', 'Benín', 'BJ'),
('de-DE', 'Benin', 'BJ'),
('en-US', 'Benin', 'BJ'),
('pt-PT', 'Benim', 'BJ'),
('pt-PT', 'República do Benim', 'BJ'),
('fr-FR', 'Bénin', 'BJ'),
('es-ES', 'Bermudas', 'BM'),
('en-US', 'Bermuda', 'BM'),
('de-DE', 'Bermuda', 'BM'),
('pt-PT', 'Bermudas', 'BM'),
('fr-FR', 'Bermudes', 'BM'),
('es-ES', 'Bután', 'BT'),
('pt-PT', 'Reino do Butão', 'BT'),
('pt-PT', 'Butão', 'BT'),
('en-US', 'Bhutan', 'BT'),
('fr-FR', 'Bhoutan', 'BT'),
('de-DE', 'Bhutan', 'BT'),
('fr-FR', 'Bolivie', 'BO'),
('es-ES', 'Bolivia', 'BO'),
('pt-PT', 'Bolívia', 'BO'),
('pt-PT', 'Estado Plurinacional da Bolívia', 'BO'),
('de-DE', 'Bolivien', 'BO'),
('en-US', 'Bolivia', 'BO'),
('en-US', 'Plurinational State of Bolivia', 'BO'),
('fr-FR', 'Bonaire, Saint-Eustache et Saba', 'BQ'),
('fr-FR', 'Bonaire', 'BQ'),
('fr-FR', 'Saint-Eustache', 'BQ'),
('fr-FR', 'Saba', 'BQ'),
('fr-FR', 'Pays-Bas caribéens', 'BQ'),
('de-DE', 'Bonaire, Saba, Sint Eustatius', 'BQ'),
('de-DE', 'Bonaire', 'BQ'),
('de-DE', 'Sint Eustatius', 'BQ'),
('de-DE', 'Saba', 'BQ'),
('de-DE', 'Karibische Niederlande', 'BQ'),
('pt-PT', 'Bonaire, Santo Eustáquio e Saba', 'BQ'),
('pt-PT', 'Bonaire', 'BQ'),
('pt-PT', 'Santo Eustáquio', 'BQ'),
('pt-PT', 'Saba', 'BQ'),
('pt-PT', 'Países Baixos Caribenhos', 'BQ'),
('es-ES', 'Bonaire, San Eustaquio y Saba', 'BQ'),
('es-ES', 'Bonaire', 'BQ'),
('es-ES', 'San Eustaquio', 'BQ'),
('es-ES', 'Saba', 'BQ'),
('es-ES', 'Caribe Neerlandés', 'BQ'),
('en-US', 'Bonaire, Sint Eustatius and Saba', 'BQ'),
('en-US', 'Caribbean Netherlands', 'BQ'),
('en-US', 'Bonaire', 'BQ'),
('en-US', 'Sint Eustatius', 'BQ'),
('en-US', 'Saba', 'BQ'),
('pt-PT', 'Bósnia e Herzegovina', 'BA'),
('es-ES', 'Bosnia y Herzegovina', 'BA'),
('en-US', 'Bosnia and Herzegovina', 'BA'),
('de-DE', 'Bosnien und Herzegowina', 'BA'),
('fr-FR', 'Bosnie-Herzégovine', 'BA'),
('en-US', 'Botswana', 'BW'),
('de-DE', 'Botswana', 'BW'),
('es-ES', 'Botsuana', 'BW'),
('pt-PT', 'República do Botsuana', 'BW'),
('pt-PT', 'República do Botswana', 'BW'),
('pt-PT', 'Botsuana', 'BW'),
('pt-PT', 'Botswana', 'BW'),
('fr-FR', 'Botswana', 'BW'),
('pt-PT', 'Ilha Bouvet', 'BV'),
('fr-FR', 'Île Bouvet', 'BV'),
('fr-FR', 'Bouvet', 'BV'),
('en-US', 'Bouvet Island', 'BV'),
('en-US', 'Bouvet', 'BV'),
('de-DE', 'Bouvetinsel', 'BV'),
('es-ES', 'Isla Bouvet', 'BV'),
('es-ES', 'Bouvet', 'BV'),
('de-DE', 'Brasilien', 'BR'),
('es-ES', 'Brasil', 'BR'),
('fr-FR', 'Brésil', 'BR'),
('en-US', 'Brazil', 'BR'),
('pt-PT', 'Brasil', 'BR'),
('pt-PT', 'República Federativa do Brasil', 'BR'),
('de-DE', 'Britisches Territorium im Indischen Ozean', 'IO'),
('en-US', 'British Indian Ocean Territory', 'IO'),
('fr-FR', 'Territoire britannique de l''océan Indien', 'IO'),
('es-ES', 'Territorio Británico del Océano Índico', 'IO'),
('pt-PT', 'Território Britânico do Oceano Índico', 'IO'),
('pt-PT', 'Brunei', 'BN'),
('pt-PT', 'Nação de Brunei, a Morada da Paz', 'BN'),
('pt-PT', 'Estado de Brunei Darussalam', 'BN'),
('pt-PT', 'Darussalã', 'BN'),
('es-ES', 'Brunéi', 'BN'),
('es-ES', 'Estado de Brunéi Darussalam', 'BN'),
('de-DE', 'Brunei', 'BN'),
('de-DE', 'Brunei Darussalam', 'BN'),
('en-US', 'Brunei', 'BN'),
('en-US', 'Brunei Darussalam', 'BN'),
('fr-FR', 'Brunei', 'BN'),
('fr-FR', 'Brunei Darussalam', 'BN'),
('fr-FR', 'Bulgarie', 'BG'),
('en-US', 'Bulgaria', 'BG'),
('pt-PT', 'Bulgária', 'BG'),
('pt-PT', 'República da Bulgária', 'BG'),
('es-ES', 'Bulgaria', 'BG'),
('de-DE', 'Bulgarien', 'BG'),
('pt-PT', 'Burquina Fasso', 'BF'),
('pt-PT', 'Burquina Faso', 'BF'),
('en-US', 'Burkina Faso', 'BF'),
('es-ES', 'Burkina Faso', 'BF'),
('fr-FR', 'Burkina Faso', 'BF'),
('de-DE', 'Burkina Faso', 'BF'),
('es-ES', 'Burundi', 'BI'),
('en-US', 'Burundi', 'BI'),
('de-DE', 'Burundi', 'BI'),
('pt-PT', 'Burundi', 'BI'),
('pt-PT', 'República do Burúndi', 'BI'),
('fr-FR', 'Burundi', 'BI'),
('fr-FR', 'Cap-Vert', 'CV'),
('es-ES', 'Cabo Verde', 'CV'),
('de-DE', 'Kap Verde', 'CV'),
('de-DE', 'Cabo Verde', 'CV'),
('en-US', 'Cabo Verde', 'CV'),
('en-US', 'Cape Verde', 'CV'),
('pt-PT', 'Cabo Verde', 'CV'),
('pt-PT', 'República de Cabo Verde', 'CV'),
('fr-FR', 'Cambodge', 'KH'),
('pt-PT', 'Reino do Camboja', 'KH'),
('pt-PT', 'Camboja', 'KH'),
('pt-PT', 'Cambodja', 'KH'),
('en-US', 'Cambodia', 'KH'),
('de-DE', 'Kambodscha', 'KH'),
('es-ES', 'Camboya', 'KH'),
('en-US', 'Cameroon', 'CM'),
('de-DE', 'Kamerun', 'CM'),
('es-ES', 'Camerún', 'CM'),
('fr-FR', 'Cameroun', 'CM'),
('pt-PT', 'República dos Camarões', 'CM'),
('pt-PT', 'Camarões', 'CM'),
('es-ES', 'Canadá', 'CA'),
('fr-FR', 'Canada', 'CA'),
('en-US', 'Canada', 'CA'),
('de-DE', 'Kanada', 'CA'),
('pt-PT', 'Canadá', 'CA'),
('en-US', 'Cayman Islands', 'KY'),
('es-ES', 'Islas Caimán', 'KY'),
('de-DE', 'Cayman Islands', 'KY'),
('de-DE', 'Kaimaninseln', 'KY'),
('fr-FR', 'Îles Cayman', 'KY'),
('pt-PT', 'ilhas Caimã', 'KY'),
('pt-PT', 'Ilhas Caimão', 'KY'),
('pt-PT', 'Ilhas Cayman', 'KY'),
('pt-PT', 'República Centro-Africana', 'CF'),
('pt-PT', 'República da África-Central e Centráfrica', 'CF'),
('fr-FR', 'République Centrafricaine', 'CF'),
('es-ES', 'República Centroafricana', 'CF'),
('en-US', 'Central African Republic', 'CF'),
('de-DE', 'Zentralafrikanische Republik', 'CF'),
('pt-PT', 'Chade', 'TD'),
('de-DE', 'Tschad', 'TD'),
('es-ES', 'Chad', 'TD'),
('fr-FR', 'Tchad', 'TD'),
('en-US', 'Chad', 'TD'),
('pt-PT', 'República do Chile', 'CL'),
('pt-PT', 'Chile', 'CL'),
('fr-FR', 'Chili', 'CL'),
('es-ES', 'Chile', 'CL'),
('en-US', 'Chile', 'CL'),
('de-DE', 'Chile', 'CL'),
('es-ES', 'China', 'CN'),
('en-US', 'China', 'CN'),
('fr-FR', 'Chine', 'CN'),
('fr-FR', 'République populaire de Chine', 'CN'),
('de-DE', 'China', 'CN'),
('de-DE', 'Volksrepublik China', 'CN'),
('pt-PT', 'China', 'CN'),
('pt-PT', 'República Popular da China', 'CN'),
('pt-PT', 'Ilha Christmas', 'CX'),
('pt-PT', 'Território da Ilha Christmas', 'CX'),
('pt-PT', 'Território da Ilha do Natal', 'CX'),
('pt-PT', 'Ilha do Nata', 'CX'),
('en-US', 'Christmas Island', 'CX'),
('fr-FR', 'Ïle Christmas', 'CX'),
('es-ES', 'Isla de Navidad', 'CX'),
('de-DE', 'Weihnachtsinsel', 'CX'),
('de-DE', 'Kokosinseln', 'CC'),
('de-DE', 'Keelinginseln', 'CC'),
('pt-PT', 'Território das Ilhas Cocos', 'CC'),
('pt-PT', 'Ilhas Cocos', 'CC'),
('pt-PT', 'Ilhas dos Cocos', 'CC'),
('pt-PT', 'Ilhas Keeling', 'CC'),
('es-ES', 'Islas Cocos', 'CC'),
('es-ES', 'Islas Keeling', 'CC'),
('fr-FR', 'Îles Cocos', 'CC'),
('fr-FR', 'îles Keeling', 'CC'),
('en-US', 'Cocos Islands', 'CC'),
('en-US', 'Keeling Islands', 'CC'),
('es-ES', 'Colombia', 'CO'),
('pt-PT', 'República da Colômbia', 'CO'),
('pt-PT', 'Colômbia', 'CO'),
('de-DE', 'Kolumbien', 'CO'),
('en-US', 'Colombia', 'CO'),
('fr-FR', 'Colombie', 'CO'),
('es-ES', 'Comoras', 'KM'),
('pt-PT', 'União das Comores', 'KM'),
('pt-PT', 'Comores', 'KM'),
('en-US', 'Comoros', 'KM'),
('fr-FR', 'Comores', 'KM'),
('de-DE', 'Komoren', 'KM'),
('pt-PT', 'República do Congo', 'CG'),
('pt-PT', 'Congo-Brazavile', 'CG'),
('pt-PT', 'Congo-Brazzaville', 'CG'),
('fr-FR', 'République du Congo', 'CG'),
('fr-FR', 'Congo', 'CG'),
('en-US', 'Republic of the Congo', 'CG'),
('en-US', 'Congo', 'CG'),
('de-DE', 'Republik Kongo', 'CG'),
('es-ES', 'República del Congo', 'CG'),
('es-ES', 'Congo', 'CG'),
('es-ES', 'República Democrática del Congo', 'CD'),
('es-ES', 'Congo-Kinsasa', 'CD'),
('es-ES', 'Congo Democrático', 'CD'),
('es-ES', 'Congo del Este', 'CD'),
('en-US', 'Democratic Republic of the Congo', 'CD'),
('en-US', 'Congo-Kinshasa', 'CD'),
('fr-FR', 'République démocratique du Congo', 'CD'),
('fr-FR', 'Congo-Kinshasa', 'CD'),
('pt-PT', 'República Democrática do Congo', 'CD'),
('pt-PT', 'Congo-Quinxassa', 'CD'),
('pt-PT', 'Congo-Kinshasa', 'CD'),
('de-DE', 'Demokratische Republik Kongo', 'CD'),
('de-DE', 'Kongo-Kinshasa', 'CD'),
('de-DE', 'Congo-Léopoldville', 'CD'),
('pt-PT', 'Ilhas Cook', 'CK'),
('en-US', 'Cook Islands', 'CK'),
('es-ES', 'Islas Cook', 'CK'),
('de-DE', 'Cookinseln', 'CK'),
('fr-FR', 'Ïles Cook', 'CK'),
('en-US', 'Costa Rica', 'CR'),
('fr-FR', 'Costa Rica', 'CR'),
('de-DE', 'Costa Rica', 'CR'),
('es-ES', 'Costa Rica', 'CR'),
('pt-PT', 'República da Costa Rica', 'CR'),
('pt-PT', 'Costa Rica', 'CR'),
('fr-FR', 'Côte d''Ivoire', 'CI'),
('en-US', 'Côte d''Ivoire', 'CI'),
('pt-PT', 'República da Costa do Marfim', 'CI'),
('pt-PT', 'Costa do Marfim', 'CI'),
('de-DE', 'Elfenbeinküste', 'CI'),
('es-ES', 'Costa de Marfil', 'CI'),
('de-DE', 'Kroatien', 'HR'),
('de-DE', 'Republik Kroatien', 'HR'),
('fr-FR', 'Croatie', 'HR'),
('fr-FR', 'République de Croatie', 'HR'),
('pt-PT', 'República da Croácia', 'HR'),
('pt-PT', 'Croácia', 'HR'),
('es-ES', 'Croacia', 'HR'),
('en-US', 'Croatia', 'HR'),
('en-US', 'Cuba', 'CU'),
('pt-PT', 'República de Cuba', 'CU'),
('pt-PT', 'Cuba', 'CU'),
('fr-FR', 'Cuba', 'CU'),
('fr-FR', 'République de Cuba', 'CU'),
('de-DE', 'Kuba', 'CU'),
('de-DE', 'República de Cuba', 'CU'),
('es-ES', 'Cuba', 'CU'),
('es-ES', 'República de Cuba', 'CU'),
('pt-PT', 'Curaçau', 'CW'),
('fr-FR', 'Curaçao', 'CW'),
('es-ES', 'Curazao', 'CW'),
('de-DE', 'Curaçao', 'CW'),
('en-US', 'Curaçao', 'CW'),
('pt-PT', 'República de Chipre', 'CY'),
('pt-PT', 'Chipre', 'CY'),
('en-US', 'Cyprus', 'CY'),
('es-ES', 'Chipre', 'CY'),
('de-DE', 'Zypern', 'CY'),
('fr-FR', 'Chypre', 'CY'),
('fr-FR', 'République tchèque', 'CZ'),
('fr-FR', 'Tchéquie', 'CZ'),
('en-US', 'Czechia', 'CZ'),
('es-ES', 'República Checa', 'CZ'),
('de-DE', 'Tschechien', 'CZ'),
('de-DE', 'Tschechische Republik', 'CZ'),
('pt-PT', 'República Checa', 'CZ'),
('pt-PT', 'República Tcheca', 'CZ'),
('pt-PT', 'Chéquia', 'CZ'),
('pt-PT', 'Tchéquia', 'CZ'),
('de-DE', 'Dänemark', 'DK'),
('fr-FR', 'Danemark', 'DK'),
('es-ES', 'Dinamarca', 'DK'),
('pt-PT', 'Reino da Dinamarca', 'DK'),
('pt-PT', 'Dinamarca', 'DK'),
('en-US', 'Denmark', 'DK'),
('pt-PT', 'República do Djibuti', 'DJ'),
('pt-PT', 'Djibuti', 'DJ'),
('pt-PT', 'Jibuti', 'DJ'),
('de-DE', 'Dschibuti', 'DJ'),
('fr-FR', 'Djibouti', 'DJ'),
('es-ES', 'Yibuti', 'DJ'),
('en-US', 'Djibouti', 'DJ'),
('es-ES', 'Dominica', 'DM'),
('fr-FR', 'Dominique', 'DM'),
('de-DE', 'Dominica', 'DM'),
('pt-PT', 'Comunidade da Dominica', 'DM'),
('pt-PT', 'Dominica', 'DM'),
('en-US', 'Dominica', 'DM'),
('en-US', 'Dominican Republic', 'DO'),
('fr-FR', 'République Dominicaine', 'DO'),
('pt-PT', 'República Dominicana', 'DO'),
('es-ES', 'República Dominicana', 'DO'),
('de-DE', 'Dominikanische Republik', 'DO'),
('es-ES', 'Ecuador', 'EC'),
('de-DE', 'Ecuador', 'EC'),
('pt-PT', 'República do Equador', 'EC'),
('pt-PT', 'Equador', 'EC'),
('fr-FR', 'Équateur', 'EC'),
('en-US', 'Ecuador', 'EC'),
('en-US', 'Egypt', 'EG'),
('de-DE', 'Ägypten', 'EG'),
('es-ES', 'Egipto', 'EG'),
('fr-FR', 'Égypte', 'EG'),
('pt-PT', 'Egito', 'EG'),
('pt-PT', 'República Árabe do Egito', 'EG'),
('pt-PT', 'El Salvador', 'SV'),
('pt-PT', 'República de El Salvador', 'SV'),
('pt-PT', 'República do Salvador', 'SV'),
('pt-PT', 'Salvador', 'SV'),
('en-US', 'El Salvador', 'SV'),
('fr-FR', 'El Salvardor', 'SV'),
('fr-FR', 'Salvador', 'SV'),
('de-DE', 'El Salvador', 'SV'),
('es-ES', 'El Salvador', 'SV'),
('en-US', 'Equatorial Guinea', 'GQ'),
('fr-FR', 'Guinée Équatoriale', 'GQ'),
('es-ES', 'Guinea Ecuatorial', 'GQ'),
('pt-PT', 'República da Guiné Equatorial', 'GQ'),
('pt-PT', 'Guiné Equatorial', 'GQ'),
('de-DE', 'Äquatorialguinea', 'GQ'),
('pt-PT', 'Estado da Eritreia', 'ER'),
('pt-PT', 'Eritreia', 'ER'),
('es-ES', 'Eritrea', 'ER'),
('en-US', 'Eritrea', 'ER'),
('fr-FR', 'Érythrée', 'ER'),
('de-DE', 'Eritrea', 'ER'),
('pt-PT', 'República da Estónia', 'EE'),
('pt-PT', 'Estónia', 'EE'),
('de-DE', 'Estland', 'EE'),
('fr-FR', 'Estonie', 'EE'),
('en-US', 'Estonia', 'EE'),
('es-ES', 'Estonia', 'EE'),
('fr-FR', 'Eswatini', 'SZ'),
('fr-FR', 'Royaume d''Eswatini', 'SZ'),
('fr-FR', 'Swaziland', 'SZ'),
('pt-PT', 'Essuatíni', 'SZ'),
('pt-PT', 'Reino de Essuatíni', 'SZ'),
('es-ES', 'Esuatini', 'SZ'),
('es-ES', 'Suazilandia', 'SZ'),
('es-ES', 'Eswatini', 'SZ'),
('es-ES', 'Reino de Suazilandia', 'SZ'),
('es-ES', 'Reino de Esuatini', 'SZ'),
('en-US', 'Eswatini', 'SZ'),
('en-US', 'Swaziland', 'SZ'),
('de-DE', 'Eswatini', 'SZ'),
('de-DE', 'Königreich Eswatini', 'SZ'),
('de-DE', 'Äthiopien', 'ET'),
('en-US', 'Ethiopia', 'ET'),
('fr-FR', 'Éthiopie', 'ET'),
('es-ES', 'Etiopía', 'ET'),
('pt-PT', 'República Democrática Federal da Etiópia', 'ET'),
('pt-PT', 'Etiópia', 'ET'),
('pt-PT', 'Ilhas Malvinas', 'FK'),
('pt-PT', 'Ilhas Falkland', 'FK'),
('pt-PT', 'Falklands', 'FK'),
('de-DE', 'Falklandinseln', 'FK'),
('de-DE', 'Malwinen', 'FK'),
('fr-FR', 'Îles Falkland', 'FK'),
('fr-FR', 'Îles Malouines', 'FK'),
('en-US', 'Falkland Islands', 'FK'),
('en-US', 'Malvinas', 'FK'),
('es-ES', 'Islas Malvinas', 'FK'),
('pt-PT', 'Ilhas Feroé', 'FO'),
('pt-PT', 'Ilhas Féroe', 'FO'),
('fr-FR', 'Îles Féroé', 'FO'),
('de-DE', 'Färöer', 'FO'),
('en-US', 'Faroe Islands', 'FO'),
('es-ES', 'Islas Feroe', 'FO'),
('fr-FR', 'Fidji', 'FJ'),
('de-DE', 'Fidschi', 'FJ'),
('pt-PT', 'República das Fíji', 'FJ'),
('pt-PT', 'Fiji', 'FJ'),
('en-US', 'Fiji', 'FJ'),
('es-ES', 'Fiyi', 'FJ'),
('es-ES', 'Finlandia', 'FI'),
('de-DE', 'Finnland', 'FI'),
('de-DE', 'Republik Finnland', 'FI'),
('pt-PT', 'República da Finlândia', 'FI'),
('pt-PT', 'Finlândia', 'FI'),
('en-US', 'Finland', 'FI'),
('fr-FR', 'Finlande', 'FI'),
('es-ES', 'Francia', 'FR'),
('en-US', 'France', 'FR'),
('fr-FR', 'France', 'FR'),
('de-DE', 'Frankreich', 'FR'),
('pt-PT', 'República Francesa', 'FR'),
('pt-PT', 'França', 'FR'),
('pt-PT', 'Guiana Francesa', 'GF'),
('fr-FR', 'Guyane', 'GF'),
('es-ES', 'Guayana Francesa', 'GF'),
('en-US', 'French Guiana', 'GF'),
('de-DE', 'Französisch-Guayana', 'GF'),
('es-ES', 'Polinesia Francesa', 'PF'),
('de-DE', 'Französisch-Polynesien', 'PF'),
('en-US', 'French Polynesia', 'PF'),
('pt-PT', 'Polinésia Francesa', 'PF'),
('fr-FR', 'Polynésie française', 'PF'),
('es-ES', 'Tierras Australes y Antárticas Francesas', 'TF'),
('pt-PT', 'Território das Terras Austrais e Antárcticas Francesas', 'TF'),
('pt-PT', 'Terras Austrais e Antárticas Francesas', 'TF'),
('en-US', 'French Southern Territories', 'TF'),
('fr-FR', 'Terres australes et antarctiques françaises', 'TF'),
('fr-FR', 'Terres australes et antarctiques', 'TF'),
('de-DE', 'Französische Süd- und Antarktisgebiete', 'TF'),
('es-ES', 'Gabón', 'GA'),
('en-US', 'Gabon', 'GA'),
('fr-FR', 'Gabon', 'GA'),
('pt-PT', 'República Gabonesa', 'GA'),
('pt-PT', 'Gabão', 'GA'),
('de-DE', 'Gabun', 'GA'),
('fr-FR', 'Gambie', 'GM'),
('en-US', 'Gambia', 'GM'),
('es-ES', 'Gambia', 'GM'),
('de-DE', 'Gambia', 'GM'),
('pt-PT', 'República da Gâmbia', 'GM'),
('pt-PT', 'Gâmbia', 'GM'),
('de-DE', 'Georgien', 'GE'),
('es-ES', 'Georgia', 'GE'),
('en-US', 'Georgia', 'GE'),
('fr-FR', 'Géorgie', 'GE'),
('pt-PT', 'Geórgia', 'GE'),
('fr-FR', 'Allemagne', 'DE'),
('de-DE', 'Deutschland', 'DE'),
('en-US', 'Germany', 'DE'),
('es-ES', 'Alemania', 'DE'),
('pt-PT', 'República Federal da Alemanha', 'DE'),
('pt-PT', 'Alemanha', 'DE'),
('en-US', 'Ghana', 'GH'),
('fr-FR', 'Ghana', 'GH'),
('es-ES', 'Ghana', 'GH'),
('de-DE', 'Ghana', 'GH'),
('pt-PT', 'Gana', 'GH'),
('pt-PT', 'República do Gana', 'GH'),
('en-US', 'Gibraltar', 'GI'),
('es-ES', 'Gibraltar', 'GI'),
('fr-FR', 'Gibraltar', 'GI'),
('de-DE', 'Gibraltar', 'GI'),
('pt-PT', 'Gibraltar', 'GI'),
('de-DE', 'Griechenland', 'GR'),
('en-US', 'Greece', 'GR'),
('fr-FR', 'Grèce', 'GR'),
('es-ES', 'Grecia', 'GR'),
('pt-PT', 'República Helênica', 'GR'),
('pt-PT', 'Grécia', 'GR'),
('pt-PT', 'Groenlândia', 'GL'),
('pt-PT', 'Gronelândia', 'GL'),
('pt-PT', 'Groelândia', 'GL'),
('fr-FR', 'Groenland', 'GL'),
('en-US', 'Greenland', 'GL'),
('de-DE', 'Grönland', 'GL'),
('es-ES', 'Groenlandia', 'GL'),
('fr-FR', 'Grenade', 'GD'),
('de-DE', 'Grenada', 'GD'),
('pt-PT', 'Granada', 'GD'),
('en-US', 'Grenada', 'GD'),
('es-ES', 'Granada', 'GD'),
('en-US', 'Guadeloupe', 'GP'),
('pt-PT', 'Guadalupe', 'GP'),
('fr-FR', 'Guadeloupe', 'GP'),
('de-DE', 'Guadeloupe', 'GP'),
('es-ES', 'Guadalupe', 'GP'),
('fr-FR', 'Guam', 'GU'),
('en-US', 'Guam', 'GU'),
('de-DE', 'Guam', 'GU'),
('es-ES', 'Guam', 'GU'),
('pt-PT', 'Guam', 'GU'),
('pt-PT', 'Guão', 'GU'),
('pt-PT', 'Guame', 'GU'),
('fr-FR', 'Guatemala', 'GT'),
('de-DE', 'Guatemala', 'GT'),
('pt-PT', 'Guatemala', 'GT'),
('pt-PT', 'República da Guatemala', 'GT'),
('en-US', 'Guatemala', 'GT'),
('es-ES', 'Guatemala', 'GT'),
('en-US', 'Guernsey', 'GG'),
('es-ES', 'Guernsey', 'GG'),
('de-DE', 'Guernsey', 'GG'),
('de-DE', 'Kanalinsel', 'GG'),
('pt-PT', 'Guernsey', 'GG'),
('pt-PT', 'Guernesey', 'GG'),
('pt-PT', 'Bailiado de Guernsey', 'GG'),
('pt-PT', 'Bailiado de Guernesey', 'GG'),
('pt-PT', 'Guernesei', 'GG'),
('fr-FR', 'Guernesey', 'GG'),
('es-ES', 'Guinea', 'GN'),
('pt-PT', 'Guiné-Conacri', 'GN'),
('pt-PT', 'República da Guiné', 'GN'),
('de-DE', 'Guinea', 'GN'),
('fr-FR', 'Guinée', 'GN'),
('en-US', 'Guinea', 'GN'),
('es-ES', 'Guinea-Bisáu', 'GW'),
('pt-PT', 'Guiné-Bissau', 'GW'),
('pt-PT', 'República da Guiné-Bissau', 'GW'),
('en-US', 'Guinea-Bissau', 'GW'),
('de-DE', 'Guinea-Bissau', 'GW'),
('fr-FR', 'Guinée-Bissau', 'GW'),
('fr-FR', 'Guyane', 'GY'),
('es-ES', 'Guyana', 'GY'),
('en-US', 'Guyana', 'GY'),
('pt-PT', 'Guyana', 'GY'),
('pt-PT', 'República Cooperativa da Guiana', 'GY'),
('pt-PT', 'Guiana', 'GY'),
('de-DE', 'Guyana', 'GY'),
('en-US', 'Haiti', 'HT'),
('es-ES', 'Haití', 'HT'),
('de-DE', 'Haiti', 'HT'),
('pt-PT', 'Haiti', 'HT'),
('pt-PT', 'República do Haiti', 'HT'),
('fr-FR', 'Haïti', 'HT'),
('en-US', 'Heard Island and McDonald Islands', 'HM'),
('es-ES', 'Islas Heard y McDonald', 'HM'),
('fr-FR', 'Ïles Heard-et-MacDonald', 'HM'),
('pt-PT', 'Ilha Heard e Ilhas McDonald', 'HM'),
('pt-PT', 'Território das Ilhas Heard e McDonald', 'HM'),
('de-DE', 'Heard und McDonaldinseln', 'HM'),
('es-ES', 'Ciudad del Vaticano', 'VA'),
('fr-FR', 'Vatican', 'VA'),
('en-US', 'Vatican', 'VA'),
('en-US', 'Holy See', 'VA'),
('de-DE', 'Vatikanstadt', 'VA'),
('pt-PT', 'Vaticano', 'VA'),
('pt-PT', 'Estado da Cidade do Vaticano', 'VA'),
('pt-PT', 'Cidade do Vaticano', 'VA'),
('es-ES', 'Honduras', 'HN'),
('pt-PT', 'Honduras', 'HN'),
('pt-PT', 'República das Honduras', 'HN'),
('pt-PT', 'República de Honduras', 'HN'),
('de-DE', 'Honduras', 'HN'),
('en-US', 'Honduras', 'HN'),
('fr-FR', 'Honduras', 'HN'),
('en-US', 'Hong Kong', 'HK'),
('fr-FR', 'Hong Kong', 'HK'),
('de-DE', 'Hongkong', 'HK'),
('es-ES', 'Hong Kong', 'HK'),
('pt-PT', 'Hong Kong', 'HK'),
('de-DE', 'Ungarn', 'HU'),
('en-US', 'Hungary', 'HU'),
('fr-FR', 'Hongrie', 'HU'),
('es-ES', 'Hungría', 'HU'),
('pt-PT', 'Hungria', 'HU'),
('es-ES', 'Islandia', 'IS'),
('de-DE', 'Island', 'IS'),
('fr-FR', 'Islande', 'IS'),
('en-US', 'Iceland', 'IS'),
('pt-PT', 'Islândia', 'IS'),
('en-US', 'India', 'IN'),
('fr-FR', 'Inde', 'IN'),
('es-ES', 'India', 'IN'),
('pt-PT', 'República da Índia', 'IN'),
('pt-PT', 'Índia', 'IN'),
('de-DE', 'Indien', 'IN'),
('fr-FR', 'Indonésie', 'ID'),
('en-US', 'Indonesia', 'ID'),
('de-DE', 'Indonesien', 'ID'),
('es-ES', 'Indonesia', 'ID'),
('pt-PT', 'República da Indonésia', 'ID'),
('pt-PT', 'Indonésia', 'ID'),
('fr-FR', 'Iran', 'IR'),
('fr-FR', 'République islamique d''Iran', 'IR'),
('de-DE', 'Iran', 'IR'),
('de-DE', 'Islamische Republik Iran', 'IR'),
('pt-PT', 'Irã', 'IR'),
('pt-PT', 'República Islâmica do Irã', 'IR'),
('pt-PT', 'República Islâmica do Irão', 'IR'),
('pt-PT', 'Irão', 'IR'),
('es-ES', 'Irán', 'IR'),
('es-ES', 'República Islámica de Irán', 'IR'),
('en-US', 'Iran', 'IR'),
('en-US', 'Islamic Republic of Iran', 'IR'),
('en-US', 'Iraq', 'IQ'),
('fr-FR', 'Irak', 'IQ'),
('fr-FR', 'République d''Irak', 'IQ'),
('de-DE', 'Irak', 'IQ'),
('de-DE', 'Republik Irak', 'IQ'),
('es-ES', 'Irak', 'IQ'),
('pt-PT', 'Iraque', 'IQ'),
('pt-PT', 'República do Iraque', 'IQ'),
('en-US', 'Ireland', 'IE'),
('pt-PT', 'Irlanda', 'IE'),
('pt-PT', 'República da Irlanda', 'IE'),
('es-ES', 'Irlanda', 'IE'),
('de-DE', 'Irland', 'IE'),
('fr-FR', 'Irlande', 'IE'),
('es-ES', 'Isla de Man', 'IM'),
('de-DE', 'Isle of Man', 'IM'),
('en-US', 'Isle of Man', 'IM'),
('pt-PT', 'Ilha de Man', 'IM'),
('fr-FR', 'Île de Man', 'IM'),
('en-US', 'Israel', 'IL'),
('es-ES', 'Israel', 'IL'),
('fr-FR', 'Israël', 'IL'),
('de-DE', 'Israel', 'IL'),
('pt-PT', 'Israel', 'IL'),
('pt-PT', 'Estado de Israel', 'IL'),
('de-DE', 'Italien', 'IT'),
('es-ES', 'Italia', 'IT'),
('fr-FR', 'Italie', 'IT'),
('en-US', 'Italy', 'IT'),
('pt-PT', 'República Italiana', 'IT'),
('pt-PT', 'Itália', 'IT'),
('en-US', 'Jamaica', 'JM'),
('fr-FR', 'Jamaïque', 'JM'),
('pt-PT', 'Jamaica', 'JM'),
('de-DE', 'Jamaika', 'JM'),
('es-ES', 'Jamaica', 'JM'),
('es-ES', 'Japón', 'JP'),
('de-DE', 'Japan', 'JP'),
('fr-FR', 'Japon', 'JP'),
('pt-PT', 'Japão', 'JP'),
('en-US', 'Japan', 'JP'),
('de-DE', 'Jersey', 'JE'),
('es-ES', 'Jersey', 'JE'),
('fr-FR', 'Jersey', 'JE'),
('en-US', 'Jersey', 'JE'),
('pt-PT', 'Bailiado de Jersey', 'JE'),
('pt-PT', 'Jersey', 'JE'),
('es-ES', 'Jordania', 'JO'),
('pt-PT', 'Reino Haxemita da Jordânia', 'JO'),
('pt-PT', 'Jordânia', 'JO'),
('de-DE', 'Jordanien', 'JO'),
('fr-FR', 'Jordanie', 'JO'),
('en-US', 'Jordan', 'JO'),
('es-ES', 'Kazajistán', 'KZ'),
('de-DE', 'Kasachstan', 'KZ'),
('pt-PT', 'República do Cazaquistão', 'KZ'),
('pt-PT', 'Cazaquistão', 'KZ'),
('fr-FR', 'Kazakhstan', 'KZ'),
('en-US', 'Kazakhstan', 'KZ'),
('fr-FR', 'Kenya', 'KE'),
('en-US', 'Kenya', 'KE'),
('es-ES', 'Kenia', 'KE'),
('de-DE', 'Kenia', 'KE'),
('pt-PT', 'República do Quênia', 'KE'),
('pt-PT', 'Quênia', 'KE'),
('de-DE', 'Kiribati', 'KI'),
('pt-PT', 'República de Kiribati', 'KI'),
('pt-PT', 'Quiribáti', 'KI'),
('pt-PT', 'Kiribati', 'KI'),
('fr-FR', 'Kiribati', 'KI'),
('es-ES', 'Kiribati', 'KI'),
('en-US', 'Kiribati', 'KI'),
('en-US', 'North Korea', 'KP'),
('en-US', 'Democratic People''s Republic of Korea', 'KP'),
('fr-FR', 'Corée du Nord', 'KP'),
('es-ES', 'Corea del Norte', 'KP'),
('es-ES', 'República Popular Democrática de Corea', 'KP'),
('pt-PT', 'República Popular Democrática da Coreia', 'KP'),
('pt-PT', 'Coreia do Norte', 'KP'),
('de-DE', 'Nordkorea', 'KP'),
('de-DE', 'Demokratische Volksrepublik Korea', 'KP'),
('fr-FR', 'Corée du sud', 'KR'),
('es-ES', 'Corea del Sur', 'KR'),
('de-DE', 'Südkorea', 'KR'),
('en-US', 'South Korea', 'KR'),
('pt-PT', 'República da Coreia', 'KR'),
('pt-PT', 'Coreia do Sul', 'KR'),
('en-US', 'Kosovo', 'XK'),
('pt-PT', 'República do Kosovo', 'XK'),
('pt-PT', 'Kosovo', 'XK'),
('pt-PT', 'Kossovo', 'XK'),
('pt-PT', 'Cossovo', 'XK'),
('pt-PT', 'Cosovo', 'XK'),
('fr-FR', 'Kosovo', 'XK'),
('de-DE', 'Kosovo', 'XK'),
('es-ES', 'Kósovo', 'XK'),
('es-ES', 'República de Kosovo', 'XK'),
('de-DE', 'Kuwait', 'KW'),
('es-ES', 'Kuwait', 'KW'),
('en-US', 'Kuwait', 'KW'),
('pt-PT', 'Kuwait', 'KW'),
('pt-PT', 'Estado do Kuwait', 'KW'),
('fr-FR', 'Koweït', 'KW'),
('en-US', 'Kyrgyzstan', 'KG'),
('es-ES', 'Kirguistán', 'KG'),
('fr-FR', 'Kirghizistan', 'KG'),
('de-DE', 'Kirgisistan', 'KG'),
('pt-PT', 'Quirguízia', 'KG'),
('pt-PT', 'República Quirguiz', 'KG'),
('pt-PT', 'Quirguistão', 'KG'),
('pt-PT', 'Quirguizistão', 'KG'),
('de-DE', 'Laos', 'LA'),
('de-DE', 'Demokratische Volksrepublik Laos', 'LA'),
('en-US', 'Laos', 'LA'),
('en-US', 'Lao People''s Democratic Republic', 'LA'),
('pt-PT', 'Laos', 'LA'),
('pt-PT', 'República Democrática Popular do Laos', 'LA'),
('es-ES', 'Laos', 'LA'),
('es-ES', 'República Democrática Popular Lao', 'LA'),
('fr-FR', 'Laos', 'LA'),
('en-US', 'Latvia', 'LV'),
('de-DE', 'Lettland', 'LV'),
('pt-PT', 'República da Letônia', 'LV'),
('pt-PT', 'Letônia', 'LV'),
('es-ES', 'Letonia', 'LV'),
('fr-FR', 'Lettonie', 'LV'),
('en-US', 'Lebanon', 'LB'),
('de-DE', 'Libanon', 'LB'),
('fr-FR', 'Liban', 'LB'),
('pt-PT', 'República do Líbano', 'LB'),
('pt-PT', 'Líbano', 'LB'),
('es-ES', 'Líbano', 'LB'),
('de-DE', 'Lesotho', 'LS'),
('es-ES', 'Lesoto', 'LS'),
('pt-PT', 'Reino do Lesoto', 'LS'),
('pt-PT', 'Lesoto', 'LS'),
('pt-PT', 'Lessoto', 'LS'),
('en-US', 'Lesotho', 'LS'),
('fr-FR', 'Lesotho', 'LS'),
('es-ES', 'Liberia', 'LR'),
('pt-PT', 'Libéria', 'LR'),
('pt-PT', 'República da Libéria', 'LR'),
('de-DE', 'Liberia', 'LR'),
('en-US', 'Liberia', 'LR'),
('fr-FR', 'Libéria', 'LR'),
('fr-FR', 'Libye', 'LY'),
('pt-PT', 'Estado da Líbia', 'LY'),
('pt-PT', 'Líbia', 'LY'),
('es-ES', 'Libia', 'LY'),
('en-US', 'Libya', 'LY'),
('de-DE', 'Libyen', 'LY'),
('es-ES', 'Liechtenstein', 'LI'),
('en-US', 'Liechtenstein', 'LI'),
('de-DE', 'Liechtenstein', 'LI'),
('fr-FR', 'Liechtenstein', 'LI'),
('pt-PT', 'Principado de Liechtenstein', 'LI'),
('pt-PT', 'Listenstaine', 'LI'),
('pt-PT', 'Liechtenstein', 'LI'),
('pt-PT', 'República da Lituânia', 'LT'),
('pt-PT', 'Lituânia', 'LT'),
('de-DE', 'Litauen', 'LT'),
('es-ES', 'Lituania', 'LT'),
('en-US', 'Lithuania', 'LT'),
('fr-FR', 'Lituanie', 'LT'),
('fr-FR', 'Luxembourg', 'LU'),
('es-ES', 'Luxemburgo', 'LU'),
('en-US', 'Luxembourg', 'LU'),
('pt-PT', 'Luxemburgo', 'LU'),
('pt-PT', 'Grão-Ducado do Luxemburgo', 'LU'),
('de-DE', 'Luxemburg', 'LU'),
('en-US', 'Macao', 'MO'),
('de-DE', 'Macau', 'MO'),
('pt-PT', 'Macau', 'MO'),
('fr-FR', 'Macao', 'MO'),
('es-ES', 'Macao', 'MO'),
('fr-FR', 'Madagascar', 'MG'),
('es-ES', 'Madagascar', 'MG'),
('pt-PT', 'Madagáscar', 'MG'),
('pt-PT', 'República de Madagáscar', 'MG'),
('de-DE', 'Madagaskar', 'MG'),
('en-US', 'Madagascar', 'MG'),
('en-US', 'Malawi', 'MW'),
('fr-FR', 'Malawi', 'MW'),
('de-DE', 'Malawi', 'MW'),
('es-ES', 'Malaui', 'MW'),
('pt-PT', 'República do Malawi', 'MW'),
('pt-PT', 'Maláui', 'MW'),
('pt-PT', 'Malawi', 'MW'),
('de-DE', 'Malaysia', 'MY'),
('en-US', 'Malaysia', 'MY'),
('es-ES', 'Malasia', 'MY'),
('fr-FR', 'Malaisie', 'MY'),
('pt-PT', 'Malásia', 'MY'),
('de-DE', 'Malediven', 'MV'),
('fr-FR', 'Maldives', 'MV'),
('es-ES', 'Maldivas', 'MV'),
('pt-PT', 'República das Maldivas', 'MV'),
('pt-PT', 'Maldivas', 'MV'),
('en-US', 'Maldives', 'MV'),
('pt-PT', 'República do Mali', 'ML'),
('pt-PT', 'Mali', 'ML'),
('de-DE', 'Mali', 'ML'),
('en-US', 'Mali', 'ML'),
('es-ES', 'Malí', 'ML'),
('fr-FR', 'Mali', 'ML'),
('de-DE', 'Malta', 'MT'),
('fr-FR', 'Malte', 'MT'),
('en-US', 'Malta', 'MT'),
('pt-PT', 'República de Malta', 'MT'),
('pt-PT', 'Malta', 'MT'),
('es-ES', 'Malta', 'MT'),
('en-US', 'Marshall Islands', 'MH'),
('de-DE', 'Marshallinseln', 'MH'),
('es-ES', 'Islas Marshall', 'MH'),
('fr-FR', 'Îles  Marshall', 'MH'),
('pt-PT', 'República das Ilhas Marshall', 'MH'),
('pt-PT', 'Ilhas Marshall', 'MH'),
('fr-FR', 'Martinique', 'MQ'),
('es-ES', 'Martinica', 'MQ'),
('en-US', 'Martinique', 'MQ'),
('de-DE', 'Martinique', 'MQ'),
('pt-PT', 'Martinica', 'MQ'),
('en-US', 'Mauritania', 'MR'),
('es-ES', 'Mauritania', 'MR'),
('pt-PT', 'República Islâmica da Mauritânia', 'MR'),
('pt-PT', 'Mauritânia', 'MR'),
('fr-FR', 'Mauritanie', 'MR'),
('de-DE', 'Mauretanien', 'MR'),
('de-DE', 'Mauritius', 'MU'),
('pt-PT', 'Maurícia', 'MU'),
('pt-PT', 'República da Maurícia', 'MU'),
('pt-PT', 'República de Maurício', 'MU'),
('pt-PT', 'Maurício', 'MU'),
('es-ES', 'Mauricio', 'MU'),
('fr-FR', 'Maurice', 'MU'),
('en-US', 'Mauritius', 'MU'),
('de-DE', 'Mayotte', 'YT'),
('en-US', 'Mayotte', 'YT'),
('fr-FR', 'Mayotte', 'YT'),
('pt-PT', 'Departamento de Maiote', 'YT'),
('pt-PT', 'Maiote', 'YT'),
('es-ES', 'Mayotte', 'YT'),
('en-US', 'Mexico', 'MX'),
('de-DE', 'Mexiko', 'MX'),
('es-ES', 'México', 'MX'),
('fr-FR', 'Mexique', 'MX'),
('pt-PT', 'Estados Unidos Mexicanos', 'MX'),
('pt-PT', 'México', 'MX'),
('de-DE', 'Mikronesien', 'FM'),
('fr-FR', 'Micronésie', 'FM'),
('pt-PT', 'Micronésia', 'FM'),
('pt-PT', 'Estados Federados da Micronésia', 'FM'),
('es-ES', 'Micronesia', 'FM'),
('en-US', 'Micronesia', 'FM'),
('en-US', 'Federated States of Micronesia', 'FM'),
('de-DE', 'Moldau', 'MD'),
('de-DE', 'Moldawien', 'MD'),
('fr-FR', 'Moldavie', 'MD'),
('en-US', 'Moldova', 'MD'),
('en-US', 'Republic of Moldova', 'MD'),
('es-ES', 'Moldavia', 'MD'),
('es-ES', 'República de Moldavia', 'MD'),
('pt-PT', 'República da Moldávia', 'MD'),
('pt-PT', 'Moldávia', 'MD'),
('pt-PT', 'Moldova', 'MD'),
('pt-PT', 'Principado do Mónaco', 'MC'),
('pt-PT', 'Mônaco', 'MC'),
('fr-FR', 'Monaco', 'MC'),
('de-DE', 'Monaco', 'MC'),
('es-ES', 'Mónaco', 'MC'),
('en-US', 'Monaco', 'MC'),
('es-ES', 'Mongolia', 'MN'),
('fr-FR', 'Mongolie', 'MN'),
('en-US', 'Mongolia', 'MN'),
('pt-PT', 'Mongólia', 'MN'),
('de-DE', 'Mongolei', 'MN'),
('pt-PT', 'Montenegro', 'ME'),
('de-DE', 'Montenegro', 'ME'),
('en-US', 'Montenegro', 'ME'),
('fr-FR', 'Monténégro', 'ME'),
('es-ES', 'Montenegro', 'ME'),
('es-ES', 'Montserrat', 'MS'),
('pt-PT', 'Monserrate', 'MS'),
('en-US', 'Montserrat', 'MS'),
('de-DE', 'Montserrat', 'MS'),
('fr-FR', 'Montserrat', 'MS'),
('fr-FR', 'Maroc', 'MA'),
('pt-PT', 'Reino de Marrocos', 'MA'),
('pt-PT', 'Marrocos', 'MA'),
('en-US', 'Morocco', 'MA'),
('es-ES', 'Marruecos', 'MA'),
('de-DE', 'Marokko', 'MA'),
('en-US', 'Mozambique', 'MZ'),
('de-DE', 'Mosambik', 'MZ'),
('fr-FR', 'Mozambique', 'MZ'),
('es-ES', 'Mozambique', 'MZ'),
('pt-PT', 'República de Moçambique', 'MZ'),
('pt-PT', 'Moçambique', 'MZ'),
('fr-FR', 'Myanmar', 'MM'),
('fr-FR', 'Birmanie', 'MM'),
('en-US', 'Myanmar', 'MM'),
('pt-PT', 'Mianmar', 'MM'),
('pt-PT', 'Birmânia', 'MM'),
('pt-PT', 'República da União de Myanmar', 'MM'),
('de-DE', 'Myanmar', 'MM'),
('de-DE', 'Burma', 'MM'),
('es-ES', 'Birmania', 'MM'),
('es-ES', 'Myanmar', 'MM'),
('es-ES', 'República de la Unión de Myanmar', 'MM'),
('fr-FR', 'Namibie', 'NA'),
('de-DE', 'Namibia', 'NA'),
('en-US', 'Namibia', 'NA'),
('es-ES', 'Namibia', 'NA'),
('pt-PT', 'República da Namíbia', 'NA'),
('pt-PT', 'Namíbia', 'NA'),
('fr-FR', 'Nauru', 'NR'),
('es-ES', 'Nauru', 'NR'),
('en-US', 'Nauru', 'NR'),
('de-DE', 'Nauru', 'NR'),
('pt-PT', 'República de Nauru', 'NR'),
('pt-PT', 'Nauru', 'NR'),
('es-ES', 'Nepal', 'NP'),
('en-US', 'Nepal', 'NP'),
('pt-PT', 'República Democrática Federal do Nepal', 'NP'),
('pt-PT', 'Nepal', 'NP'),
('de-DE', 'Nepal', 'NP'),
('fr-FR', 'Népal', 'NP'),
('es-ES', 'Países Bajos', 'NL'),
('en-US', 'Netherlands', 'NL'),
('de-DE', 'Niederlande', 'NL'),
('fr-FR', 'Pays-Bas', 'NL'),
('pt-PT', 'Países Baixos', 'NL'),
('fr-FR', 'Nouvelle-Calédonie', 'NC'),
('pt-PT', 'Nova Caledônia', 'NC'),
('de-DE', 'Neukaledonien', 'NC'),
('en-US', 'New Caledonia', 'NC'),
('es-ES', 'Nueva Caledonia', 'NC'),
('es-ES', 'Nueva Zelanda', 'NZ'),
('fr-FR', 'Nouvelle-Zélande', 'NZ'),
('en-US', 'New Zealand', 'NZ'),
('pt-PT', 'Nova Zelândia', 'NZ'),
('de-DE', 'Neuseeland', 'NZ'),
('de-DE', 'Nicaragua', 'NI'),
('fr-FR', 'Nicaragua', 'NI'),
('pt-PT', 'República da Nicarágua', 'NI'),
('pt-PT', 'Nicarágua', 'NI'),
('en-US', 'Nicaragua', 'NI'),
('es-ES', 'Nicaragua', 'NI'),
('fr-FR', 'Niger', 'NE'),
('es-ES', 'Níger', 'NE'),
('de-DE', 'Niger', 'NE'),
('en-US', 'Niger', 'NE'),
('pt-PT', 'República do Níger', 'NE'),
('pt-PT', 'Níger', 'NE'),
('fr-FR', 'Nigéria', 'NG'),
('de-DE', 'Nigeria', 'NG'),
('es-ES', 'Nigeria', 'NG'),
('en-US', 'Nigeria', 'NG'),
('pt-PT', 'República Federal da Nigéria', 'NG'),
('pt-PT', 'Nigéria', 'NG'),
('fr-FR', 'Niue', 'NU'),
('de-DE', 'Niue', 'NU'),
('es-ES', 'Niue', 'NU'),
('pt-PT', 'Niue', 'NU'),
('en-US', 'Niue', 'NU'),
('pt-PT', 'Território da Ilha Norfolk', 'NF'),
('pt-PT', 'Ilha Norfolque', 'NF'),
('pt-PT', 'Ilha Norfolk', 'NF'),
('de-DE', 'Norfolkinsel', 'NF'),
('en-US', 'Norfolk Island', 'NF'),
('es-ES', 'Isla Norfolk', 'NF'),
('fr-FR', 'Île Norfolk', 'NF'),
('es-ES', 'Macedonia del Norte', 'MK'),
('pt-PT', 'Macedônia do Norte', 'MK'),
('de-DE', 'Nordmazedonien', 'MK'),
('fr-FR', 'Macédoine du Nord', 'MK'),
('en-US', 'North Macedonia', 'MK'),
('es-ES', 'Islas Marianas del Norte', 'MP'),
('de-DE', 'Nördliche Marianen', 'MP'),
('en-US', 'Northern Mariana Islands', 'MP'),
('pt-PT', 'Ilhas Marianas do Norte', 'MP'),
('pt-PT', 'Comunidade das Ilhas Marianas do Norte', 'MP'),
('pt-PT', 'Ilhas Marianas Setentrionais', 'MP'),
('fr-FR', 'Îles Mariannes du Nord', 'MP'),
('en-US', 'Norway', 'NO'),
('fr-FR', 'Norvège', 'NO'),
('pt-PT', 'Reino da Noruega', 'NO'),
('pt-PT', 'Noruega', 'NO'),
('es-ES', 'Noruega', 'NO'),
('de-DE', 'Norwegen', 'NO'),
('de-DE', 'Oman', 'OM'),
('pt-PT', 'Omã', 'OM'),
('pt-PT', 'Sultanato de Omã', 'OM'),
('en-US', 'Oman', 'OM'),
('fr-FR', 'Oman', 'OM'),
('es-ES', 'Omán', 'OM'),
('pt-PT', 'República Islâmica do Paquistão', 'PK'),
('pt-PT', 'Paquistão', 'PK'),
('en-US', 'Pakistan', 'PK'),
('fr-FR', 'Pakistan', 'PK'),
('de-DE', 'Pakistan', 'PK'),
('es-ES', 'Pakistán', 'PK'),
('en-US', 'Palau', 'PW'),
('de-DE', 'Palau', 'PW'),
('es-ES', 'Palaos', 'PW'),
('pt-PT', 'República de Palau', 'PW'),
('pt-PT', 'Palau', 'PW'),
('fr-FR', 'Palau', 'PW'),
('fr-FR', 'Palestine', 'PS'),
('pt-PT', 'Palestina', 'PS'),
('de-DE', 'Palästina', 'PS'),
('en-US', 'Palestine', 'PS'),
('en-US', 'State of Palestine', 'PS'),
('es-ES', 'Palestina', 'PS'),
('en-US', 'Panama', 'PA'),
('es-ES', 'Panamá', 'PA'),
('pt-PT', 'República do Panamá', 'PA'),
('pt-PT', 'Panamá', 'PA'),
('fr-FR', 'Panama', 'PA'),
('de-DE', 'Panama', 'PA'),
('de-DE', 'Papua-Neuguinea', 'PG'),
('en-US', 'Papua New Guinea', 'PG'),
('es-ES', 'Papúa Nueva Guinea', 'PG'),
('fr-FR', 'Papouasie-Nouvelle-Guinée', 'PG'),
('pt-PT', 'Papuásia-Nova Guiné', 'PG'),
('pt-PT', 'Estado Independente da Papua-Nova Guiné', 'PG'),
('pt-PT', 'Papua-Nova Guiné', 'PG'),
('en-US', 'Paraguay', 'PY'),
('es-ES', 'Paraguay', 'PY'),
('fr-FR', 'Paraguay', 'PY'),
('de-DE', 'Paraguay', 'PY'),
('pt-PT', 'República do Paraguai', 'PY'),
('pt-PT', 'Paraguai', 'PY'),
('de-DE', 'Peru', 'PE'),
('es-ES', 'Perú', 'PE'),
('fr-FR', 'Pérou', 'PE'),
('pt-PT', 'República do Peru', 'PE'),
('pt-PT', 'Peru', 'PE'),
('en-US', 'Peru', 'PE'),
('es-ES', 'Filipinas', 'PH'),
('en-US', 'Philippines', 'PH'),
('pt-PT', 'República das Filipinas', 'PH'),
('pt-PT', 'Filipinas', 'PH'),
('fr-FR', 'Philippines', 'PH'),
('de-DE', 'Philippinen', 'PH'),
('es-ES', 'Islas Pitcairn', 'PN'),
('en-US', 'Pitcairn', 'PN'),
('de-DE', 'Pitcairninseln', 'PN'),
('fr-FR', 'Pitcairn', 'PN'),
('pt-PT', 'Ilhas Picárnia', 'PN'),
('pt-PT', 'Ilhas Pitcairn, Henderson, Ducie e Oeno', 'PN'),
('pt-PT', 'Grupo de Ilhas Pitcairn', 'PN'),
('pt-PT', 'Ilhas Pitcairn', 'PN'),
('en-US', 'Poland', 'PL'),
('es-ES', 'Polonia', 'PL'),
('fr-FR', 'Pologne', 'PL'),
('de-DE', 'Polen', 'PL'),
('pt-PT', 'República da Polónia', 'PL'),
('pt-PT', 'Polônia', 'PL'),
('fr-FR', 'Portugal', 'PT'),
('de-DE', 'Portugal', 'PT'),
('pt-PT', 'República Portuguesa', 'PT'),
('pt-PT', 'Portugal', 'PT'),
('en-US', 'Portugal', 'PT'),
('es-ES', 'Portugal', 'PT'),
('de-DE', 'Puerto Rico', 'PR'),
('en-US', 'Puerto Rico', 'PR'),
('pt-PT', 'Estado Livre Associado de Porto Rico', 'PR'),
('pt-PT', 'Porto Rico', 'PR'),
('fr-FR', 'Porto Rico', 'PR'),
('fr-FR', 'Puerto Rico', 'PR'),
('es-ES', 'Puerto Rico', 'PR'),
('pt-PT', 'Estado do Catar', 'QA'),
('pt-PT', 'Catar', 'QA'),
('pt-PT', 'Qatar', 'QA'),
('fr-FR', 'Qatar', 'QA'),
('de-DE', 'Katar', 'QA'),
('en-US', 'Qatar', 'QA'),
('es-ES', 'Catar', 'QA'),
('en-US', 'Réunion', 'RE'),
('es-ES', 'Reunión', 'RE'),
('pt-PT', 'Reunião', 'RE'),
('de-DE', 'Réunion', 'RE'),
('fr-FR', 'Réunion', 'RE'),
('en-US', 'Romania', 'RO'),
('de-DE', 'Rumänien', 'RO'),
('fr-FR', 'Roumanie', 'RO'),
('es-ES', 'Rumania', 'RO'),
('pt-PT', 'Romênia', 'RO'),
('es-ES', 'Rusia', 'RU'),
('en-US', 'Russia', 'RU'),
('en-US', 'Russian Federation', 'RU'),
('de-DE', 'Russland', 'RU'),
('pt-PT', 'Federação da Rússia', 'RU'),
('pt-PT', 'Rússia', 'RU'),
('fr-FR', 'Russie', 'RU'),
('pt-PT', 'Ruanda', 'RW'),
('pt-PT', 'República de Ruanda', 'RW'),
('pt-PT', 'República do Ruanda', 'RW'),
('es-ES', 'Ruanda', 'RW'),
('en-US', 'Rwanda', 'RW'),
('fr-FR', 'Rwanda', 'RW'),
('de-DE', 'Ruanda', 'RW'),
('en-US', 'Saint Barthélemy', 'BL'),
('es-ES', 'San Bartolomé', 'BL'),
('pt-PT', 'Coletividade de São Bartolomeu', 'BL'),
('pt-PT', 'São Bartolomeu', 'BL'),
('fr-FR', 'Saint-Barthélémy', 'BL'),
('de-DE', 'Saint-Barthélemy', 'BL'),
('en-US', 'Saint Helena, Ascension and Tristan da Cunha', 'SH'),
('en-US', 'Saint Helena', 'SH'),
('en-US', 'Ascension', 'SH'),
('en-US', 'Tristan da Cunha', 'SH'),
('de-DE', 'Sankt Helena, Ascension und Tristan da Cunha', 'SH'),
('de-DE', 'St. Helena, Ascension und Tristan da Cunha', 'SH'),
('de-DE', 'Sankt Helena', 'SH'),
('de-DE', 'St. Helena', 'SH'),
('de-DE', 'Ascension', 'SH'),
('de-DE', 'Tristan da Cunha', 'SH'),
('es-ES', 'Santa Elena, Ascensión y Tristán de Acuña', 'SH'),
('es-ES', 'Santa Elena', 'SH'),
('es-ES', 'Ascensión', 'SH'),
('es-ES', 'Tristán de Acuña', 'SH'),
('fr-FR', 'Sainte-Hélène, Ascension et Tristan da Cunha', 'SH'),
('fr-FR', 'Sainte-Hélène', 'SH'),
('fr-FR', 'Ascension', 'SH'),
('fr-FR', 'Tristan da Cunha', 'SH'),
('pt-PT', 'Santa Helena, Ascensão e Tristão da Cunha', 'SH'),
('pt-PT', 'Santa Helena', 'SH'),
('pt-PT', 'Ascensão', 'SH'),
('pt-PT', 'Tristão da Cunha', 'SH'),
('es-ES', 'San Cristóbal y Nieves', 'KN'),
('en-US', 'Saint Kitts and Nevis', 'KN'),
('fr-FR', 'Saint-Kitts-et-Nevis', 'KN'),
('fr-FR', 'Saint-Christophe-et-Nevis', 'KN'),
('fr-FR', 'Saint-Kitts-et-Nevis', 'KN'),
('fr-FR', 'Fédération de Saint-Christophe-et-Niévès', 'KN'),
('pt-PT', 'São Cristóvão e Névis', 'KN'),
('pt-PT', 'Federação de São Cristóvão e Neves', 'KN'),
('pt-PT', 'São Cristóvão e Neves', 'KN'),
('de-DE', 'Saint Kitts und Nevis', 'KN'),
('de-DE', 'Sankt Christopher und Nevis', 'KN'),
('pt-PT', 'Santa Lúcia', 'LC'),
('en-US', 'Saint Lucia', 'LC'),
('fr-FR', 'Sainte-Lucie', 'LC'),
('es-ES', 'Santa Lucía', 'LC'),
('de-DE', 'Saint Lucia', 'LC'),
('fr-FR', 'Saint Martin - Partie française', 'MF'),
('fr-FR', 'Saint Martin - France', 'MF'),
('es-ES', 'San Martín', 'MF'),
('en-US', 'Saint Martin', 'MF'),
('de-DE', 'Saint-Martin', 'MF'),
('pt-PT', 'Coletividade de São Martinho', 'MF'),
('pt-PT', 'São Martinho', 'MF'),
('pt-PT', 'Saint-Pierre e Miquelon', 'PM'),
('pt-PT', 'São Pedro e Miquelão', 'PM'),
('pt-PT', 'Coletividade de Ultramar de São Pedro e Miquelão', 'PM'),
('en-US', 'Saint Pierre and Miquelon', 'PM'),
('fr-FR', 'Saint-Pierre-et-Miquelon', 'PM'),
('de-DE', 'Saint-Pierre und Miquelon', 'PM'),
('es-ES', 'San Pedro y Miquelón', 'PM'),
('en-US', 'Saint Vincent and the Grenadines', 'VC'),
('de-DE', 'San Vincent und die Grenadinen', 'VC'),
('fr-FR', 'Saint-Vincent-et-les Grenadines', 'VC'),
('es-ES', 'San Vicente y las Granadinas', 'VC'),
('pt-PT', 'São Vicente e Granadinas', 'VC'),
('es-ES', 'Samoa', 'WS'),
('pt-PT', 'Samoa', 'WS'),
('pt-PT', 'Estado Independente de Samoa', 'WS'),
('de-DE', 'Samoa', 'WS'),
('fr-FR', 'Samoa', 'WS'),
('en-US', 'Samoa', 'WS'),
('pt-PT', 'São Marino', 'SM'),
('pt-PT', 'República de San Marino', 'SM'),
('pt-PT', 'São Marinho', 'SM'),
('pt-PT', 'Sereníssima República de San Marino', 'SM'),
('pt-PT', 'São Marino', 'SM'),
('pt-PT', 'República de San Marino', 'SM'),
('pt-PT', 'São Marinho', 'SM'),
('pt-PT', 'Sereníssima República de San Marino', 'SM'),
('de-DE', 'San Marino', 'SM'),
('fr-FR', 'Saint-Marin', 'SM'),
('es-ES', 'San Marino', 'SM'),
('en-US', 'San Marino', 'SM'),
('fr-FR', 'Sao Tomé-et-Principe', 'ST'),
('pt-PT', 'São Tomé e Príncipe', 'ST'),
('pt-PT', 'República Democrática de São Tomé e Príncipe', 'ST'),
('de-DE', 'São Tomé und Príncipe', 'ST'),
('es-ES', 'Santo Tomé y Príncipe', 'ST'),
('en-US', 'Sao Tome and Principe', 'ST'),
('pt-PT', 'Reino da Arábia Saudita', 'SA'),
('pt-PT', 'Arábia Saudita', 'SA'),
('fr-FR', 'Arabie Saoudite', 'SA'),
('de-DE', 'Saudi-Arabien', 'SA'),
('es-ES', 'Arabia Saudita', 'SA'),
('en-US', 'Saudi Arabia', 'SA'),
('pt-PT', 'República do Senegal', 'SN'),
('pt-PT', 'Senegal', 'SN'),
('fr-FR', 'Sénégal', 'SN'),
('es-ES', 'Senegal', 'SN'),
('en-US', 'Senegal', 'SN'),
('de-DE', 'Senegal', 'SN'),
('pt-PT', 'República da Sérvia', 'RS'),
('pt-PT', 'Sérvia', 'RS'),
('en-US', 'Serbia', 'RS'),
('es-ES', 'Serbia', 'RS'),
('de-DE', 'Serbien', 'RS'),
('fr-FR', 'Serbie', 'RS'),
('es-ES', 'Seychelles', 'SC'),
('pt-PT', 'Seychelles', 'SC'),
('pt-PT', 'República das Seicheles', 'SC'),
('pt-PT', 'República das Seychelles', 'SC'),
('pt-PT', 'Seicheles', 'SC'),
('de-DE', 'Seychellen', 'SC'),
('en-US', 'Seychelles', 'SC'),
('fr-FR', 'Seychelles', 'SC'),
('es-ES', 'Sierra Leona', 'SL'),
('pt-PT', 'República da Serra Leoa', 'SL'),
('pt-PT', 'Serra Leoa', 'SL'),
('en-US', 'Sierra Leone', 'SL'),
('fr-FR', 'Sierra Leone', 'SL'),
('de-DE', 'Sierra Leone', 'SL'),
('en-US', 'Singapore', 'SG'),
('de-DE', 'Singapur', 'SG'),
('fr-FR', 'Singapour', 'SG'),
('es-ES', 'Singapur', 'SG'),
('pt-PT', 'Singapura', 'SG'),
('pt-PT', 'República de Singapura', 'SG'),
('de-DE', 'Sint Maarten', 'SX'),
('fr-FR', 'Saint Martin - Pays-Bas', 'SX'),
('en-US', 'Sint Maarten', 'SX'),
('es-ES', 'San Martín', 'SX'),
('pt-PT', 'São Martinho', 'SX'),
('pt-PT', 'República Eslovaca', 'SK'),
('pt-PT', 'Eslováquia', 'SK'),
('de-DE', 'Slowakei', 'SK'),
('es-ES', 'Eslovaquia', 'SK'),
('en-US', 'Slovakia', 'SK'),
('fr-FR', 'Slovaquie', 'SK'),
('en-US', 'Slovenia', 'SI'),
('es-ES', 'Eslovenia', 'SI'),
('de-DE', 'Slowenien', 'SI'),
('pt-PT', 'República da Eslovénia', 'SI'),
('pt-PT', 'Eslovênia', 'SI'),
('fr-FR', 'Slovénie', 'SI'),
('en-US', 'Solomon Islands', 'SB'),
('pt-PT', 'Ilhas Salomão', 'SB'),
('es-ES', 'Islas Salomón', 'SB'),
('fr-FR', 'Îles Salomon', 'SB'),
('de-DE', 'Salomonen', 'SB'),
('es-ES', 'Somalia', 'SO'),
('en-US', 'Somalia', 'SO'),
('de-DE', 'Somalia', 'SO'),
('pt-PT', 'República Federal da Somália', 'SO'),
('pt-PT', 'Somália', 'SO'),
('fr-FR', 'Somalie', 'SO'),
('pt-PT', 'República da África do Sul', 'ZA'),
('pt-PT', 'África do Sul', 'ZA'),
('en-US', 'South Africa', 'ZA'),
('de-DE', 'Südafrika', 'ZA'),
('es-ES', 'Sudáfrica', 'ZA'),
('fr-FR', 'Afrique du Sud', 'ZA'),
('fr-FR', 'Géorgie du Sud et les îles Sandwich du Sud', 'GS'),
('fr-FR', 'Géorgie du Sud', 'GS'),
('fr-FR', 'Îles Sandwich du Sud', 'GS'),
('es-ES', 'Islas Georgias del Sur y Sandwich del Sur', 'GS'),
('pt-PT', 'Ilhas Geórgia do Sul e Sandwich do Sul', 'GS'),
('pt-PT', 'Ilhas Geórgias do Sul e Sandwich do Sul', 'GS'),
('pt-PT', 'Ilhas Geórgia do Sul e Sanduíche do Sul', 'GS'),
('en-US', 'South Georgia and the South Sandwich Islands', 'GS'),
('de-DE', 'Südgeorgien und die Südlichen Sandwichinseln', 'GS'),
('es-ES', 'Sudán del Sur', 'SS'),
('pt-PT', 'República do Sudão do Sul', 'SS'),
('pt-PT', 'Sudão do Sul', 'SS'),
('pt-PT', 'Sudão Meridional', 'SS'),
('fr-FR', 'Soudan du sud', 'SS'),
('en-US', 'South Sudan', 'SS'),
('de-DE', 'Südsudan', 'SS'),
('de-DE', 'Spanien', 'ES'),
('pt-PT', 'Reino de Espanha', 'ES'),
('pt-PT', 'Espanha', 'ES'),
('es-ES', 'España', 'ES'),
('en-US', 'Spain', 'ES'),
('fr-FR', 'Espagne', 'ES'),
('es-ES', 'Sri Lanka', 'LK'),
('fr-FR', 'Sri Lanka', 'LK'),
('de-DE', 'Sri Lanka', 'LK'),
('en-US', 'Sri Lanka', 'LK'),
('pt-PT', 'Sri Lanka', 'LK'),
('pt-PT', 'República Democrática Socialista do Sri Lanka', 'LK'),
('pt-PT', 'Sri Lanca', 'LK'),
('pt-PT', 'Seri Lanca', 'LK'),
('pt-PT', 'República do Sudão', 'SD'),
('pt-PT', 'Sudão', 'SD'),
('en-US', 'Sudan', 'SD'),
('fr-FR', 'Soudan', 'SD'),
('de-DE', 'Sudan', 'SD'),
('es-ES', 'Sudán', 'SD'),
('es-ES', 'Surinam', 'SR'),
('fr-FR', 'Suriname', 'SR'),
('pt-PT', 'República do Suriname', 'SR'),
('pt-PT', 'Suriname', 'SR'),
('en-US', 'Suriname', 'SR'),
('de-DE', 'Suriname', 'SR'),
('fr-FR', 'Svalbard and Jan Mayen', 'SJ'),
('en-US', 'Svalbard and Jan Mayen', 'SJ'),
('de-DE', 'Spitzbergen und Jan Mayen', 'SJ'),
('es-ES', 'Svalbard y Jan Mayen', 'SJ'),
('pt-PT', 'Esvalbarde e Jan Mayen', 'SJ'),
('fr-FR', 'Suède', 'SE'),
('pt-PT', 'Reino da Suécia', 'SE'),
('pt-PT', 'Suécia', 'SE'),
('es-ES', 'Suecia', 'SE'),
('de-DE', 'Schweden', 'SE'),
('en-US', 'Sweden', 'SE'),
('fr-FR', 'Suisse', 'CH'),
('pt-PT', 'Confederação Suíça', 'CH'),
('pt-PT', 'Suíça', 'CH'),
('en-US', 'Switzerland', 'CH'),
('de-DE', 'Schweiz', 'CH'),
('es-ES', 'Suiza', 'CH'),
('en-US', 'Syria', 'SY'),
('en-US', 'Syrian Arab Republic', 'SY'),
('fr-FR', 'Syrie', 'SY'),
('pt-PT', 'Síria', 'SY'),
('pt-PT', 'República Árabe Síria', 'SY'),
('de-DE', 'Syrien', 'SY'),
('de-DE', 'Syrische Arabische Republik', 'SY'),
('es-ES', 'Siria', 'SY'),
('es-ES', 'República Árabe Siria', 'SY'),
('es-ES', 'Taiwán', 'TW'),
('de-DE', 'Taiwan', 'TW'),
('en-US', 'Taiwan', 'TW'),
('en-US', 'Taiwan Province of China', 'TW'),
('fr-FR', 'Taiwan', 'TW'),
('pt-PT', 'República da China', 'TW'),
('pt-PT', 'Taiwan', 'TW'),
('fr-FR', 'Tadjikistan', 'TJ'),
('en-US', 'Tajikistan', 'TJ'),
('pt-PT', 'República do Tajiquistão', 'TJ'),
('pt-PT', 'Tajiquistão', 'TJ'),
('pt-PT', 'Tadjiquistão', 'TJ'),
('de-DE', 'Tadschikistan', 'TJ'),
('es-ES', 'Tayikistán', 'TJ'),
('pt-PT', 'República Unida da Tanzânia', 'TZ'),
('pt-PT', 'Tanzânia', 'TZ'),
('fr-FR', 'Tanzanie', 'TZ'),
('de-DE', 'Tansania', 'TZ'),
('de-DE', 'Vereinigte Republik Tansania', 'TZ'),
('en-US', 'Tanzania', 'TZ'),
('en-US', 'United Republic of Tanzania', 'TZ'),
('es-ES', 'Tanzania', 'TZ'),
('pt-PT', 'Reino da Tailândia', 'TH'),
('pt-PT', 'Tailândia', 'TH'),
('en-US', 'Thailand', 'TH'),
('de-DE', 'Thailand', 'TH'),
('es-ES', 'Tailandia', 'TH'),
('fr-FR', 'Thaïland', 'TH'),
('fr-FR', 'Timor-Leste', 'TL'),
('en-US', 'Timor-Leste', 'TL'),
('es-ES', 'Timor Oriental', 'TL'),
('de-DE', 'Osttimor', 'TL'),
('de-DE', 'Demokratische Republik Timor-Leste', 'TL'),
('pt-PT', 'República Democrática de Timor-Leste', 'TL'),
('pt-PT', 'Timor-Leste', 'TL'),
('fr-FR', 'Togo', 'TG'),
('en-US', 'Togo', 'TG'),
('pt-PT', 'Togo', 'TG'),
('pt-PT', 'República Togolesa', 'TG'),
('es-ES', 'Togo', 'TG'),
('de-DE', 'Togo', 'TG'),
('fr-FR', 'Tokelau', 'TK'),
('pt-PT', 'Toquelau', 'TK'),
('en-US', 'Tokelau', 'TK'),
('de-DE', 'Tokelau', 'TK'),
('es-ES', 'Tokelau', 'TK'),
('en-US', 'Tonga', 'TO'),
('pt-PT', 'Reino de Tonga', 'TO'),
('pt-PT', 'Tonga', 'TO'),
('fr-FR', 'Tonga', 'TO'),
('es-ES', 'Tonga', 'TO'),
('de-DE', 'Tonga', 'TO'),
('fr-FR', 'Trinité-et-Tobago', 'TT'),
('pt-PT', 'República de Trindade e Tobago', 'TT'),
('pt-PT', 'Trindade e Tobago', 'TT'),
('de-DE', 'Trinidad und Tobago', 'TT'),
('es-ES', 'Trinidad y Tobago', 'TT'),
('en-US', 'Trinidad and Tobago', 'TT'),
('fr-FR', 'Tunisie', 'TN'),
('pt-PT', 'República Tunisina', 'TN'),
('pt-PT', 'Tunísia', 'TN'),
('de-DE', 'Tunesien', 'TN'),
('es-ES', 'Túnez', 'TN'),
('en-US', 'Tunisia', 'TN'),
('en-US', 'Turkey', 'TR'),
('es-ES', 'Turquía', 'TR'),
('fr-FR', 'Turquie', 'TR'),
('pt-PT', 'República da Turquia', 'TR'),
('pt-PT', 'Turquia', 'TR'),
('de-DE', 'Türkei', 'TR'),
('de-DE', 'Turkmenistan', 'TM'),
('en-US', 'Turkmenistan', 'TM'),
('fr-FR', 'Turkménistan', 'TM'),
('es-ES', 'Turkmenistán', 'TM'),
('pt-PT', 'Turcomenistão', 'TM'),
('pt-PT', 'República do Turquemenistão', 'TM'),
('pt-PT', 'República do Turcomenistão', 'TM'),
('pt-PT', 'Turquemenistão', 'TM'),
('en-US', 'Turks and Caicos Islands', 'TC'),
('fr-FR', 'Îles Turques-et-Caïques', 'TC'),
('de-DE', 'Turks- und Caicosinseln', 'TC'),
('pt-PT', 'Turcas e Caicos', 'TC'),
('es-ES', 'Islas Turcas y Caicos', 'TC'),
('es-ES', 'Tuvalu', 'TV'),
('en-US', 'Tuvalu', 'TV'),
('fr-FR', 'Tuvalu', 'TV'),
('de-DE', 'Tuvalu', 'TV'),
('pt-PT', 'Tuvalu', 'TV'),
('en-US', 'Uganda', 'UG'),
('fr-FR', 'Ouganda', 'UG'),
('de-DE', 'Uganda', 'UG'),
('es-ES', 'Uganda', 'UG'),
('pt-PT', 'República de Uganda', 'UG'),
('pt-PT', 'Uganda', 'UG'),
('fr-FR', 'Ukraine', 'UA'),
('es-ES', 'Ucrania', 'UA'),
('pt-PT', 'Ucrânia', 'UA'),
('de-DE', 'Ukraine', 'UA'),
('en-US', 'Ukraine', 'UA'),
('fr-FR', 'Émirats Arabes Unis', 'AE'),
('de-DE', 'Vereinigte Arabische Emirate', 'AE'),
('en-US', 'United Arab Emirates', 'AE'),
('es-ES', 'Emiratos Árabes Unidos', 'AE'),
('pt-PT', 'Emirados Árabes Unidos', 'AE'),
('pt-PT', 'Reino Unido da Grã-Bretanha e Irlanda do Norte', 'GB'),
('pt-PT', 'Reino Unido', 'GB'),
('en-US', 'United Kingdom', 'GB'),
('en-US', 'United Kingdom of Great Britain and Northern Ireland', 'GB'),
('fr-FR', 'Royaume-Unis', 'GB'),
('fr-FR', 'Royaume-Unis de Grande Bretagne et d''Irlande du Nord', 'GB'),
('es-ES', 'Reino Unido', 'GB'),
('es-ES', 'Reino Unido de Gran Bretaña e Irlanda del Norte', 'GB'),
('de-DE', 'Vereinigtes Königreich', 'GB'),
('de-DE', 'Vereinigtes Königreich von Großbritannien und Irland', 'GB'),
('de-DE', 'Vereinigte Staaten von Amerika', 'US'),
('de-DE', 'Vereinigte Staaten', 'US'),
('fr-FR', 'États-Unis d''Amérique', 'US'),
('fr-FR', 'USA', 'US'),
('fr-FR', 'États-Unis', 'US'),
('en-US', 'United States of America', 'US'),
('en-US', 'USA', 'US'),
('en-US', 'United-States', 'US'),
('es-ES', 'Estados Unidos de América', 'US'),
('es-ES', 'Estados Unidos', 'US'),
('pt-PT', 'Estados Unidos da América', 'US'),
('pt-PT', 'Estados Unidos', 'US'),
('de-DE', 'United States Minor Outlying Islands', 'UM'),
('en-US', 'United States Minor Outlying Islands', 'UM'),
('fr-FR', 'Îles mineures éloignées des États-Unis', 'UM'),
('es-ES', 'Islas Ultramarinas Menores de los Estados Unidos', 'UM'),
('pt-PT', 'Ilhas Menores Distantes dos Estados Unidos', 'UM'),
('pt-PT', 'Ilhas Menores Afastadas dos Estados Unidos', 'UM'),
('de-DE', 'Uruguay', 'UY'),
('en-US', 'Uruguay', 'UY'),
('pt-PT', 'República Oriental do Uruguai', 'UY'),
('pt-PT', 'Uruguai', 'UY'),
('fr-FR', 'Uruguay', 'UY'),
('es-ES', 'Uruguay', 'UY'),
('es-ES', 'Uzbekistán', 'UZ'),
('de-DE', 'Usbekistan', 'UZ'),
('en-US', 'Uzbekistan', 'UZ'),
('pt-PT', 'República do Uzbequistão', 'UZ'),
('pt-PT', 'Uzbequistão', 'UZ'),
('pt-PT', 'Usbequistão', 'UZ'),
('fr-FR', 'Ouzbékistan', 'UZ'),
('es-ES', 'Vanuatu', 'VU'),
('fr-FR', 'Vanuatu', 'VU'),
('de-DE', 'Vanuatu', 'VU'),
('en-US', 'Vanuatu', 'VU'),
('pt-PT', 'Vanuatu', 'VU'),
('pt-PT', 'República de Vanuatu', 'VU'),
('fr-FR', 'Vénézuéla', 'VE'),
('fr-FR', 'Venezuela', 'VE'),
('de-DE', 'Venezuela', 'VE'),
('de-DE', 'Bolivarische Republik Venezuela', 'VE'),
('es-ES', 'Venezuela', 'VE'),
('es-ES', 'República Bolivariana de Venezuela', 'VE'),
('pt-PT', 'República Bolivariana da Venezuela', 'VE'),
('pt-PT', 'Venezuela', 'VE'),
('en-US', 'Venezuela', 'VE'),
('en-US', 'Bolivarian Republic of Venezuela', 'VE'),
('en-US', 'Vietnam', 'VN'),
('en-US', 'Viet Nam', 'VN'),
('fr-FR', 'Viêt Nam', 'VN'),
('fr-FR', 'Vietnam', 'VN'),
('de-DE', 'Vietnam', 'VN'),
('de-DE', 'Sozialistische Republik Vietnam', 'VN'),
('es-ES', 'Vietnam', 'VN'),
('es-ES', 'República Socialista de Vietnam', 'VN'),
('pt-PT', 'Vietname', 'VN'),
('pt-PT', 'República Socialista do Vietname', 'VN'),
('pt-PT', 'República Socialista do Vietnã', 'VN'),
('pt-PT', 'Vietnã', 'VN'),
('fr-FR', 'Îles Vierges Britanniques', 'VG'),
('es-ES', 'Islas Vírgenes Británicas', 'VG'),
('de-DE', 'Britische Jungferninseln', 'VG'),
('en-US', 'British Virgin Islands', 'VG'),
('en-US', 'Virgin Islands', 'VG'),
('pt-PT', 'Ilhas Virgens Britânicas', 'VG'),
('fr-FR', 'Îles Vierges des États-Unis', 'VI'),
('de-DE', 'Amerikanische Jungferninseln', 'VI'),
('en-US', 'U.S. Virgin Islands', 'VI'),
('en-US', 'Virgin Islands U.S.', 'VI'),
('pt-PT', 'Ilhas Virgens dos Estados Unidos', 'VI'),
('pt-PT', 'Ilhas Virgens Americanas', 'VI'),
('es-ES', 'Islas Vírgenes de los Estados Unidos', 'VI'),
('fr-FR', 'Wallis-et-Futuna', 'WF'),
('de-DE', 'Wallis und Futuna', 'WF'),
('es-ES', 'Wallis y Futuna', 'WF'),
('en-US', 'Wallis and Futuna', 'WF'),
('pt-PT', 'Território das Ilhas Wallis e Futuna', 'WF'),
('pt-PT', 'Wallis e Futuna', 'WF'),
('es-ES', 'República Árabe Saharaui Democrática', 'EH'),
('pt-PT', 'Saara Ocidental', 'EH'),
('pt-PT', 'Sara Ocidental', 'EH'),
('fr-FR', 'Sahara Occidental', 'EH'),
('en-US', 'Western Sahara', 'EH'),
('de-DE', 'Westsahara', 'EH'),
('de-DE', 'Jemen', 'YE'),
('pt-PT', 'Iémen', 'YE'),
('pt-PT', 'República do Iémen', 'YE'),
('es-ES', 'Yemen', 'YE'),
('fr-FR', 'Yémen', 'YE'),
('en-US', 'Yemen', 'YE'),
('fr-FR', 'Zambie', 'ZM'),
('pt-PT', 'República da Zâmbia', 'ZM'),
('pt-PT', 'Zâmbia', 'ZM'),
('en-US', 'Zambia', 'ZM'),
('de-DE', 'Sambia', 'ZM'),
('es-ES', 'Zambia', 'ZM'),
('fr-FR', 'Zimbabwe', 'ZW'),
('pt-PT', 'República do Zimbabwe', 'ZW'),
('pt-PT', 'Zimbábue', 'ZW'),
('pt-PT', 'Zimbaué', 'ZW'),
('pt-PT', 'Zimbabwe', 'ZW'),
('en-US', 'Zimbabwe', 'ZW'),
('es-ES', 'Zimbabue', 'ZW'),
('de-DE', 'Simbabwe', 'ZW'),
('de-DE', 'Europa', 'EUROPE'),
('fr-FR', 'Europe', 'EUROPE'),
('es-ES', 'Europa', 'EUROPE'),
('pt-PT', 'Europa', 'EUROPE'),
('en-US', 'Europe', 'EUROPE'),
('pt-PT', 'América do Norte', 'NORTH_AMERICA'),
('de-DE', 'Nordamerika', 'NORTH_AMERICA'),
('en-US', 'North America', 'NORTH_AMERICA'),
('fr-FR', 'Amérique du Nord', 'NORTH_AMERICA'),
('es-ES', 'América del Norte', 'NORTH_AMERICA'),
('es-ES', 'América del Sur', 'SOUTH_AMERICA'),
('pt-PT', 'América do Sul', 'SOUTH_AMERICA'),
('de-DE', 'Südamerika', 'SOUTH_AMERICA'),
('fr-FR', 'Amérique du Sud', 'SOUTH_AMERICA'),
('en-US', 'North America', 'SOUTH_AMERICA'),
('de-DE', 'Afrika', 'AFRICA'),
('pt-PT', 'África', 'AFRICA'),
('en-US', 'Africa', 'AFRICA'),
('fr-FR', 'Afrique', 'AFRICA'),
('es-ES', 'África', 'AFRICA'),
('fr-FR', 'Asie', 'ASIA'),
('es-ES', 'Asia', 'ASIA'),
('pt-PT', 'Ásia', 'ASIA'),
('en-US', 'Asia', 'ASIA'),
('de-DE', 'Asien', 'ASIA'),
('en-US', 'Oceania', 'OCEANIA'),
('fr-FR', 'Océanie', 'OCEANIA'),
('de-DE', 'Ozeanien', 'OCEANIA'),
('pt-PT', 'Oceânia', 'OCEANIA'),
('es-ES', 'Oceanía', 'OCEANIA'),
('en-US', 'Antartica', 'ANTARTICA'),
('es-ES', 'Antártida', 'ANTARTICA'),
('fr-FR', 'Antarctique', 'ANTARTICA'),
('de-DE', 'Antarktis', 'ANTARTICA'),
('pt-PT', 'Antártida', 'ANTARTICA');
INSERT INTO private.geo_data (id, geo_data_group, geo_data_capital, numeric_code) VALUES
('FR-BOURG-EN-BRESSE', 'FR-01', null, '01000'),
('FR-LAON', 'FR-02', null, '02000'),
('FR-MOULINS', 'FR-03', null, '03000'),
('FR-DIGNE-LES-BAINS', 'FR-04', null, '04000'),
('FR-NICE', 'FR-06', null, '06000'),
('FR-PRIVAS', 'FR-07', null, '07000'),
('FR-CHARLEVILLE-MEZIERES', 'FR-08', null, '08000'),
('FR-FOIX', 'FR-09', null, '09000'),
('FR-TROYES', 'FR-10', null, '10000'),
('FR-CARCASSONNE', 'FR-11', null, '11000'),
('FR-RODEZ', 'FR-12', null, '12000'),
('FR-MARSEILLE', 'FR-13', null, '13000'),
('FR-CAEN', 'FR-14', null, '14000'),
('FR-AURILLAC', 'FR-15', null, '15000'),
('FR-ANGOULEME', 'FR-16', null, '16000'),
('FR-LA-ROCHELLE', 'FR-17', null, '17000'),
('FR-BOURGES', 'FR-18', null, '18000'),
('FR-TULLE', 'FR-19', null, '19000'),
('FR-AJACCIO', 'FR-2A', null, '2A000'),
('FR-DIJON', 'FR-21', null, '21000'),
('FR-ST-BRIEUC', 'FR-22', null, '22000'),
('FR-GUERET', 'FR-23', null, '23000'),
('FR-NIORT', 'FR-79', null, '79000'),
('FR-PERIGUEUX', 'FR-24', null, '24000'),
('FR-BESANÇON', 'FR-25', null, '25000'),
('FR-VALENCE', 'FR-26', null, '26000'),
('FR-EVRY', 'FR-91', null, '91000'),
('FR-EVREUX', 'FR-27', null, '27000'),
('FR-CHARTRES', 'FR-28', null, '28000'),
('FR-QUIMPER', 'FR-29', null, '29000'),
('FR-CAYENNE', 'FR-973', null, '973000'),
('FR-NIMES', 'FR-30', null, '30000'),
('FR-AUCH', 'FR-32', null, '32000'),
('FR-BORDEAUX', 'FR-33', null, '33000'),
('FR-BASSE-TERRE', 'FR-971', null, '971000'),
('FR-BASTIA', 'FR-2B', null, '2B000'),
('FR-TOULOUSE', 'FR-31', null, '31000'),
('FR-LE-PUY-EN-VELAY', 'FR-43', null, '43000'),
('FR-CHAUMONT', 'FR-52', null, '52000'),
('FR-GAP', 'FR-05', null, '05000'),
('FR-VESOUL', 'FR-70', null, '70000'),
('FR-ANNECY', 'FR-74', null, '74000'),
('FR-TARBES', 'FR-65', null, '65000'),
('FR-LIMOGES', 'FR-87', null, '87000'),
('FR-NANTERRE', 'FR-92', null, '92000'),
('FR-MONTPELLIER', 'FR-34', null, '34000'),
('FR-RENNES', 'FR-35', null, '35000'),
('FR-CHATEAUROUX', 'FR-36', null, '36000'),
('FR-TOURS', 'FR-37', null, '37000'),
('FR-GRENOBLE', 'FR-38', null, '38000'),
('FR-LONS-LE-SAUNIER', 'FR-39', null, '39000'),
('FR-MONT-DE-MARSAN', 'FR-40', null, '40000'),
('FR-SAINT-ETIENNE', 'FR-42', null, '42000'),
('FR-NANTES', 'FR-44', null, '44000'),
('FR-ORLEANS', 'FR-45', null, '45000'),
('FR-BLOIS', 'FR-41', null, '41000'),
('FR-CAHORS', 'FR-46', null, '46000'),
('FR-AGEN', 'FR-47', null, '47000'),
('FR-MENDE', 'FR-48', null, '48000'),
('FR-ANGERS', 'FR-49', null, '49000'),
('FR-SAINT-LO', 'FR-50', null, '50000'),
('FR-CHALONS-EN-CHAMPAGNE', 'FR-51', null, '51000'),
('FR-FORT-DE-FRANCE', 'FR-972', null, '972000'),
('FR-PARIS', 'FR-75', null, '75000'),
('FR-LAVAL', 'FR-53', null, '53000'),
('FR-DZAOUDZI', 'FR-976', null, '976000'),
('FR-NANCY', 'FR-54', null, '54000'),
('FR-BAR-LE-DUC', 'FR-55', null, '55000'),
('FR-VANNES', 'FR-56', null, '56000'),
('FR-METZ', 'FR-57', null, '57000'),
('FR-NEVERS', 'FR-58', null, '58000'),
('FR-LILLE', 'FR-59', null, '59000'),
('FR-BEAUVAIS', 'FR-60', null, '60000'),
('FR-ALENCON', 'FR-61', null, '61000'),
('FR-ARRAS', 'FR-62', null, '62000'),
('FR-CLERMONT-FERRAND', 'FR-63', null, '63000'),
('FR-PAU', 'FR-64', null, '64000'),
('FR-PERPIGNAN', 'FR-66', null, '66000'),
('FR-STRASBOURG', 'FR-67', null, '67000'),
('FR-COLMAR', 'FR-68', null, '68000'),
('FR-SAINT-DENIS', 'FR-974', null, '974000'),
('FR-LYON', 'FR-69', null, '69000'),
('FR-MACON', 'FR-71', null, '71000'),
('FR-LE-MANS', 'FR-72', null, '72000'),
('FR-CHAMBERY', 'FR-73', null, '73000'),
('FR-MELUN', 'FR-77', null, '77000'),
('FR-ROUEN', 'FR-76', null, '76000'),
('FR-BOBIGNY', 'FR-93', null, '93000'),
('FR-AMIENS', 'FR-80', null, '80000'),
('FR-ALBI', 'FR-81', null, '81000'),
('FR-MONTAUBAN', 'FR-82', null, '82000'),
('FR-BELFORT', 'FR-90', null, '90000'),
('FR-CRETEIL', 'FR-94', null, '94000'),
('FR-PONTOISE', 'FR-95', null, '95000'),
('FR-TOULON', 'FR-83', null, '83000'),
('FR-AVIGNON', 'FR-84', null, '84000'),
('FR-LA-ROCHE-SUR-YON', 'FR-85', null, '85000'),
('FR-POITIERS', 'FR-86', null, '86000'),
('FR-EPINAL', 'FR-88', null, '88000'),
('FR-AUXERRE', 'FR-89', null, '89000'),
('FR-VERSAILLES', 'FR-78', null, '78000'),
('FR-01', 'FR-ARA', 'FR-BOURG-EN-BRESSE', '01'),
('FR-02', 'FR-HDF', 'FR-LAON', '02'),
('FR-03', 'FR-ARA', 'FR-MOULINS', '03'),
('FR-04', 'FR-PAC', 'FR-DIGNE-LES-BAINS', '04'),
('FR-06', 'FR-PAC', 'FR-NICE', '06'),
('FR-07', 'FR-ARA', 'FR-PRIVAS', '07'),
('FR-08', 'FR-GES', 'FR-CHARLEVILLE-MEZIERES', '08'),
('FR-09', 'FR-OCC', 'FR-FOIX', '09'),
('FR-10', 'FR-GES', 'FR-TROYES', '10'),
('FR-11', 'FR-OCC', 'FR-CARCASSONNE', '11'),
('FR-12', 'FR-OCC', 'FR-RODEZ', '12'),
('FR-13', 'FR-PAC', 'FR-MARSEILLE', '13'),
('FR-14', 'FR-NOR', 'FR-CAEN', '14'),
('FR-15', 'FR-ARA', 'FR-AURILLAC', '15'),
('FR-16', 'FR-NAQ', 'FR-ANGOULEME', '16'),
('FR-17', 'FR-NAQ', 'FR-LA-ROCHELLE', '17'),
('FR-18', 'FR-CVL', 'FR-BOURGES', '18'),
('FR-19', 'FR-NAQ', 'FR-TULLE', '19'),
('FR-2A', 'FR-20R', 'FR-AJACCIO', '2A'),
('FR-21', 'FR-BFC', 'FR-DIJON', '21'),
('FR-22', 'FR-BRE', 'FR-ST-BRIEUC', '22'),
('FR-23', 'FR-NAQ', 'FR-GUERET', '23'),
('FR-79', 'FR-NAQ', 'FR-NIORT', '79'),
('FR-24', 'FR-NAQ', 'FR-PERIGUEUX', '24'),
('FR-25', 'FR-BFC', 'FR-BESANÇON', '25'),
('FR-26', 'FR-ARA', 'FR-VALENCE', '26'),
('FR-91', 'FR-IDF', 'FR-EVRY', '91'),
('FR-27', 'FR-NOR', 'FR-EVREUX', '27'),
('FR-28', 'FR-CVL', 'FR-CHARTRES', '28'),
('FR-29', 'FR-BRE', 'FR-QUIMPER', '29'),
('FR-973', null, 'FR-CAYENNE', '973'),
('FR-30', 'FR-OCC', 'FR-NIMES', '30'),
('FR-32', 'FR-OCC', 'FR-AUCH', '32'),
('FR-33', 'FR-NAQ', 'FR-BORDEAUX', '33'),
('FR-971', null, 'FR-BASSE-TERRE', '971'),
('FR-2B', 'FR-20R', 'FR-BASTIA', '2B'),
('FR-31', 'FR-OCC', 'FR-TOULOUSE', '31'),
('FR-43', 'FR-ARA', 'FR-LE-PUY-EN-VELAY', '43'),
('FR-52', 'FR-GES', 'FR-CHAUMONT', '52'),
('FR-05', 'FR-PAC', 'FR-GAP', '05'),
('FR-70', 'FR-BFC', 'FR-VESOUL', '70'),
('FR-74', 'FR-ARA', 'FR-ANNECY', '74'),
('FR-65', 'FR-OCC', 'FR-TARBES', '65'),
('FR-87', 'FR-NAQ', 'FR-LIMOGES', '87'),
('FR-92', 'FR-IDF', 'FR-NANTERRE', '92'),
('FR-34', 'FR-OCC', 'FR-MONTPELLIER', '34'),
('FR-35', 'FR-BRE', 'FR-RENNES', '35'),
('FR-36', 'FR-CVL', 'FR-CHATEAUROUX', '36'),
('FR-37', 'FR-CVL', 'FR-TOURS', '37'),
('FR-38', 'FR-ARA', 'FR-GRENOBLE', '38'),
('FR-39', 'FR-BFC', 'FR-LONS-LE-SAUNIER', '39'),
('FR-40', 'FR-NAQ', 'FR-MONT-DE-MARSAN', '40'),
('FR-42', 'FR-ARA', 'FR-SAINT-ETIENNE', '42'),
('FR-44', 'FR-PDL', 'FR-NANTES', '44'),
('FR-45', 'FR-CVL', 'FR-ORLEANS', '45'),
('FR-41', 'FR-CVL', 'FR-BLOIS', '41'),
('FR-46', 'FR-OCC', 'FR-CAHORS', '46'),
('FR-47', 'FR-NAQ', 'FR-AGEN', '47'),
('FR-48', 'FR-OCC', 'FR-MENDE', '48'),
('FR-49', 'FR-PDL', 'FR-ANGERS', '49'),
('FR-50', 'FR-NOR', 'FR-SAINT-LO', '50'),
('FR-51', 'FR-GES', 'FR-CHALONS-EN-CHAMPAGNE', '51'),
('FR-972', null, 'FR-FORT-DE-FRANCE', '972'),
('FR-75', 'FR-IDF', 'FR-PARIS', '75'),
('FR-53', 'FR-PDL', 'FR-LAVAL', '53'),
('FR-976', null, 'FR-DZAOUDZI', '976'),
('FR-54', 'FR-GES', 'FR-NANCY', '54'),
('FR-55', 'FR-GES', 'FR-BAR-LE-DUC', '55'),
('FR-56', 'FR-BRE', 'FR-VANNES', '56'),
('FR-57', 'FR-GES', 'FR-METZ', '57'),
('FR-58', 'FR-BFC', 'FR-NEVERS', '58'),
('FR-59', 'FR-HDF', 'FR-LILLE', '59'),
('FR-60', 'FR-HDF', 'FR-BEAUVAIS', '60'),
('FR-61', 'FR-NOR', 'FR-ALENCON', '61'),
('FR-62', 'FR-HDF', 'FR-ARRAS', '62'),
('FR-63', 'FR-ARA', 'FR-CLERMONT-FERRAND', '63'),
('FR-64', 'FR-NAQ', 'FR-PAU', '64'),
('FR-66', 'FR-OCC', 'FR-PERPIGNAN', '66'),
('FR-67', 'FR-GES', 'FR-STRASBOURG', '67'),
('FR-68', 'FR-GES', 'FR-COLMAR', '68'),
('FR-974', null, 'FR-SAINT-DENIS', '974'),
('FR-69', 'FR-ARA', 'FR-LYON', '69'),
('FR-71', 'FR-BFC', 'FR-MACON', '71'),
('FR-72', 'FR-PDL', 'FR-LE-MANS', '72'),
('FR-73', 'FR-ARA', 'FR-CHAMBERY', '73'),
('FR-77', 'FR-IDF', 'FR-MELUN', '77'),
('FR-76', 'FR-NOR', 'FR-ROUEN', '76'),
('FR-93', 'FR-IDF', 'FR-BOBIGNY', '93'),
('FR-80', 'FR-HDF', 'FR-AMIENS', '80'),
('FR-81', 'FR-OCC', 'FR-ALBI', '81'),
('FR-82', 'FR-OCC', 'FR-MONTAUBAN', '82'),
('FR-90', 'FR-BFC', 'FR-BELFORT', '90'),
('FR-94', 'FR-IDF', 'FR-CRETEIL', '94'),
('FR-95', 'FR-IDF', 'FR-PONTOISE', '95'),
('FR-83', 'FR-PAC', 'FR-TOULON', '83'),
('FR-84', 'FR-PAC', 'FR-AVIGNON', '84'),
('FR-85', 'FR-PDL', 'FR-LA-ROCHE-SUR-YON', '85'),
('FR-86', 'FR-NAQ', 'FR-POITIERS', '86'),
('FR-88', 'FR-GES', 'FR-EPINAL', '88'),
('FR-89', 'FR-BFC', 'FR-AUXERRE', '89'),
('FR-78', 'FR-IDF', 'FR-VERSAILLES', '78'),
('FR-ARA', 'FR', 'FR-LYON', null),
('FR-BFC', 'FR', 'FR-DIJON', null),
('FR-BRE', 'FR', 'FR-RENNES', null),
('FR-CVL', 'FR', 'FR-ORLEANS', null),
('FR-20R', 'FR', 'FR-AJACCIO', null),
('FR-GES', 'FR', 'FR-STRASBOURG', null),
('FR-HDF', 'FR', 'FR-LILLE', null),
('FR-IDF', 'FR', 'FR-PARIS', null),
('FR-NOR', 'FR', 'FR-ROUEN', null),
('FR-NAQ', 'FR', 'FR-BORDEAUX', null),
('FR-OCC', 'FR', 'FR-TOULOUSE', null),
('FR-PDL', 'FR', 'FR-NANTES', null),
('FR-PAC', 'FR', 'FR-MARSEILLE', null),
('JP-SAPPORO', 'JP-01', null, '001-0000'),
('JP-AOMORI', 'JP-02', null, '002-0000'),
('JP-MORIOKA', 'JP-03', null, '003-0000'),
('JP-SENDAI', 'JP-04', null, '004-0000'),
('JP-AKITA', 'JP-05', null, '005-0000'),
('JP-YAMAGATA', 'JP-06', null, '006-0000'),
('JP-FUKUSHIMA', 'JP-07', null, '007-0000'),
('JP-MITO', 'JP-08', null, '008-0000'),
('JP-UTSUNOMIYA', 'JP-09', null, '009-0000'),
('JP-MAEBASHI', 'JP-10', null, '010-0000'),
('JP-SAITAMA', 'JP-11', null, '011-0000'),
('JP-CHIBA', 'JP-12', null, '012-0000'),
('JP-TOKYO', 'JP-13', null, '013-0000'),
('JP-YOKOHAMA', 'JP-14', null, '014-0000'),
('JP-NIIGATA', 'JP-15', null, '015-0000'),
('JP-TOYAMA', 'JP-16', null, '016-0000'),
('JP-KANAZAWA', 'JP-17', null, '017-0000'),
('JP-FUKUI', 'JP-18', null, '018-0000'),
('JP-KOFU', 'JP-19', null, '019-0000'),
('JP-NAGANO', 'JP-20', null, '020-0000'),
('JP-GIFU', 'JP-21', null, '021-0000'),
('JP-SHIZUOKA', 'JP-22', null, '022-0000'),
('JP-NAGOYA', 'JP-23', null, '023-0000'),
('JP-TSU', 'JP-24', null, '024-0000'),
('JP-OTSU', 'JP-25', null, '025-0000'),
('JP-KYOTO', 'JP-26', null, '026-0000'),
('JP-OSAKA', 'JP-27', null, '027-0000'),
('JP-KOBE', 'JP-28', null, '028-0000'),
('JP-NARA', 'JP-29', null, '029-0000'),
('JP-WAKAYAMA', 'JP-30', null, '030-0000'),
('JP-TOTTORI', 'JP-31', null, '031-0000'),
('JP-MATSUE', 'JP-32', null, '032-0000'),
('JP-OKAYAMA', 'JP-33', null, '033-0000'),
('JP-HIROSHIMA', 'JP-34', null, '034-0000'),
('JP-YAMAGUCHI', 'JP-35', null, '035-0000'),
('JP-TOKUSHIMA', 'JP-36', null, '036-0000'),
('JP-TAKAMATSU', 'JP-37', null, '037-0000'),
('JP-MATSUYAMA', 'JP-38', null, '038-0000'),
('JP-KOCHI', 'JP-39', null, '039-0000'),
('JP-FUKUOKA', 'JP-40', null, '040-0000'),
('JP-SAGA', 'JP-41', null, '041-0000'),
('JP-NAGASAKI', 'JP-42', null, '042-0000'),
('JP-KUMAMOTO', 'JP-43', null, '043-0000'),
('JP-OITA', 'JP-44', null, '044-0000'),
('JP-MIYAZAKI', 'JP-45', null, '045-0000'),
('JP-KAGOSHIMA', 'JP-46', null, '046-0000'),
('JP-NAHA', 'JP-47', null, '047-0000'),
('JP-01', 'JP-HOK', 'JP-SAPPORO', '001'),
('JP-02', 'JP-TOH', 'JP-AOMORI', '002'),
('JP-03', 'JP-TOH', 'JP-MORIOKA', '003'),
('JP-04', 'JP-TOH', 'JP-SENDAI', '004'),
('JP-05', 'JP-TOH', 'JP-AKITA', '005'),
('JP-06', 'JP-TOH', 'JP-YAMAGATA', '006'),
('JP-07', 'JP-TOH', 'JP-FUKUSHIMA', '007'),
('JP-08', 'JP-KNT', 'JP-MITO', '008'),
('JP-09', 'JP-KNT', 'JP-UTSUNOMIYA', '009'),
('JP-10', 'JP-KNT', 'JP-MAEBASHI', '010'),
('JP-11', 'JP-KNT', 'JP-SAITAMA', '011'),
('JP-12', 'JP-KNT', 'JP-CHIBA', '012'),
('JP-13', 'JP-KNT', 'JP-TOKYO', '013'),
('JP-14', 'JP-KNT', 'JP-YOKOHAMA', '014'),
('JP-15', 'JP-CHB', 'JP-NIIGATA', '015'),
('JP-16', 'JP-CHB', 'JP-TOYAMA', '016'),
('JP-17', 'JP-CHB', 'JP-KANAZAWA', '017'),
('JP-18', 'JP-CHB', 'JP-FUKUI', '018'),
('JP-19', 'JP-CHB', 'JP-KOFU', '019'),
('JP-20', 'JP-CHB', 'JP-NAGANO', '020'),
('JP-21', 'JP-CHB', 'JP-GIFU', '021'),
('JP-22', 'JP-CHB', 'JP-SHIZUOKA', '022'),
('JP-23', 'JP-CHB', 'JP-NAGOYA', '023'),
('JP-24', 'JP-KAN', 'JP-TSU', '024'),
('JP-25', 'JP-KAN', 'JP-OTSU', '025'),
('JP-26', 'JP-KAN', 'JP-KYOTO', '026'),
('JP-27', 'JP-KAN', 'JP-OSAKA', '027'),
('JP-28', 'JP-KAN', 'JP-KOBE', '028'),
('JP-29', 'JP-KAN', 'JP-NARA', '029'),
('JP-30', 'JP-KAN', 'JP-WAKAYAMA', '030'),
('JP-31', 'JP-CHU', 'JP-TOTTORI', '031'),
('JP-32', 'JP-CHU', 'JP-MATSUE', '032'),
('JP-33', 'JP-CHU', 'JP-OKAYAMA', '033'),
('JP-34', 'JP-CHU', 'JP-HIROSHIMA', '034'),
('JP-35', 'JP-CHU', 'JP-YAMAGUCHI', '035'),
('JP-36', 'JP-SHI', 'JP-TOKUSHIMA', '036'),
('JP-37', 'JP-SHI', 'JP-TAKAMATSU', '037'),
('JP-38', 'JP-SHI', 'JP-MATSUYAMA', '038'),
('JP-39', 'JP-SHI', 'JP-KOCHI', '039'),
('JP-40', 'JP-KYU', 'JP-FUKUOKA', '040'),
('JP-41', 'JP-KYU', 'JP-SAGA', '041'),
('JP-42', 'JP-KYU', 'JP-NAGASAKI', '042'),
('JP-43', 'JP-KYU', 'JP-KUMAMOTO', '043'),
('JP-44', 'JP-KYU', 'JP-OITA', '044'),
('JP-45', 'JP-KYU', 'JP-MIYAZAKI', '045'),
('JP-46', 'JP-KYU', 'JP-KAGOSHIMA', '046'),
('JP-47', 'JP-KYU', 'JP-NAHA', '047'),
('JP-HOK', 'JP', 'JP-SAPPORO', null),
('JP-TOH', 'JP', 'JP-SENDAI', null),
('JP-KNT', 'JP', 'JP-TOKYO', null),
('JP-CHB', 'JP', 'JP-NAGOYA', null),
('JP-KAN', 'JP', 'JP-OSAKA', null),
('JP-CHU', 'JP', 'JP-HIROSHIMA', null),
('JP-SHI', 'JP', 'JP-TAKAMATSU', null),
('JP-KYU', 'JP', 'JP-FUKUOKA', null),
('JP-OKI', 'JP', 'JP-NAHA', null),
('AF-KABUL', 'AF', null, null),
('AX-MARIEHAMN', 'AX', null, null),
('AL-TIRANA', 'AL', null, null),
('DZ-ALGIERS', 'DZ', null, null),
('AS-PAGO-PAGO', 'AS', null, null),
('AD-ANDORRA-LA-VELLA', 'AD', null, null),
('AO-LUANDA', 'AO', null, null),
('AI-THE-VALLEY', 'AI', null, null),
('AQ-MCMURDO-STATION', 'AQ', null, null),
('AG-SAINT-JOHN-S', 'AG', null, null),
('AR-BUENOS-AIRES', 'AR', null, null),
('AM-YEREVAN', 'AM', null, null),
('AW-ORANJESTAD', 'AW', null, null),
('AU-CANBERRA', 'AU', null, null),
('AT-VIENNA', 'AT', null, null),
('AZ-BAKU', 'AZ', null, null),
('BS-NASSAU', 'BS', null, null),
('BH-MANAMA', 'BH', null, null),
('BD-DHAKA', 'BD', null, null),
('BB-BRIDGETOWN', 'BB', null, null),
('BY-MINSK', 'BY', null, null),
('BE-BRUSSELS', 'BE', null, null),
('BZ-BELMOPAN', 'BZ', null, null),
('BJ-PORTO-NOVO', 'BJ', null, null),
('BM-HAMILTON', 'BM', null, null),
('BT-THIMPHU', 'BT', null, null),
('BO-SUCRE', 'BO', null, null),
('BQ-KRALENDIJK', 'BQ', null, null),
('BA-SARAJEVO', 'BA', null, null),
('BW-GABORONE', 'BW', null, null),
('BV-BOUVET', 'BV', null, null),
('BR-BRASILIA', 'BR', null, null),
('IO-CAMP-THUNDER-COVE', 'IO', null, null),
('BN-BANDAR-SERI-BEGAWAN', 'BN', null, null),
('BG-SOFIA', 'BG', null, null),
('BF-OUAGADOUGOU', 'BF', null, null),
('BI-GITEGA', 'BI', null, null),
('CV-PRAIA', 'CV', null, null),
('KH-PHNOM-PENH', 'KH', null, null),
('CM-YAOUNDE', 'CM', null, null),
('CA-OTTAWA', 'CA', null, null),
('KY-GEORGE-TOWN', 'KY', null, null),
('CF-BANGUI', 'CF', null, null),
('TD-N-DJAMENA', 'TD', null, null),
('CL-SANTIAGO', 'CL', null, null),
('CN-BEIJING', 'CN', null, null),
('CX-FLYING-FISH-COVE', 'CX', null, null),
('CC-WEST-ISLAND', 'CC', null, null),
('CO-BOGOTA', 'CO', null, null),
('KM-MORONI', 'KM', null, null),
('CG-BRAZZAVILLE', 'CG', null, null),
('CD-KINSHASA', 'CD', null, null),
('CK-AVARUA', 'CK', null, null),
('CR-SAN-JOSE', 'CR', null, null),
('CI-YAMOUSSOUKRO', 'CI', null, null),
('HR-ZAGREB', 'HR', null, null),
('CU-HAVANA', 'CU', null, null),
('CW-WILLEMSTAD', 'CW', null, null),
('CY-NICOSIA', 'CY', null, null),
('CZ-PRAGUE', 'CZ', null, null),
('DK-COPENHAGEN', 'DK', null, null),
('DJ-DJIBOUTI', 'DJ', null, null),
('DM-ROSEAU', 'DM', null, null),
('DO-SANTO-DOMINGO', 'DO', null, null),
('EC-QUITO', 'EC', null, null),
('EG-CAIRO', 'EG', null, null),
('SV-SAN-SALVADOR', 'SV', null, null),
('GQ-MALABO', 'GQ', null, null),
('ER-ASMARA', 'ER', null, null),
('EE-TALLINN', 'EE', null, null),
('SZ-MBABANE', 'SZ', null, null),
('ET-ADDIS-ABABA', 'ET', null, null),
('FK-STANLEY', 'FK', null, null),
('FO-TORSHAVN', 'FO', null, null),
('FJ-SUVA', 'FJ', null, null),
('FI-HELSINKI', 'FI', null, null),
('GF-CAYENNE', 'GF', null, null),
('PF-PAPEETE', 'PF', null, null),
('TF-PORT-AUX-FRANCAIS', 'TF', null, null),
('GA-LIBREVILLE', 'GA', null, null),
('GM-BANJUL', 'GM', null, null),
('GE-TBILISI', 'GE', null, null),
('DE-BERLIN', 'DE', null, null),
('GH-ACCRA', 'GH', null, null),
('GI-GIBRALTAR', 'GI', null, null),
('GR-ATHENS', 'GR', null, null),
('GL-NUUK', 'GL', null, null),
('GD-ST-GEORGE-S', 'GD', null, null),
('GP-BASSE-TERRE', 'GP', null, null),
('GU-HAGATNA', 'GU', null, null),
('GT-GUATEMALA-CITY', 'GT', null, null),
('GG-ST-PETER-PORT', 'GG', null, null),
('GN-CONAKRY', 'GN', null, null),
('GW-BISSAU', 'GW', null, null),
('GY-GEORGETOWN', 'GY', null, null),
('HT-PORT-AU-PRINCE', 'HT', null, null),
('HM-HEARD', 'HM', null, null),
('VA-VATICAN-CITY', 'VA', null, null),
('HN-TEGUCIGALPA', 'HN', null, null),
('HK-HONG-KONG', 'HK', null, null),
('HU-BUDAPEST', 'HU', null, null),
('IS-REYKJAVIK', 'IS', null, null),
('IN-NEW-DELHI', 'IN', null, null),
('ID-JAKARTA', 'ID', null, null),
('IR-TEHRAN', 'IR', null, null),
('IQ-BAGHDAD', 'IQ', null, null),
('IE-DUBLIN', 'IE', null, null),
('IM-DOUGLAS', 'IM', null, null),
('IL-JERUSALEM', 'IL', null, null),
('IT-ROME', 'IT', null, null),
('JM-KINGSTON', 'JM', null, null),
('JE-SAINT-HELIER', 'JE', null, null),
('JO-AMMAN', 'JO', null, null),
('KZ-NUR-SULTAN', 'KZ', null, null),
('KE-NAIROBI', 'KE', null, null),
('KI-SOUTH-TARAWA', 'KI', null, null),
('KP-PYONGYANG', 'KP', null, null),
('KR-SEOUL', 'KR', null, null),
('XK-PRISTINA', 'XK', null, null),
('KW-KUWAIT', 'KW', null, null),
('KG-BISHKEK', 'KG', null, null),
('LA-VIENTIANE', 'LA', null, null),
('LV-RIGA', 'LV', null, null),
('LB-BEIRUT', 'LB', null, null),
('LS-MASERU', 'LS', null, null),
('LR-MONROVIA', 'LR', null, null),
('LY-TRIPOLIS', 'LY', null, null),
('LI-VADUZ', 'LI', null, null),
('LT-VILNIUS', 'LT', null, null),
('LU-LUXEMBOURG', 'LU', null, null),
('MO-MACAO', 'MO', null, null),
('MG-ANTANANARIVO', 'MG', null, null),
('MW-LILONGWE', 'MW', null, null),
('MY-KUALA-LUMPUR', 'MY', null, null),
('MV-MALE', 'MV', null, null),
('ML-BAMAKO', 'ML', null, null),
('MT-VALLETTA', 'MT', null, null),
('MH-MAJURO', 'MH', null, null),
('MQ-FORT-DE-FRANCE', 'MQ', null, null),
('MR-NOUAKCHOTT', 'MR', null, null),
('MU-PORT-LOUIS', 'MU', null, null),
('YT-MAMOUDZOU', 'YT', null, null),
('MX-MEXICO', 'MX', null, null),
('FM-PALIKIR', 'FM', null, null),
('MD-CHISINAU', 'MD', null, null),
('MC-MONACO', 'MC', null, null),
('MN-ULAN-BATOR', 'MN', null, null),
('ME-PODGORICA', 'ME', null, null),
('MS-PLYMOUTH', 'MS', null, null),
('MA-RABAT', 'MA', null, null),
('MZ-MAPUTO', 'MZ', null, null),
('MM-NAY-PYI-TAW', 'MM', null, null),
('NA-WINDHOEK', 'NA', null, null),
('NR-YAREN', 'NR', null, null),
('NP-KATHMANDU', 'NP', null, null),
('NL-AMSTERDAM', 'NL', null, null),
('NC-NOUMEA', 'NC', null, null),
('NZ-WELLINGTON', 'NZ', null, null),
('NI-MANAGUA', 'NI', null, null),
('NE-NIAMEY', 'NE', null, null),
('NG-ABUJA', 'NG', null, null),
('NU-ALOFI', 'NU', null, null),
('NF-KINGSTON', 'NF', null, null),
('MK-SKOPJE', 'MK', null, null),
('MP-SAIPAN', 'MP', null, null),
('NO-OSLO', 'NO', null, null),
('OM-MUSCAT', 'OM', null, null),
('PK-ISLAMABAD', 'PK', null, null),
('PW-MELEKEOK', 'PW', null, null),
('PS-EAST-JERUSALEM', 'PS', null, null),
('PA-PANAMA-CITY', 'PA', null, null),
('PG-PORT-MORESBY', 'PG', null, null),
('PY-ASUNCION', 'PY', null, null),
('PE-LIMA', 'PE', null, null),
('PH-MANILA', 'PH', null, null),
('PN-ADAMSTOWN', 'PN', null, null),
('PL-WARSAW', 'PL', null, null),
('PT-LISBON', 'PT', null, null),
('PR-SAN-JUAN', 'PR', null, null),
('QA-DOHA', 'QA', null, null),
('RE-SAINT-DENIS', 'RE', null, null),
('RO-BUCHAREST', 'RO', null, null),
('RU-MOSCOW', 'RU', null, null),
('RW-KIGALI', 'RW', null, null),
('BL-GUSTAVIA', 'BL', null, null),
('SH-JAMESTOWN', 'SH', null, null),
('KN-BASSETERRE', 'KN', null, null),
('LC-CASTRIES', 'LC', null, null),
('MF-MARIGOT', 'MF', null, null),
('PM-SAINT-PIERRE', 'PM', null, null),
('VC-KINGSTOWN', 'VC', null, null),
('WS-APIA', 'WS', null, null),
('SM-SAN-MARINO', 'SM', null, null),
('ST-SAO-TOME', 'ST', null, null),
('SA-RIYADH', 'SA', null, null),
('SN-DAKAR', 'SN', null, null),
('RS-BELGRADE', 'RS', null, null),
('SC-VICTORIA', 'SC', null, null),
('SL-FREETOWN', 'SL', null, null),
('SG-SINGAPUR', 'SG', null, null),
('SX-PHILIPSBURG', 'SX', null, null),
('SK-BRATISLAVA', 'SK', null, null),
('SI-LJUBLJANA', 'SI', null, null),
('SB-HONIARA', 'SB', null, null),
('SO-MOGADISHU', 'SO', null, null),
('ZA-PRETORIA', 'ZA', null, null),
('GS-KING-EDWARD-POINT', 'GS', null, null),
('SS-JUBA', 'SS', null, null),
('ES-MADRID', 'ES', null, null),
('LK-SRI-JAYAWARDENAPURA-KOTTE', 'LK', null, null),
('SD-KHARTOUM', 'SD', null, null),
('SR-PARAMARIBO', 'SR', null, null),
('SJ-LONGYEARBYEN', 'SJ', null, null),
('SE-STOCKHOLM', 'SE', null, null),
('CH-BERNE', 'CH', null, null),
('SY-DAMASCUS', 'SY', null, null),
('TW-TAIPEI', 'TW', null, null),
('TJ-DUSHANBE', 'TJ', null, null),
('TZ-DODOMA', 'TZ', null, null),
('TH-BANGKOK', 'TH', null, null),
('TL-DILI', 'TL', null, null),
('TG-LOME', 'TG', null, null),
('TK-ATAFU', 'TK', null, null),
('TO-NUKU-ALOFA', 'TO', null, null),
('TT-PORT-OF-SPAIN', 'TT', null, null),
('TN-TUNIS', 'TN', null, null),
('TR-ANKARA', 'TR', null, null),
('TM-ASHGABAT', 'TM', null, null),
('TC-COCKBURN-TOWN', 'TC', null, null),
('TV-FUNAFUTI', 'TV', null, null),
('UG-KAMPALA', 'UG', null, null),
('UA-KYIV', 'UA', null, null),
('AE-ABU-DHABI', 'AE', null, null),
('GB-LONDON', 'GB', null, null),
('US-WASHINGTON-DC', 'US', null, null),
('UM-JOHNSTON-ATOLL', 'UM', null, null),
('UY-MONTEVIDEO', 'UY', null, null),
('UZ-TASHKENT', 'UZ', null, null),
('VU-PORT-VILA', 'VU', null, null),
('VE-CARACAS', 'VE', null, null),
('VN-HANOI', 'VN', null, null),
('VG-ROAD-TOWN', 'VG', null, null),
('VI-CHARLOTTE-AMALIE', 'VI', null, null),
('WF-MATA-UTU', 'WF', null, null),
('EH-EL-AAIUN', 'EH', null, null),
('YE-SANA-A', 'YE', null, null),
('ZM-LUSAKA', 'ZM', null, null),
('ZW-HARARE', 'ZW', null, null),
('AF', 'ASIA', 'AF-KABUL', '004'),
('AX', 'EUROPE', 'AX-MARIEHAMN', '248'),
('AL', 'EUROPE', 'AL-TIRANA', '008'),
('DZ', 'AFRICA', 'DZ-ALGIERS', '012'),
('AS', 'OCEANIA', 'AS-PAGO-PAGO', '016'),
('AD', 'EUROPE', 'AD-ANDORRA-LA-VELLA', '020'),
('AO', 'AFRICA', 'AO-LUANDA', '024'),
('AI', 'NORTH_AMERICA', 'AI-THE-VALLEY', '660'),
('AQ', 'ANTARTICA', 'AQ-MCMURDO-STATION', '010'),
('AG', 'NORTH_AMERICA', 'AG-SAINT-JOHN-S', '028'),
('AR', 'SOUTH_AMERICA', 'AR-BUENOS-AIRES', '032'),
('AM', 'ASIA', 'AM-YEREVAN', '051'),
('AW', 'NORTH_AMERICA', 'AW-ORANJESTAD', '533'),
('AU', 'OCEANIA', 'AU-CANBERRA', '036'),
('AT', 'EUROPE', 'AT-VIENNA', '040'),
('AZ', 'ASIA', 'AZ-BAKU', '031'),
('BS', 'NORTH_AMERICA', 'BS-NASSAU', '044'),
('BH', 'ASIA', 'BH-MANAMA', '048'),
('BD', 'ASIA', 'BD-DHAKA', '050'),
('BB', 'NORTH_AMERICA', 'BB-BRIDGETOWN', '052'),
('BY', 'EUROPE', 'BY-MINSK', '112'),
('BE', 'EUROPE', 'BE-BRUSSELS', '056'),
('BZ', 'NORTH_AMERICA', 'BZ-BELMOPAN', '084'),
('BJ', 'AFRICA', 'BJ-PORTO-NOVO', '204'),
('BM', 'NORTH_AMERICA', 'BM-HAMILTON', '060'),
('BT', 'ASIA', 'BT-THIMPHU', '064'),
('BO', 'SOUTH_AMERICA', 'BO-SUCRE', '068'),
('BQ', 'NORTH_AMERICA', 'BQ-KRALENDIJK', '535'),
('BA', 'EUROPE', 'BA-SARAJEVO', '070'),
('BW', 'AFRICA', 'BW-GABORONE', '072'),
('BV', 'ANTARTICA', 'BV-BOUVET', '074'),
('BR', 'SOUTH_AMERICA', 'BR-BRASILIA', '076'),
('IO', 'ASIA', 'IO-CAMP-THUNDER-COVE', '086'),
('BN', 'ASIA', 'BN-BANDAR-SERI-BEGAWAN', '096'),
('BG', 'EUROPE', 'BG-SOFIA', '100'),
('BF', 'AFRICA', 'BF-OUAGADOUGOU', '854'),
('BI', 'AFRICA', 'BI-GITEGA', '108'),
('CV', 'AFRICA', 'CV-PRAIA', '132'),
('KH', 'ASIA', 'KH-PHNOM-PENH', '116'),
('CM', 'AFRICA', 'CM-YAOUNDE', '120'),
('CA', 'NORTH_AMERICA', 'CA-OTTAWA', '124'),
('KY', 'NORTH_AMERICA', 'KY-GEORGE-TOWN', '136'),
('CF', 'AFRICA', 'CF-BANGUI', '140'),
('TD', 'AFRICA', 'TD-N-DJAMENA', '148'),
('CL', 'SOUTH_AMERICA', 'CL-SANTIAGO', '152'),
('CN', 'ASIA', 'CN-BEIJING', '156'),
('CX', 'ASIA', 'CX-FLYING-FISH-COVE', '162'),
('CC', 'ASIA', 'CC-WEST-ISLAND', '166'),
('CO', 'SOUTH_AMERICA', 'CO-BOGOTA', '170'),
('KM', 'AFRICA', 'KM-MORONI', '174'),
('CG', 'AFRICA', 'CG-BRAZZAVILLE', '178'),
('CD', 'AFRICA', 'CD-KINSHASA', '180'),
('CK', 'OCEANIA', 'CK-AVARUA', '184'),
('CR', 'NORTH_AMERICA', 'CR-SAN-JOSE', '188'),
('CI', 'AFRICA', 'CI-YAMOUSSOUKRO', '384'),
('HR', 'EUROPE', 'HR-ZAGREB', '191'),
('CU', 'NORTH_AMERICA', 'CU-HAVANA', '192'),
('CW', 'NORTH_AMERICA', 'CW-WILLEMSTAD', '531'),
('CY', 'ASIA', 'CY-NICOSIA', '196'),
('CZ', 'EUROPE', 'CZ-PRAGUE', '203'),
('DK', 'EUROPE', 'DK-COPENHAGEN', '208'),
('DJ', 'AFRICA', 'DJ-DJIBOUTI', '262'),
('DM', 'NORTH_AMERICA', 'DM-ROSEAU', '212'),
('DO', 'NORTH_AMERICA', 'DO-SANTO-DOMINGO', '214'),
('EC', 'NORTH_AMERICA', 'EC-QUITO', '218'),
('EG', 'AFRICA', 'EG-CAIRO', '818'),
('SV', 'NORTH_AMERICA', 'SV-SAN-SALVADOR', '222'),
('GQ', 'AFRICA', 'GQ-MALABO', '226'),
('ER', 'AFRICA', 'ER-ASMARA', '232'),
('EE', 'EUROPE', 'EE-TALLINN', '233'),
('SZ', 'AFRICA', 'SZ-MBABANE', '748'),
('ET', 'AFRICA', 'ET-ADDIS-ABABA', '231'),
('FK', 'SOUTH_AMERICA', 'FK-STANLEY', '238'),
('FO', 'EUROPE', 'FO-TORSHAVN', '234'),
('FJ', 'OCEANIA', 'FJ-SUVA', '242'),
('FI', 'EUROPE', 'FI-HELSINKI', '246'),
('FR', 'EUROPE', 'FR-PARIS', '250'),
('GF', 'SOUTH_AMERICA', 'GF-CAYENNE', '254'),
('PF', 'OCEANIA', 'PF-PAPEETE', '258'),
('TF', 'ANTARTICA', 'TF-PORT-AUX-FRANCAIS', '260'),
('GA', 'AFRICA', 'GA-LIBREVILLE', '266'),
('GM', 'AFRICA', 'GM-BANJUL', '270'),
('GE', 'ASIA', 'GE-TBILISI', '268'),
('DE', 'EUROPE', 'DE-BERLIN', '276'),
('GH', 'AFRICA', 'GH-ACCRA', '288'),
('GI', 'EUROPE', 'GI-GIBRALTAR', '292'),
('GR', 'EUROPE', 'GR-ATHENS', '300'),
('GL', 'NORTH_AMERICA', 'GL-NUUK', '304'),
('GD', 'NORTH_AMERICA', 'GD-ST-GEORGE-S', '308'),
('GP', 'NORTH_AMERICA', 'GP-BASSE-TERRE', '312'),
('GU', 'OCEANIA', 'GU-HAGATNA', '316'),
('GT', 'NORTH_AMERICA', 'GT-GUATEMALA-CITY', '320'),
('GG', 'EUROPE', 'GG-ST-PETER-PORT', '831'),
('GN', 'AFRICA', 'GN-CONAKRY', '324'),
('GW', 'AFRICA', 'GW-BISSAU', '624'),
('GY', 'SOUTH_AMERICA', 'GY-GEORGETOWN', '328'),
('HT', 'NORTH_AMERICA', 'HT-PORT-AU-PRINCE', '332'),
('HM', 'ANTARTICA', 'HM-HEARD', '334'),
('VA', 'EUROPE', 'VA-VATICAN-CITY', '336'),
('HN', 'NORTH_AMERICA', 'HN-TEGUCIGALPA', '340'),
('HK', 'ASIA', 'HK-HONG-KONG', '344'),
('HU', 'EUROPE', 'HU-BUDAPEST', '348'),
('IS', 'EUROPE', 'IS-REYKJAVIK', '352'),
('IN', 'ASIA', 'IN-NEW-DELHI', '356'),
('ID', 'ASIA', 'ID-JAKARTA', '360'),
('IR', 'ASIA', 'IR-TEHRAN', '364'),
('IQ', 'ASIA', 'IQ-BAGHDAD', '368'),
('IE', 'EUROPE', 'IE-DUBLIN', '372'),
('IM', 'EUROPE', 'IM-DOUGLAS', '833'),
('IL', 'ASIA', 'IL-JERUSALEM', '376'),
('IT', 'EUROPE', 'IT-ROME', '380'),
('JM', 'NORTH_AMERICA', 'JM-KINGSTON', '388'),
('JP', 'ASIA', 'JP-TOKYO', '392'),
('JE', 'EUROPE', 'JE-SAINT-HELIER', '832'),
('JO', 'ASIA', 'JO-AMMAN', '400'),
('KZ', 'ASIA', 'KZ-NUR-SULTAN', '398'),
('KE', 'AFRICA', 'KE-NAIROBI', '404'),
('KI', 'OCEANIA', 'KI-SOUTH-TARAWA', '296'),
('KP', 'ASIA', 'KP-PYONGYANG', '408'),
('KR', 'ASIA', 'KR-SEOUL', '410'),
('XK', 'EUROPE', 'XK-PRISTINA', '926'),
('KW', 'ASIA', 'KW-KUWAIT', '414'),
('KG', 'ASIA', 'KG-BISHKEK', '417'),
('LA', 'ASIA', 'LA-VIENTIANE', '418'),
('LV', 'EUROPE', 'LV-RIGA', '428'),
('LB', 'ASIA', 'LB-BEIRUT', '422'),
('LS', 'AFRICA', 'LS-MASERU', '426'),
('LR', 'AFRICA', 'LR-MONROVIA', '430'),
('LY', 'AFRICA', 'LY-TRIPOLIS', '434'),
('LI', 'EUROPE', 'LI-VADUZ', '438'),
('LT', 'EUROPE', 'LT-VILNIUS', '440'),
('LU', 'EUROPE', 'LU-LUXEMBOURG', '442'),
('MO', 'ASIA', 'MO-MACAO', '446'),
('MG', 'AFRICA', 'MG-ANTANANARIVO', '450'),
('MW', 'AFRICA', 'MW-LILONGWE', '454'),
('MY', 'ASIA', 'MY-KUALA-LUMPUR', '458'),
('MV', 'ASIA', 'MV-MALE', '462'),
('ML', 'AFRICA', 'ML-BAMAKO', '466'),
('MT', 'EUROPE', 'MT-VALLETTA', '470'),
('MH', 'OCEANIA', 'MH-MAJURO', '584'),
('MQ', 'NORTH_AMERICA', 'MQ-FORT-DE-FRANCE', '474'),
('MR', 'AFRICA', 'MR-NOUAKCHOTT', '478'),
('MU', 'AFRICA', 'MU-PORT-LOUIS', '480'),
('YT', 'AFRICA', 'YT-MAMOUDZOU', '175'),
('MX', 'NORTH_AMERICA', 'MX-MEXICO', '484'),
('FM', 'OCEANIA', 'FM-PALIKIR', '583'),
('MD', 'ASIA', 'MD-CHISINAU', '498'),
('MC', 'EUROPE', 'MC-MONACO', '492'),
('MN', 'ASIA', 'MN-ULAN-BATOR', '496'),
('ME', 'EUROPE', 'ME-PODGORICA', '499'),
('MS', 'NORTH_AMERICA', 'MS-PLYMOUTH', '500'),
('MA', 'AFRICA', 'MA-RABAT', '504'),
('MZ', 'AFRICA', 'MZ-MAPUTO', '508'),
('MM', 'ASIA', 'MM-NAY-PYI-TAW', '104'),
('NA', 'AFRICA', 'NA-WINDHOEK', '516'),
('NR', 'OCEANIA', 'NR-YAREN', '520'),
('NP', 'ASIA', 'NP-KATHMANDU', '524'),
('NL', 'EUROPE', 'NL-AMSTERDAM', '528'),
('NC', 'OCEANIA', 'NC-NOUMEA', '540'),
('NZ', 'OCEANIA', 'NZ-WELLINGTON', '554'),
('NI', 'NORTH_AMERICA', 'NI-MANAGUA', '558'),
('NE', 'AFRICA', 'NE-NIAMEY', '562'),
('NG', 'AFRICA', 'NG-ABUJA', '566'),
('NU', 'OCEANIA', 'NU-ALOFI', '570'),
('NF', 'OCEANIA', 'NF-KINGSTON', '574'),
('MK', 'EUROPE', 'MK-SKOPJE', '807'),
('MP', 'OCEANIA', 'MP-SAIPAN', '580'),
('NO', 'EUROPE', 'NO-OSLO', '578'),
('OM', 'ASIA', 'OM-MUSCAT', '512'),
('PK', 'ASIA', 'PK-ISLAMABAD', '586'),
('PW', 'OCEANIA', 'PW-MELEKEOK', '585'),
('PS', 'ASIA', 'PS-EAST-JERUSALEM', '275'),
('PA', 'NORTH_AMERICA', 'PA-PANAMA-CITY', '591'),
('PG', 'OCEANIA', 'PG-PORT-MORESBY', '598'),
('PY', 'SOUTH_AMERICA', 'PY-ASUNCION', '600'),
('PE', 'SOUTH_AMERICA', 'PE-LIMA', '604'),
('PH', 'ASIA', 'PH-MANILA', '608'),
('PN', 'OCEANIA', 'PN-ADAMSTOWN', '612'),
('PL', 'EUROPE', 'PL-WARSAW', '616'),
('PT', 'EUROPE', 'PT-LISBON', '620'),
('PR', 'NORTH_AMERICA', 'PR-SAN-JUAN', '630'),
('QA', 'ASIA', 'QA-DOHA', '634'),
('RE', 'AFRICA', 'RE-SAINT-DENIS', '638'),
('RO', 'EUROPE', 'RO-BUCHAREST', '642'),
('RU', 'ASIA', 'RU-MOSCOW', '643'),
('RW', 'AFRICA', 'RW-KIGALI', '646'),
('BL', 'NORTH_AMERICA', 'BL-GUSTAVIA', '652'),
('SH', 'AFRICA', 'SH-JAMESTOWN', '654'),
('KN', 'NORTH_AMERICA', 'KN-BASSETERRE', '659'),
('LC', 'NORTH_AMERICA', 'LC-CASTRIES', '662'),
('MF', 'NORTH_AMERICA', 'MF-MARIGOT', '663'),
('PM', 'NORTH_AMERICA', 'PM-SAINT-PIERRE', '666'),
('VC', 'NORTH_AMERICA', 'VC-KINGSTOWN', '670'),
('WS', 'OCEANIA', 'WS-APIA', '882'),
('SM', 'EUROPE', 'SM-SAN-MARINO', '674'),
('ST', 'AFRICA', 'ST-SAO-TOME', '678'),
('SA', 'ASIA', 'SA-RIYADH', '682'),
('SN', 'AFRICA', 'SN-DAKAR', '686'),
('RS', 'EUROPE', 'RS-BELGRADE', '688'),
('SC', 'AFRICA', 'SC-VICTORIA', '690'),
('SL', 'AFRICA', 'SL-FREETOWN', '694'),
('SG', 'ASIA', 'SG-SINGAPUR', '702'),
('SX', 'NORTH_AMERICA', 'SX-PHILIPSBURG', '534'),
('SK', 'EUROPE', 'SK-BRATISLAVA', '703'),
('SI', 'EUROPE', 'SI-LJUBLJANA', '705'),
('SB', 'OCEANIA', 'SB-HONIARA', '090'),
('SO', 'AFRICA', 'SO-MOGADISHU', '706'),
('ZA', 'AFRICA', 'ZA-PRETORIA', '710'),
('GS', 'ANTARTICA', 'GS-KING-EDWARD-POINT', '239'),
('SS', 'AFRICA', 'SS-JUBA', '728'),
('ES', 'EUROPE', 'ES-MADRID', '724'),
('LK', 'ASIA', 'LK-SRI-JAYAWARDENAPURA-KOTTE', '144'),
('SD', 'AFRICA', 'SD-KHARTOUM', '729'),
('SR', 'SOUTH_AMERICA', 'SR-PARAMARIBO', '740'),
('SJ', 'EUROPE', 'SJ-LONGYEARBYEN', '744'),
('SE', 'EUROPE', 'SE-STOCKHOLM', '752'),
('CH', 'EUROPE', 'CH-BERNE', '756'),
('SY', 'ASIA', 'SY-DAMASCUS', '760'),
('TW', 'ASIA', 'TW-TAIPEI', '158'),
('TJ', 'ASIA', 'TJ-DUSHANBE', '762'),
('TZ', 'AFRICA', 'TZ-DODOMA', '834'),
('TH', 'ASIA', 'TH-BANGKOK', '764'),
('TL', 'ASIA', 'TL-DILI', '626'),
('TG', 'AFRICA', 'TG-LOME', '768'),
('TK', 'OCEANIA', 'TK-ATAFU', '772'),
('TO', 'OCEANIA', 'TO-NUKU-ALOFA', '776'),
('TT', 'NORTH_AMERICA', 'TT-PORT-OF-SPAIN', '780'),
('TN', 'AFRICA', 'TN-TUNIS', '788'),
('TR', 'ASIA', 'TR-ANKARA', '792'),
('TM', 'ASIA', 'TM-ASHGABAT', '795'),
('TC', 'NORTH_AMERICA', 'TC-COCKBURN-TOWN', '796'),
('TV', 'OCEANIA', 'TV-FUNAFUTI', '798'),
('UG', 'AFRICA', 'UG-KAMPALA', '800'),
('UA', 'EUROPE', 'UA-KYIV', '804'),
('AE', 'ASIA', 'AE-ABU-DHABI', '784'),
('GB', 'EUROPE', 'GB-LONDON', '826'),
('US', 'NORTH_AMERICA', 'US-WASHINGTON-DC', '840'),
('UM', 'OCEANIA', 'UM-JOHNSTON-ATOLL', '581'),
('UY', 'SOUTH_AMERICA', 'UY-MONTEVIDEO', '858'),
('UZ', 'ASIA', 'UZ-TASHKENT', '860'),
('VU', 'OCEANIA', 'VU-PORT-VILA', '548'),
('VE', 'SOUTH_AMERICA', 'VE-CARACAS', '862'),
('VN', 'ASIA', 'VN-HANOI', '704'),
('VG', 'NORTH_AMERICA', 'VG-ROAD-TOWN', '092'),
('VI', 'NORTH_AMERICA', 'VI-CHARLOTTE-AMALIE', '850'),
('WF', 'OCEANIA', 'WF-MATA-UTU', '876'),
('EH', 'AFRICA', 'EH-EL-AAIUN', '732'),
('YE', 'ASIA', 'YE-SANA-A', '887'),
('ZM', 'AFRICA', 'ZM-LUSAKA', '894'),
('ZW', 'AFRICA', 'ZW-HARARE', '716'),
('EUROPE', null, null, null),
('NORTH_AMERICA', null, null, null),
('SOUTH_AMERICA', null, null, null),
('AFRICA', null, null, null),
('ASIA', null, null, null),
('OCEANIA', null, null, null),
('ANTARTICA', null, null, null);
INSERT INTO private.map_geo_data (id_map, id_geo_data) VALUES
('FRANCE_DEPARTMENTS', 'FR-01'),
('FRANCE_DEPARTMENTS', 'FR-02'),
('FRANCE_DEPARTMENTS', 'FR-03'),
('FRANCE_DEPARTMENTS', 'FR-04'),
('FRANCE_DEPARTMENTS', 'FR-06'),
('FRANCE_DEPARTMENTS', 'FR-07'),
('FRANCE_DEPARTMENTS', 'FR-08'),
('FRANCE_DEPARTMENTS', 'FR-09'),
('FRANCE_DEPARTMENTS', 'FR-10'),
('FRANCE_DEPARTMENTS', 'FR-11'),
('FRANCE_DEPARTMENTS', 'FR-12'),
('FRANCE_DEPARTMENTS', 'FR-13'),
('FRANCE_DEPARTMENTS', 'FR-14'),
('FRANCE_DEPARTMENTS', 'FR-15'),
('FRANCE_DEPARTMENTS', 'FR-16'),
('FRANCE_DEPARTMENTS', 'FR-17'),
('FRANCE_DEPARTMENTS', 'FR-18'),
('FRANCE_DEPARTMENTS', 'FR-19'),
('FRANCE_DEPARTMENTS', 'FR-2A'),
('FRANCE_DEPARTMENTS', 'FR-21'),
('FRANCE_DEPARTMENTS', 'FR-22'),
('FRANCE_DEPARTMENTS', 'FR-23'),
('FRANCE_DEPARTMENTS', 'FR-79'),
('FRANCE_DEPARTMENTS', 'FR-24'),
('FRANCE_DEPARTMENTS', 'FR-25'),
('FRANCE_DEPARTMENTS', 'FR-26'),
('FRANCE_DEPARTMENTS', 'FR-91'),
('FRANCE_DEPARTMENTS', 'FR-27'),
('FRANCE_DEPARTMENTS', 'FR-28'),
('FRANCE_DEPARTMENTS', 'FR-29'),
('FRANCE_DEPARTMENTS', 'FR-973'),
('FRANCE_DEPARTMENTS', 'FR-30'),
('FRANCE_DEPARTMENTS', 'FR-32'),
('FRANCE_DEPARTMENTS', 'FR-33'),
('FRANCE_DEPARTMENTS', 'FR-971'),
('FRANCE_DEPARTMENTS', 'FR-2B'),
('FRANCE_DEPARTMENTS', 'FR-31'),
('FRANCE_DEPARTMENTS', 'FR-43'),
('FRANCE_DEPARTMENTS', 'FR-52'),
('FRANCE_DEPARTMENTS', 'FR-05'),
('FRANCE_DEPARTMENTS', 'FR-70'),
('FRANCE_DEPARTMENTS', 'FR-74'),
('FRANCE_DEPARTMENTS', 'FR-65'),
('FRANCE_DEPARTMENTS', 'FR-87'),
('FRANCE_DEPARTMENTS', 'FR-92'),
('FRANCE_DEPARTMENTS', 'FR-34'),
('FRANCE_DEPARTMENTS', 'FR-35'),
('FRANCE_DEPARTMENTS', 'FR-36'),
('FRANCE_DEPARTMENTS', 'FR-37'),
('FRANCE_DEPARTMENTS', 'FR-38'),
('FRANCE_DEPARTMENTS', 'FR-39'),
('FRANCE_DEPARTMENTS', 'FR-40'),
('FRANCE_DEPARTMENTS', 'FR-42'),
('FRANCE_DEPARTMENTS', 'FR-44'),
('FRANCE_DEPARTMENTS', 'FR-45'),
('FRANCE_DEPARTMENTS', 'FR-41'),
('FRANCE_DEPARTMENTS', 'FR-46'),
('FRANCE_DEPARTMENTS', 'FR-47'),
('FRANCE_DEPARTMENTS', 'FR-48'),
('FRANCE_DEPARTMENTS', 'FR-49'),
('FRANCE_DEPARTMENTS', 'FR-50'),
('FRANCE_DEPARTMENTS', 'FR-51'),
('FRANCE_DEPARTMENTS', 'FR-972'),
('FRANCE_DEPARTMENTS', 'FR-75'),
('FRANCE_DEPARTMENTS', 'FR-53'),
('FRANCE_DEPARTMENTS', 'FR-976'),
('FRANCE_DEPARTMENTS', 'FR-54'),
('FRANCE_DEPARTMENTS', 'FR-55'),
('FRANCE_DEPARTMENTS', 'FR-56'),
('FRANCE_DEPARTMENTS', 'FR-57'),
('FRANCE_DEPARTMENTS', 'FR-58'),
('FRANCE_DEPARTMENTS', 'FR-59'),
('FRANCE_DEPARTMENTS', 'FR-60'),
('FRANCE_DEPARTMENTS', 'FR-61'),
('FRANCE_DEPARTMENTS', 'FR-62'),
('FRANCE_DEPARTMENTS', 'FR-63'),
('FRANCE_DEPARTMENTS', 'FR-64'),
('FRANCE_DEPARTMENTS', 'FR-66'),
('FRANCE_DEPARTMENTS', 'FR-67'),
('FRANCE_DEPARTMENTS', 'FR-68'),
('FRANCE_DEPARTMENTS', 'FR-974'),
('FRANCE_DEPARTMENTS', 'FR-69'),
('FRANCE_DEPARTMENTS', 'FR-71'),
('FRANCE_DEPARTMENTS', 'FR-72'),
('FRANCE_DEPARTMENTS', 'FR-73'),
('FRANCE_DEPARTMENTS', 'FR-77'),
('FRANCE_DEPARTMENTS', 'FR-76'),
('FRANCE_DEPARTMENTS', 'FR-93'),
('FRANCE_DEPARTMENTS', 'FR-80'),
('FRANCE_DEPARTMENTS', 'FR-81'),
('FRANCE_DEPARTMENTS', 'FR-82'),
('FRANCE_DEPARTMENTS', 'FR-90'),
('FRANCE_DEPARTMENTS', 'FR-94'),
('FRANCE_DEPARTMENTS', 'FR-95'),
('FRANCE_DEPARTMENTS', 'FR-83'),
('FRANCE_DEPARTMENTS', 'FR-84'),
('FRANCE_DEPARTMENTS', 'FR-85'),
('FRANCE_DEPARTMENTS', 'FR-86'),
('FRANCE_DEPARTMENTS', 'FR-88'),
('FRANCE_DEPARTMENTS', 'FR-89'),
('FRANCE_DEPARTMENTS', 'FR-78'),
('FRANCE_DEPARTMENTS_CAPITAL', 'FR-BOURG-EN-BRESSE'),
('FRANCE_DEPARTMENTS_CAPITAL', 'FR-LAON'),
('FRANCE_DEPARTMENTS_CAPITAL', 'FR-MOULINS'),
('FRANCE_DEPARTMENTS_CAPITAL', 'FR-DIGNE-LES-BAINS'),
('FRANCE_DEPARTMENTS_CAPITAL', 'FR-NICE'),
('FRANCE_DEPARTMENTS_CAPITAL', 'FR-PRIVAS'),
('FRANCE_DEPARTMENTS_CAPITAL', 'FR-CHARLEVILLE-MEZIERES'),
('FRANCE_DEPARTMENTS_CAPITAL', 'FR-FOIX'),
('FRANCE_DEPARTMENTS_CAPITAL', 'FR-TROYES'),
('FRANCE_DEPARTMENTS_CAPITAL', 'FR-CARCASSONNE'),
('FRANCE_DEPARTMENTS_CAPITAL', 'FR-RODEZ'),
('FRANCE_DEPARTMENTS_CAPITAL', 'FR-MARSEILLE'),
('FRANCE_DEPARTMENTS_CAPITAL', 'FR-CAEN'),
('FRANCE_DEPARTMENTS_CAPITAL', 'FR-AURILLAC'),
('FRANCE_DEPARTMENTS_CAPITAL', 'FR-ANGOULEME'),
('FRANCE_DEPARTMENTS_CAPITAL', 'FR-LA-ROCHELLE'),
('FRANCE_DEPARTMENTS_CAPITAL', 'FR-BOURGES'),
('FRANCE_DEPARTMENTS_CAPITAL', 'FR-TULLE'),
('FRANCE_DEPARTMENTS_CAPITAL', 'FR-AJACCIO'),
('FRANCE_DEPARTMENTS_CAPITAL', 'FR-DIJON'),
('FRANCE_DEPARTMENTS_CAPITAL', 'FR-ST-BRIEUC'),
('FRANCE_DEPARTMENTS_CAPITAL', 'FR-GUERET'),
('FRANCE_DEPARTMENTS_CAPITAL', 'FR-NIORT'),
('FRANCE_DEPARTMENTS_CAPITAL', 'FR-PERIGUEUX'),
('FRANCE_DEPARTMENTS_CAPITAL', 'FR-BESANÇON'),
('FRANCE_DEPARTMENTS_CAPITAL', 'FR-VALENCE'),
('FRANCE_DEPARTMENTS_CAPITAL', 'FR-EVRY'),
('FRANCE_DEPARTMENTS_CAPITAL', 'FR-EVREUX'),
('FRANCE_DEPARTMENTS_CAPITAL', 'FR-CHARTRES'),
('FRANCE_DEPARTMENTS_CAPITAL', 'FR-QUIMPER'),
('FRANCE_DEPARTMENTS_CAPITAL', 'FR-CAYENNE'),
('FRANCE_DEPARTMENTS_CAPITAL', 'FR-NIMES'),
('FRANCE_DEPARTMENTS_CAPITAL', 'FR-AUCH'),
('FRANCE_DEPARTMENTS_CAPITAL', 'FR-BORDEAUX'),
('FRANCE_DEPARTMENTS_CAPITAL', 'FR-BASSE-TERRE'),
('FRANCE_DEPARTMENTS_CAPITAL', 'FR-BASTIA'),
('FRANCE_DEPARTMENTS_CAPITAL', 'FR-TOULOUSE'),
('FRANCE_DEPARTMENTS_CAPITAL', 'FR-LE-PUY-EN-VELAY'),
('FRANCE_DEPARTMENTS_CAPITAL', 'FR-CHAUMONT'),
('FRANCE_DEPARTMENTS_CAPITAL', 'FR-GAP'),
('FRANCE_DEPARTMENTS_CAPITAL', 'FR-VESOUL'),
('FRANCE_DEPARTMENTS_CAPITAL', 'FR-ANNECY'),
('FRANCE_DEPARTMENTS_CAPITAL', 'FR-TARBES'),
('FRANCE_DEPARTMENTS_CAPITAL', 'FR-LIMOGES'),
('FRANCE_DEPARTMENTS_CAPITAL', 'FR-NANTERRE'),
('FRANCE_DEPARTMENTS_CAPITAL', 'FR-MONTPELLIER'),
('FRANCE_DEPARTMENTS_CAPITAL', 'FR-RENNES'),
('FRANCE_DEPARTMENTS_CAPITAL', 'FR-CHATEAUROUX'),
('FRANCE_DEPARTMENTS_CAPITAL', 'FR-TOURS'),
('FRANCE_DEPARTMENTS_CAPITAL', 'FR-GRENOBLE'),
('FRANCE_DEPARTMENTS_CAPITAL', 'FR-LONS-LE-SAUNIER'),
('FRANCE_DEPARTMENTS_CAPITAL', 'FR-MONT-DE-MARSAN'),
('FRANCE_DEPARTMENTS_CAPITAL', 'FR-SAINT-ETIENNE'),
('FRANCE_DEPARTMENTS_CAPITAL', 'FR-NANTES'),
('FRANCE_DEPARTMENTS_CAPITAL', 'FR-ORLEANS'),
('FRANCE_DEPARTMENTS_CAPITAL', 'FR-BLOIS'),
('FRANCE_DEPARTMENTS_CAPITAL', 'FR-CAHORS'),
('FRANCE_DEPARTMENTS_CAPITAL', 'FR-AGEN'),
('FRANCE_DEPARTMENTS_CAPITAL', 'FR-MENDE'),
('FRANCE_DEPARTMENTS_CAPITAL', 'FR-ANGERS'),
('FRANCE_DEPARTMENTS_CAPITAL', 'FR-SAINT-LO'),
('FRANCE_DEPARTMENTS_CAPITAL', 'FR-CHALONS-EN-CHAMPAGNE'),
('FRANCE_DEPARTMENTS_CAPITAL', 'FR-FORT-DE-FRANCE'),
('FRANCE_DEPARTMENTS_CAPITAL', 'FR-PARIS'),
('FRANCE_DEPARTMENTS_CAPITAL', 'FR-LAVAL'),
('FRANCE_DEPARTMENTS_CAPITAL', 'FR-DZAOUDZI'),
('FRANCE_DEPARTMENTS_CAPITAL', 'FR-NANCY'),
('FRANCE_DEPARTMENTS_CAPITAL', 'FR-BAR-LE-DUC'),
('FRANCE_DEPARTMENTS_CAPITAL', 'FR-VANNES'),
('FRANCE_DEPARTMENTS_CAPITAL', 'FR-METZ'),
('FRANCE_DEPARTMENTS_CAPITAL', 'FR-NEVERS'),
('FRANCE_DEPARTMENTS_CAPITAL', 'FR-LILLE'),
('FRANCE_DEPARTMENTS_CAPITAL', 'FR-BEAUVAIS'),
('FRANCE_DEPARTMENTS_CAPITAL', 'FR-ALENCON'),
('FRANCE_DEPARTMENTS_CAPITAL', 'FR-ARRAS'),
('FRANCE_DEPARTMENTS_CAPITAL', 'FR-CLERMONT-FERRAND'),
('FRANCE_DEPARTMENTS_CAPITAL', 'FR-PAU'),
('FRANCE_DEPARTMENTS_CAPITAL', 'FR-PERPIGNAN'),
('FRANCE_DEPARTMENTS_CAPITAL', 'FR-STRASBOURG'),
('FRANCE_DEPARTMENTS_CAPITAL', 'FR-COLMAR'),
('FRANCE_DEPARTMENTS_CAPITAL', 'FR-SAINT-DENIS'),
('FRANCE_DEPARTMENTS_CAPITAL', 'FR-LYON'),
('FRANCE_DEPARTMENTS_CAPITAL', 'FR-MACON'),
('FRANCE_DEPARTMENTS_CAPITAL', 'FR-LE-MANS'),
('FRANCE_DEPARTMENTS_CAPITAL', 'FR-CHAMBERY'),
('FRANCE_DEPARTMENTS_CAPITAL', 'FR-MELUN'),
('FRANCE_DEPARTMENTS_CAPITAL', 'FR-ROUEN'),
('FRANCE_DEPARTMENTS_CAPITAL', 'FR-BOBIGNY'),
('FRANCE_DEPARTMENTS_CAPITAL', 'FR-AMIENS'),
('FRANCE_DEPARTMENTS_CAPITAL', 'FR-ALBI'),
('FRANCE_DEPARTMENTS_CAPITAL', 'FR-MONTAUBAN'),
('FRANCE_DEPARTMENTS_CAPITAL', 'FR-BELFORT'),
('FRANCE_DEPARTMENTS_CAPITAL', 'FR-CRETEIL'),
('FRANCE_DEPARTMENTS_CAPITAL', 'FR-PONTOISE'),
('FRANCE_DEPARTMENTS_CAPITAL', 'FR-TOULON'),
('FRANCE_DEPARTMENTS_CAPITAL', 'FR-AVIGNON'),
('FRANCE_DEPARTMENTS_CAPITAL', 'FR-LA-ROCHE-SUR-YON'),
('FRANCE_DEPARTMENTS_CAPITAL', 'FR-POITIERS'),
('FRANCE_DEPARTMENTS_CAPITAL', 'FR-EPINAL'),
('FRANCE_DEPARTMENTS_CAPITAL', 'FR-AUXERRE'),
('FRANCE_DEPARTMENTS_CAPITAL', 'FR-VERSAILLES'),
('FRANCE_REGIONS', 'FR-ARA'),
('FRANCE_REGIONS', 'FR-BFC'),
('FRANCE_REGIONS', 'FR-BRE'),
('FRANCE_REGIONS', 'FR-CVL'),
('FRANCE_REGIONS', 'FR-20R'),
('FRANCE_REGIONS', 'FR-GES'),
('FRANCE_REGIONS', 'FR-HDF'),
('FRANCE_REGIONS', 'FR-IDF'),
('FRANCE_REGIONS', 'FR-NOR'),
('FRANCE_REGIONS', 'FR-NAQ'),
('FRANCE_REGIONS', 'FR-OCC'),
('FRANCE_REGIONS', 'FR-PDL'),
('FRANCE_REGIONS_CAPITAL', 'FR-LYON'),
('FRANCE_REGIONS_CAPITAL', 'FR-DIJON'),
('FRANCE_REGIONS_CAPITAL', 'FR-RENNES'),
('FRANCE_REGIONS_CAPITAL', 'FR-ORLEANS'),
('FRANCE_REGIONS_CAPITAL', 'FR-AJACCIO'),
('FRANCE_REGIONS_CAPITAL', 'FR-STRASBOURG'),
('FRANCE_REGIONS_CAPITAL', 'FR-LILLE'),
('FRANCE_REGIONS_CAPITAL', 'FR-PARIS'),
('FRANCE_REGIONS_CAPITAL', 'FR-ROUEN'),
('FRANCE_REGIONS_CAPITAL', 'FR-BORDEAUX'),
('FRANCE_REGIONS_CAPITAL', 'FR-TOULOUSE'),
('FRANCE_REGIONS_CAPITAL', 'FR-NANTES'),
('JAPAN_PREFECTURES', 'JP-23'),
('JAPAN_PREFECTURES', 'JP-05'),
('JAPAN_PREFECTURES', 'JP-02'),
('JAPAN_PREFECTURES', 'JP-12'),
('JAPAN_PREFECTURES', 'JP-38'),
('JAPAN_PREFECTURES', 'JP-18'),
('JAPAN_PREFECTURES', 'JP-40'),
('JAPAN_PREFECTURES', 'JP-07'),
('JAPAN_PREFECTURES', 'JP-21'),
('JAPAN_PREFECTURES', 'JP-10'),
('JAPAN_PREFECTURES', 'JP-34'),
('JAPAN_PREFECTURES', 'JP-01'),
('JAPAN_PREFECTURES', 'JP-28'),
('JAPAN_PREFECTURES', 'JP-08'),
('JAPAN_PREFECTURES', 'JP-17'),
('JAPAN_PREFECTURES', 'JP-03'),
('JAPAN_PREFECTURES', 'JP-37'),
('JAPAN_PREFECTURES', 'JP-46'),
('JAPAN_PREFECTURES', 'JP-14'),
('JAPAN_PREFECTURES', 'JP-39'),
('JAPAN_PREFECTURES', 'JP-43'),
('JAPAN_PREFECTURES', 'JP-26'),
('JAPAN_PREFECTURES', 'JP-24'),
('JAPAN_PREFECTURES', 'JP-04'),
('JAPAN_PREFECTURES', 'JP-45'),
('JAPAN_PREFECTURES', 'JP-20'),
('JAPAN_PREFECTURES', 'JP-42'),
('JAPAN_PREFECTURES', 'JP-29'),
('JAPAN_PREFECTURES', 'JP-15'),
('JAPAN_PREFECTURES', 'JP-44'),
('JAPAN_PREFECTURES', 'JP-33'),
('JAPAN_PREFECTURES', 'JP-47'),
('JAPAN_PREFECTURES', 'JP-27'),
('JAPAN_PREFECTURES', 'JP-41'),
('JAPAN_PREFECTURES', 'JP-11'),
('JAPAN_PREFECTURES', 'JP-25'),
('JAPAN_PREFECTURES', 'JP-32'),
('JAPAN_PREFECTURES', 'JP-22'),
('JAPAN_PREFECTURES', 'JP-09'),
('JAPAN_PREFECTURES', 'JP-36'),
('JAPAN_PREFECTURES', 'JP-13'),
('JAPAN_PREFECTURES', 'JP-31'),
('JAPAN_PREFECTURES', 'JP-16'),
('JAPAN_PREFECTURES', 'JP-30'),
('JAPAN_PREFECTURES', 'JP-06'),
('JAPAN_PREFECTURES', 'JP-35'),
('JAPAN_PREFECTURES', 'JP-19'),
('JAPAN_PREFECTURES_CAPITAL', 'JP-SAPPORO'),
('JAPAN_PREFECTURES_CAPITAL', 'JP-AOMORI'),
('JAPAN_PREFECTURES_CAPITAL', 'JP-MORIOKA'),
('JAPAN_PREFECTURES_CAPITAL', 'JP-SENDAI'),
('JAPAN_PREFECTURES_CAPITAL', 'JP-AKITA'),
('JAPAN_PREFECTURES_CAPITAL', 'JP-YAMAGATA'),
('JAPAN_PREFECTURES_CAPITAL', 'JP-FUKUSHIMA'),
('JAPAN_PREFECTURES_CAPITAL', 'JP-MITO'),
('JAPAN_PREFECTURES_CAPITAL', 'JP-UTSUNOMIYA'),
('JAPAN_PREFECTURES_CAPITAL', 'JP-MAEBASHI'),
('JAPAN_PREFECTURES_CAPITAL', 'JP-SAITAMA'),
('JAPAN_PREFECTURES_CAPITAL', 'JP-CHIBA'),
('JAPAN_PREFECTURES_CAPITAL', 'JP-TOKYO'),
('JAPAN_PREFECTURES_CAPITAL', 'JP-YOKOHAMA'),
('JAPAN_PREFECTURES_CAPITAL', 'JP-NIIGATA'),
('JAPAN_PREFECTURES_CAPITAL', 'JP-TOYAMA'),
('JAPAN_PREFECTURES_CAPITAL', 'JP-KANAZAWA'),
('JAPAN_PREFECTURES_CAPITAL', 'JP-FUKUI'),
('JAPAN_PREFECTURES_CAPITAL', 'JP-KOFU'),
('JAPAN_PREFECTURES_CAPITAL', 'JP-NAGANO'),
('JAPAN_PREFECTURES_CAPITAL', 'JP-GIFU'),
('JAPAN_PREFECTURES_CAPITAL', 'JP-SHIZUOKA'),
('JAPAN_PREFECTURES_CAPITAL', 'JP-NAGOYA'),
('JAPAN_PREFECTURES_CAPITAL', 'JP-TSU'),
('JAPAN_PREFECTURES_CAPITAL', 'JP-OTSU'),
('JAPAN_PREFECTURES_CAPITAL', 'JP-KYOTO'),
('JAPAN_PREFECTURES_CAPITAL', 'JP-OSAKA'),
('JAPAN_PREFECTURES_CAPITAL', 'JP-KOBE'),
('JAPAN_PREFECTURES_CAPITAL', 'JP-NARA'),
('JAPAN_PREFECTURES_CAPITAL', 'JP-WAKAYAMA'),
('JAPAN_PREFECTURES_CAPITAL', 'JP-TOTTORI'),
('JAPAN_PREFECTURES_CAPITAL', 'JP-MATSUE'),
('JAPAN_PREFECTURES_CAPITAL', 'JP-OKAYAMA'),
('JAPAN_PREFECTURES_CAPITAL', 'JP-HIROSHIMA'),
('JAPAN_PREFECTURES_CAPITAL', 'JP-YAMAGUCHI'),
('JAPAN_PREFECTURES_CAPITAL', 'JP-TOKUSHIMA'),
('JAPAN_PREFECTURES_CAPITAL', 'JP-TAKAMATSU'),
('JAPAN_PREFECTURES_CAPITAL', 'JP-MATSUYAMA'),
('JAPAN_PREFECTURES_CAPITAL', 'JP-KOCHI'),
('JAPAN_PREFECTURES_CAPITAL', 'JP-FUKUOKA'),
('JAPAN_PREFECTURES_CAPITAL', 'JP-SAGA'),
('JAPAN_PREFECTURES_CAPITAL', 'JP-NAGASAKI'),
('JAPAN_PREFECTURES_CAPITAL', 'JP-KUMAMOTO'),
('JAPAN_PREFECTURES_CAPITAL', 'JP-OITA'),
('JAPAN_PREFECTURES_CAPITAL', 'JP-MIYAZAKI'),
('JAPAN_PREFECTURES_CAPITAL', 'JP-KAGOSHIMA'),
('JAPAN_PREFECTURES_CAPITAL', 'JP-NAHA'),
('JAPAN_REGIONS', 'JP-HOK'),
('JAPAN_REGIONS', 'JP-TOH'),
('JAPAN_REGIONS', 'JP-KAN'),
('JAPAN_REGIONS', 'JP-CHB'),
('JAPAN_REGIONS', 'JP-KAN'),
('JAPAN_REGIONS', 'JP-CHU'),
('JAPAN_REGIONS', 'JP-SHI'),
('JAPAN_REGIONS', 'JP-KYU'),
('JAPAN_REGIONS', 'JP-OKI'),
('JAPAN_REGIONS_CAPITAL', 'JP-SAPPORO'),
('JAPAN_REGIONS_CAPITAL', 'JP-SENDAI'),
('JAPAN_REGIONS_CAPITAL', 'JP-TOKYO'),
('JAPAN_REGIONS_CAPITAL', 'JP-NAGOYA'),
('JAPAN_REGIONS_CAPITAL', 'JP-OSAKA'),
('JAPAN_REGIONS_CAPITAL', 'JP-HIROSHIMA'),
('JAPAN_REGIONS_CAPITAL', 'JP-TAKAMATSU'),
('JAPAN_REGIONS_CAPITAL', 'JP-FUKUOKA'),
('JAPAN_REGIONS_CAPITAL', 'JP-NAHA'),
('WORLD_COUNTRIES_ISO3166', 'AF'),
('WORLD_COUNTRIES_ISO3166', 'AX'),
('WORLD_COUNTRIES_ISO3166', 'AL'),
('WORLD_COUNTRIES_ISO3166', 'DZ'),
('WORLD_COUNTRIES_ISO3166', 'AS'),
('WORLD_COUNTRIES_ISO3166', 'AD'),
('WORLD_COUNTRIES_ISO3166', 'AO'),
('WORLD_COUNTRIES_ISO3166', 'AI'),
('WORLD_COUNTRIES_ISO3166', 'AQ'),
('WORLD_COUNTRIES_ISO3166', 'AG'),
('WORLD_COUNTRIES_ISO3166', 'AR'),
('WORLD_COUNTRIES_ISO3166', 'AM'),
('WORLD_COUNTRIES_ISO3166', 'AW'),
('WORLD_COUNTRIES_ISO3166', 'AU'),
('WORLD_COUNTRIES_ISO3166', 'AT'),
('WORLD_COUNTRIES_ISO3166', 'AZ'),
('WORLD_COUNTRIES_ISO3166', 'BS'),
('WORLD_COUNTRIES_ISO3166', 'BH'),
('WORLD_COUNTRIES_ISO3166', 'BD'),
('WORLD_COUNTRIES_ISO3166', 'BB'),
('WORLD_COUNTRIES_ISO3166', 'BY'),
('WORLD_COUNTRIES_ISO3166', 'BE'),
('WORLD_COUNTRIES_ISO3166', 'BZ'),
('WORLD_COUNTRIES_ISO3166', 'BJ'),
('WORLD_COUNTRIES_ISO3166', 'BM'),
('WORLD_COUNTRIES_ISO3166', 'BT'),
('WORLD_COUNTRIES_ISO3166', 'BO'),
('WORLD_COUNTRIES_ISO3166', 'BQ'),
('WORLD_COUNTRIES_ISO3166', 'BA'),
('WORLD_COUNTRIES_ISO3166', 'BW'),
('WORLD_COUNTRIES_ISO3166', 'BV'),
('WORLD_COUNTRIES_ISO3166', 'BR'),
('WORLD_COUNTRIES_ISO3166', 'IO'),
('WORLD_COUNTRIES_ISO3166', 'BN'),
('WORLD_COUNTRIES_ISO3166', 'BG'),
('WORLD_COUNTRIES_ISO3166', 'BF'),
('WORLD_COUNTRIES_ISO3166', 'BI'),
('WORLD_COUNTRIES_ISO3166', 'CV'),
('WORLD_COUNTRIES_ISO3166', 'KH'),
('WORLD_COUNTRIES_ISO3166', 'CM'),
('WORLD_COUNTRIES_ISO3166', 'CA'),
('WORLD_COUNTRIES_ISO3166', 'KY'),
('WORLD_COUNTRIES_ISO3166', 'CF'),
('WORLD_COUNTRIES_ISO3166', 'TD'),
('WORLD_COUNTRIES_ISO3166', 'CL'),
('WORLD_COUNTRIES_ISO3166', 'CN'),
('WORLD_COUNTRIES_ISO3166', 'CX'),
('WORLD_COUNTRIES_ISO3166', 'CC'),
('WORLD_COUNTRIES_ISO3166', 'CO'),
('WORLD_COUNTRIES_ISO3166', 'KM'),
('WORLD_COUNTRIES_ISO3166', 'CG'),
('WORLD_COUNTRIES_ISO3166', 'CD'),
('WORLD_COUNTRIES_ISO3166', 'CK'),
('WORLD_COUNTRIES_ISO3166', 'CR'),
('WORLD_COUNTRIES_ISO3166', 'CI'),
('WORLD_COUNTRIES_ISO3166', 'HR'),
('WORLD_COUNTRIES_ISO3166', 'CU'),
('WORLD_COUNTRIES_ISO3166', 'CW'),
('WORLD_COUNTRIES_ISO3166', 'CY'),
('WORLD_COUNTRIES_ISO3166', 'CZ'),
('WORLD_COUNTRIES_ISO3166', 'DK'),
('WORLD_COUNTRIES_ISO3166', 'DJ'),
('WORLD_COUNTRIES_ISO3166', 'DM'),
('WORLD_COUNTRIES_ISO3166', 'DO'),
('WORLD_COUNTRIES_ISO3166', 'EC'),
('WORLD_COUNTRIES_ISO3166', 'EG'),
('WORLD_COUNTRIES_ISO3166', 'SV'),
('WORLD_COUNTRIES_ISO3166', 'GQ'),
('WORLD_COUNTRIES_ISO3166', 'ER'),
('WORLD_COUNTRIES_ISO3166', 'EE'),
('WORLD_COUNTRIES_ISO3166', 'SZ'),
('WORLD_COUNTRIES_ISO3166', 'ET'),
('WORLD_COUNTRIES_ISO3166', 'FK'),
('WORLD_COUNTRIES_ISO3166', 'FO'),
('WORLD_COUNTRIES_ISO3166', 'FJ'),
('WORLD_COUNTRIES_ISO3166', 'FI'),
('WORLD_COUNTRIES_ISO3166', 'FR'),
('WORLD_COUNTRIES_ISO3166', 'GF'),
('WORLD_COUNTRIES_ISO3166', 'PF'),
('WORLD_COUNTRIES_ISO3166', 'TF'),
('WORLD_COUNTRIES_ISO3166', 'GA'),
('WORLD_COUNTRIES_ISO3166', 'GM'),
('WORLD_COUNTRIES_ISO3166', 'GE'),
('WORLD_COUNTRIES_ISO3166', 'DE'),
('WORLD_COUNTRIES_ISO3166', 'GH'),
('WORLD_COUNTRIES_ISO3166', 'GI'),
('WORLD_COUNTRIES_ISO3166', 'GR'),
('WORLD_COUNTRIES_ISO3166', 'GL'),
('WORLD_COUNTRIES_ISO3166', 'GD'),
('WORLD_COUNTRIES_ISO3166', 'GP'),
('WORLD_COUNTRIES_ISO3166', 'GU'),
('WORLD_COUNTRIES_ISO3166', 'GT'),
('WORLD_COUNTRIES_ISO3166', 'GG'),
('WORLD_COUNTRIES_ISO3166', 'GN'),
('WORLD_COUNTRIES_ISO3166', 'GW'),
('WORLD_COUNTRIES_ISO3166', 'GY'),
('WORLD_COUNTRIES_ISO3166', 'HT'),
('WORLD_COUNTRIES_ISO3166', 'HM'),
('WORLD_COUNTRIES_ISO3166', 'VA'),
('WORLD_COUNTRIES_ISO3166', 'HN'),
('WORLD_COUNTRIES_ISO3166', 'HK'),
('WORLD_COUNTRIES_ISO3166', 'HU'),
('WORLD_COUNTRIES_ISO3166', 'IS'),
('WORLD_COUNTRIES_ISO3166', 'IN'),
('WORLD_COUNTRIES_ISO3166', 'ID'),
('WORLD_COUNTRIES_ISO3166', 'IR'),
('WORLD_COUNTRIES_ISO3166', 'IQ'),
('WORLD_COUNTRIES_ISO3166', 'IE'),
('WORLD_COUNTRIES_ISO3166', 'IM'),
('WORLD_COUNTRIES_ISO3166', 'IL'),
('WORLD_COUNTRIES_ISO3166', 'IT'),
('WORLD_COUNTRIES_ISO3166', 'JM'),
('WORLD_COUNTRIES_ISO3166', 'JP'),
('WORLD_COUNTRIES_ISO3166', 'JE'),
('WORLD_COUNTRIES_ISO3166', 'JO'),
('WORLD_COUNTRIES_ISO3166', 'KZ'),
('WORLD_COUNTRIES_ISO3166', 'KE'),
('WORLD_COUNTRIES_ISO3166', 'KI'),
('WORLD_COUNTRIES_ISO3166', 'KP'),
('WORLD_COUNTRIES_ISO3166', 'KR'),
('WORLD_COUNTRIES_ISO3166', 'XK'),
('WORLD_COUNTRIES_ISO3166', 'KW'),
('WORLD_COUNTRIES_ISO3166', 'KG'),
('WORLD_COUNTRIES_ISO3166', 'LA'),
('WORLD_COUNTRIES_ISO3166', 'LV'),
('WORLD_COUNTRIES_ISO3166', 'LB'),
('WORLD_COUNTRIES_ISO3166', 'LS'),
('WORLD_COUNTRIES_ISO3166', 'LR'),
('WORLD_COUNTRIES_ISO3166', 'LY'),
('WORLD_COUNTRIES_ISO3166', 'LI'),
('WORLD_COUNTRIES_ISO3166', 'LT'),
('WORLD_COUNTRIES_ISO3166', 'LU'),
('WORLD_COUNTRIES_ISO3166', 'MO'),
('WORLD_COUNTRIES_ISO3166', 'MG'),
('WORLD_COUNTRIES_ISO3166', 'MW'),
('WORLD_COUNTRIES_ISO3166', 'MY'),
('WORLD_COUNTRIES_ISO3166', 'MV'),
('WORLD_COUNTRIES_ISO3166', 'ML'),
('WORLD_COUNTRIES_ISO3166', 'MT'),
('WORLD_COUNTRIES_ISO3166', 'MH'),
('WORLD_COUNTRIES_ISO3166', 'MQ'),
('WORLD_COUNTRIES_ISO3166', 'MR'),
('WORLD_COUNTRIES_ISO3166', 'MU'),
('WORLD_COUNTRIES_ISO3166', 'YT'),
('WORLD_COUNTRIES_ISO3166', 'MX'),
('WORLD_COUNTRIES_ISO3166', 'FM'),
('WORLD_COUNTRIES_ISO3166', 'MD'),
('WORLD_COUNTRIES_ISO3166', 'MC'),
('WORLD_COUNTRIES_ISO3166', 'MN'),
('WORLD_COUNTRIES_ISO3166', 'ME'),
('WORLD_COUNTRIES_ISO3166', 'MS'),
('WORLD_COUNTRIES_ISO3166', 'MA'),
('WORLD_COUNTRIES_ISO3166', 'MZ'),
('WORLD_COUNTRIES_ISO3166', 'MM'),
('WORLD_COUNTRIES_ISO3166', 'NA'),
('WORLD_COUNTRIES_ISO3166', 'NR'),
('WORLD_COUNTRIES_ISO3166', 'NP'),
('WORLD_COUNTRIES_ISO3166', 'NL'),
('WORLD_COUNTRIES_ISO3166', 'NC'),
('WORLD_COUNTRIES_ISO3166', 'NZ'),
('WORLD_COUNTRIES_ISO3166', 'NI'),
('WORLD_COUNTRIES_ISO3166', 'NE'),
('WORLD_COUNTRIES_ISO3166', 'NG'),
('WORLD_COUNTRIES_ISO3166', 'NU'),
('WORLD_COUNTRIES_ISO3166', 'NF'),
('WORLD_COUNTRIES_ISO3166', 'MK'),
('WORLD_COUNTRIES_ISO3166', 'MP'),
('WORLD_COUNTRIES_ISO3166', 'NO'),
('WORLD_COUNTRIES_ISO3166', 'OM'),
('WORLD_COUNTRIES_ISO3166', 'PK'),
('WORLD_COUNTRIES_ISO3166', 'PW'),
('WORLD_COUNTRIES_ISO3166', 'PS'),
('WORLD_COUNTRIES_ISO3166', 'PA'),
('WORLD_COUNTRIES_ISO3166', 'PG'),
('WORLD_COUNTRIES_ISO3166', 'PY'),
('WORLD_COUNTRIES_ISO3166', 'PE'),
('WORLD_COUNTRIES_ISO3166', 'PH'),
('WORLD_COUNTRIES_ISO3166', 'PN'),
('WORLD_COUNTRIES_ISO3166', 'PL'),
('WORLD_COUNTRIES_ISO3166', 'PT'),
('WORLD_COUNTRIES_ISO3166', 'PR'),
('WORLD_COUNTRIES_ISO3166', 'QA'),
('WORLD_COUNTRIES_ISO3166', 'RE'),
('WORLD_COUNTRIES_ISO3166', 'RO'),
('WORLD_COUNTRIES_ISO3166', 'RU'),
('WORLD_COUNTRIES_ISO3166', 'RW'),
('WORLD_COUNTRIES_ISO3166', 'BL'),
('WORLD_COUNTRIES_ISO3166', 'SH'),
('WORLD_COUNTRIES_ISO3166', 'KN'),
('WORLD_COUNTRIES_ISO3166', 'LC'),
('WORLD_COUNTRIES_ISO3166', 'MF'),
('WORLD_COUNTRIES_ISO3166', 'PM'),
('WORLD_COUNTRIES_ISO3166', 'VC'),
('WORLD_COUNTRIES_ISO3166', 'WS'),
('WORLD_COUNTRIES_ISO3166', 'SM'),
('WORLD_COUNTRIES_ISO3166', 'ST'),
('WORLD_COUNTRIES_ISO3166', 'SA'),
('WORLD_COUNTRIES_ISO3166', 'SN'),
('WORLD_COUNTRIES_ISO3166', 'RS'),
('WORLD_COUNTRIES_ISO3166', 'SC'),
('WORLD_COUNTRIES_ISO3166', 'SL'),
('WORLD_COUNTRIES_ISO3166', 'SG'),
('WORLD_COUNTRIES_ISO3166', 'SX'),
('WORLD_COUNTRIES_ISO3166', 'SK'),
('WORLD_COUNTRIES_ISO3166', 'SI'),
('WORLD_COUNTRIES_ISO3166', 'SB'),
('WORLD_COUNTRIES_ISO3166', 'SO'),
('WORLD_COUNTRIES_ISO3166', 'ZA'),
('WORLD_COUNTRIES_ISO3166', 'GS'),
('WORLD_COUNTRIES_ISO3166', 'SS'),
('WORLD_COUNTRIES_ISO3166', 'ES'),
('WORLD_COUNTRIES_ISO3166', 'LK'),
('WORLD_COUNTRIES_ISO3166', 'SD'),
('WORLD_COUNTRIES_ISO3166', 'SR'),
('WORLD_COUNTRIES_ISO3166', 'SJ'),
('WORLD_COUNTRIES_ISO3166', 'SE'),
('WORLD_COUNTRIES_ISO3166', 'CH'),
('WORLD_COUNTRIES_ISO3166', 'SY'),
('WORLD_COUNTRIES_ISO3166', 'TW'),
('WORLD_COUNTRIES_ISO3166', 'TJ'),
('WORLD_COUNTRIES_ISO3166', 'TZ'),
('WORLD_COUNTRIES_ISO3166', 'TH'),
('WORLD_COUNTRIES_ISO3166', 'TL'),
('WORLD_COUNTRIES_ISO3166', 'TG'),
('WORLD_COUNTRIES_ISO3166', 'TK'),
('WORLD_COUNTRIES_ISO3166', 'TO'),
('WORLD_COUNTRIES_ISO3166', 'TT'),
('WORLD_COUNTRIES_ISO3166', 'TN'),
('WORLD_COUNTRIES_ISO3166', 'TR'),
('WORLD_COUNTRIES_ISO3166', 'TM'),
('WORLD_COUNTRIES_ISO3166', 'TC'),
('WORLD_COUNTRIES_ISO3166', 'TV'),
('WORLD_COUNTRIES_ISO3166', 'UG'),
('WORLD_COUNTRIES_ISO3166', 'UA'),
('WORLD_COUNTRIES_ISO3166', 'AE'),
('WORLD_COUNTRIES_ISO3166', 'GB'),
('WORLD_COUNTRIES_ISO3166', 'US'),
('WORLD_COUNTRIES_ISO3166', 'UM'),
('WORLD_COUNTRIES_ISO3166', 'UY'),
('WORLD_COUNTRIES_ISO3166', 'UZ'),
('WORLD_COUNTRIES_ISO3166', 'VU'),
('WORLD_COUNTRIES_ISO3166', 'VE'),
('WORLD_COUNTRIES_ISO3166', 'VN'),
('WORLD_COUNTRIES_ISO3166', 'VG'),
('WORLD_COUNTRIES_ISO3166', 'VI'),
('WORLD_COUNTRIES_ISO3166', 'WF'),
('WORLD_COUNTRIES_ISO3166', 'EH'),
('WORLD_COUNTRIES_ISO3166', 'YE'),
('WORLD_COUNTRIES_ISO3166', 'ZM'),
('WORLD_COUNTRIES_ISO3166', 'ZW'),
('WORLD_COUNTRIES_ISO3166_CAPITAL', 'AF-KABUL'),
('WORLD_COUNTRIES_ISO3166_CAPITAL', 'AX-MARIEHAMN'),
('WORLD_COUNTRIES_ISO3166_CAPITAL', 'AL-TIRANA'),
('WORLD_COUNTRIES_ISO3166_CAPITAL', 'DZ-ALGIERS'),
('WORLD_COUNTRIES_ISO3166_CAPITAL', 'AS-PAGO-PAGO'),
('WORLD_COUNTRIES_ISO3166_CAPITAL', 'AD-ANDORRA-LA-VELLA'),
('WORLD_COUNTRIES_ISO3166_CAPITAL', 'AO-LUANDA'),
('WORLD_COUNTRIES_ISO3166_CAPITAL', 'AI-THE-VALLEY'),
('WORLD_COUNTRIES_ISO3166_CAPITAL', 'AQ-MCMURDO-STATION'),
('WORLD_COUNTRIES_ISO3166_CAPITAL', 'AG-SAINT-JOHN-S'),
('WORLD_COUNTRIES_ISO3166_CAPITAL', 'AR-BUENOS-AIRES'),
('WORLD_COUNTRIES_ISO3166_CAPITAL', 'AM-YEREVAN'),
('WORLD_COUNTRIES_ISO3166_CAPITAL', 'AW-ORANJESTAD'),
('WORLD_COUNTRIES_ISO3166_CAPITAL', 'AU-CANBERRA'),
('WORLD_COUNTRIES_ISO3166_CAPITAL', 'AT-VIENNA'),
('WORLD_COUNTRIES_ISO3166_CAPITAL', 'AZ-BAKU'),
('WORLD_COUNTRIES_ISO3166_CAPITAL', 'BS-NASSAU'),
('WORLD_COUNTRIES_ISO3166_CAPITAL', 'BH-MANAMA'),
('WORLD_COUNTRIES_ISO3166_CAPITAL', 'BD-DHAKA'),
('WORLD_COUNTRIES_ISO3166_CAPITAL', 'BB-BRIDGETOWN'),
('WORLD_COUNTRIES_ISO3166_CAPITAL', 'BY-MINSK'),
('WORLD_COUNTRIES_ISO3166_CAPITAL', 'BE-BRUSSELS'),
('WORLD_COUNTRIES_ISO3166_CAPITAL', 'BZ-BELMOPAN'),
('WORLD_COUNTRIES_ISO3166_CAPITAL', 'BJ-PORTO-NOVO'),
('WORLD_COUNTRIES_ISO3166_CAPITAL', 'BM-HAMILTON'),
('WORLD_COUNTRIES_ISO3166_CAPITAL', 'BT-THIMPHU'),
('WORLD_COUNTRIES_ISO3166_CAPITAL', 'BO-SUCRE'),
('WORLD_COUNTRIES_ISO3166_CAPITAL', 'BQ-KRALENDIJK'),
('WORLD_COUNTRIES_ISO3166_CAPITAL', 'BA-SARAJEVO'),
('WORLD_COUNTRIES_ISO3166_CAPITAL', 'BW-GABORONE'),
('WORLD_COUNTRIES_ISO3166_CAPITAL', 'BV-BOUVET'),
('WORLD_COUNTRIES_ISO3166_CAPITAL', 'BR-BRASILIA'),
('WORLD_COUNTRIES_ISO3166_CAPITAL', 'IO-CAMP-THUNDER-COVE'),
('WORLD_COUNTRIES_ISO3166_CAPITAL', 'BN-BANDAR-SERI-BEGAWAN'),
('WORLD_COUNTRIES_ISO3166_CAPITAL', 'BG-SOFIA'),
('WORLD_COUNTRIES_ISO3166_CAPITAL', 'BF-OUAGADOUGOU'),
('WORLD_COUNTRIES_ISO3166_CAPITAL', 'BI-GITEGA'),
('WORLD_COUNTRIES_ISO3166_CAPITAL', 'CV-PRAIA'),
('WORLD_COUNTRIES_ISO3166_CAPITAL', 'KH-PHNOM-PENH'),
('WORLD_COUNTRIES_ISO3166_CAPITAL', 'CM-YAOUNDE'),
('WORLD_COUNTRIES_ISO3166_CAPITAL', 'CA-OTTAWA'),
('WORLD_COUNTRIES_ISO3166_CAPITAL', 'KY-GEORGE-TOWN'),
('WORLD_COUNTRIES_ISO3166_CAPITAL', 'CF-BANGUI'),
('WORLD_COUNTRIES_ISO3166_CAPITAL', 'TD-N-DJAMENA'),
('WORLD_COUNTRIES_ISO3166_CAPITAL', 'CL-SANTIAGO'),
('WORLD_COUNTRIES_ISO3166_CAPITAL', 'CN-BEIJING'),
('WORLD_COUNTRIES_ISO3166_CAPITAL', 'CX-FLYING-FISH-COVE'),
('WORLD_COUNTRIES_ISO3166_CAPITAL', 'CC-WEST-ISLAND'),
('WORLD_COUNTRIES_ISO3166_CAPITAL', 'CO-BOGOTA'),
('WORLD_COUNTRIES_ISO3166_CAPITAL', 'KM-MORONI'),
('WORLD_COUNTRIES_ISO3166_CAPITAL', 'CG-BRAZZAVILLE'),
('WORLD_COUNTRIES_ISO3166_CAPITAL', 'CD-KINSHASA'),
('WORLD_COUNTRIES_ISO3166_CAPITAL', 'CK-AVARUA'),
('WORLD_COUNTRIES_ISO3166_CAPITAL', 'CR-SAN-JOSE'),
('WORLD_COUNTRIES_ISO3166_CAPITAL', 'CI-YAMOUSSOUKRO'),
('WORLD_COUNTRIES_ISO3166_CAPITAL', 'HR-ZAGREB'),
('WORLD_COUNTRIES_ISO3166_CAPITAL', 'CU-HAVANA'),
('WORLD_COUNTRIES_ISO3166_CAPITAL', 'CW-WILLEMSTAD'),
('WORLD_COUNTRIES_ISO3166_CAPITAL', 'CY-NICOSIA'),
('WORLD_COUNTRIES_ISO3166_CAPITAL', 'CZ-PRAGUE'),
('WORLD_COUNTRIES_ISO3166_CAPITAL', 'DK-COPENHAGEN'),
('WORLD_COUNTRIES_ISO3166_CAPITAL', 'DJ-DJIBOUTI'),
('WORLD_COUNTRIES_ISO3166_CAPITAL', 'DM-ROSEAU'),
('WORLD_COUNTRIES_ISO3166_CAPITAL', 'DO-SANTO-DOMINGO'),
('WORLD_COUNTRIES_ISO3166_CAPITAL', 'EC-QUITO'),
('WORLD_COUNTRIES_ISO3166_CAPITAL', 'EG-CAIRO'),
('WORLD_COUNTRIES_ISO3166_CAPITAL', 'SV-SAN-SALVADOR'),
('WORLD_COUNTRIES_ISO3166_CAPITAL', 'GQ-MALABO'),
('WORLD_COUNTRIES_ISO3166_CAPITAL', 'ER-ASMARA'),
('WORLD_COUNTRIES_ISO3166_CAPITAL', 'EE-TALLINN'),
('WORLD_COUNTRIES_ISO3166_CAPITAL', 'SZ-MBABANE'),
('WORLD_COUNTRIES_ISO3166_CAPITAL', 'ET-ADDIS-ABABA'),
('WORLD_COUNTRIES_ISO3166_CAPITAL', 'FK-STANLEY'),
('WORLD_COUNTRIES_ISO3166_CAPITAL', 'FO-TORSHAVN'),
('WORLD_COUNTRIES_ISO3166_CAPITAL', 'FJ-SUVA'),
('WORLD_COUNTRIES_ISO3166_CAPITAL', 'FI-HELSINKI'),
('WORLD_COUNTRIES_ISO3166_CAPITAL', 'FR-PARIS'),
('WORLD_COUNTRIES_ISO3166_CAPITAL', 'GF-CAYENNE'),
('WORLD_COUNTRIES_ISO3166_CAPITAL', 'PF-PAPEETE'),
('WORLD_COUNTRIES_ISO3166_CAPITAL', 'TF-PORT-AUX-FRANCAIS'),
('WORLD_COUNTRIES_ISO3166_CAPITAL', 'GA-LIBREVILLE'),
('WORLD_COUNTRIES_ISO3166_CAPITAL', 'GM-BANJUL'),
('WORLD_COUNTRIES_ISO3166_CAPITAL', 'GE-TBILISI'),
('WORLD_COUNTRIES_ISO3166_CAPITAL', 'DE-BERLIN'),
('WORLD_COUNTRIES_ISO3166_CAPITAL', 'GH-ACCRA'),
('WORLD_COUNTRIES_ISO3166_CAPITAL', 'GI-GIBRALTAR'),
('WORLD_COUNTRIES_ISO3166_CAPITAL', 'GR-ATHENS'),
('WORLD_COUNTRIES_ISO3166_CAPITAL', 'GL-NUUK'),
('WORLD_COUNTRIES_ISO3166_CAPITAL', 'GD-ST-GEORGE-S'),
('WORLD_COUNTRIES_ISO3166_CAPITAL', 'GP-BASSE-TERRE'),
('WORLD_COUNTRIES_ISO3166_CAPITAL', 'GU-HAGATNA'),
('WORLD_COUNTRIES_ISO3166_CAPITAL', 'GT-GUATEMALA-CITY'),
('WORLD_COUNTRIES_ISO3166_CAPITAL', 'GG-ST-PETER-PORT'),
('WORLD_COUNTRIES_ISO3166_CAPITAL', 'GN-CONAKRY'),
('WORLD_COUNTRIES_ISO3166_CAPITAL', 'GW-BISSAU'),
('WORLD_COUNTRIES_ISO3166_CAPITAL', 'GY-GEORGETOWN'),
('WORLD_COUNTRIES_ISO3166_CAPITAL', 'HT-PORT-AU-PRINCE'),
('WORLD_COUNTRIES_ISO3166_CAPITAL', 'HM-HEARD'),
('WORLD_COUNTRIES_ISO3166_CAPITAL', 'VA-VATICAN-CITY'),
('WORLD_COUNTRIES_ISO3166_CAPITAL', 'HN-TEGUCIGALPA'),
('WORLD_COUNTRIES_ISO3166_CAPITAL', 'HK-HONG-KONG'),
('WORLD_COUNTRIES_ISO3166_CAPITAL', 'HU-BUDAPEST'),
('WORLD_COUNTRIES_ISO3166_CAPITAL', 'IS-REYKJAVIK'),
('WORLD_COUNTRIES_ISO3166_CAPITAL', 'IN-NEW-DELHI'),
('WORLD_COUNTRIES_ISO3166_CAPITAL', 'ID-JAKARTA'),
('WORLD_COUNTRIES_ISO3166_CAPITAL', 'IR-TEHRAN'),
('WORLD_COUNTRIES_ISO3166_CAPITAL', 'IQ-BAGHDAD'),
('WORLD_COUNTRIES_ISO3166_CAPITAL', 'IE-DUBLIN'),
('WORLD_COUNTRIES_ISO3166_CAPITAL', 'IM-DOUGLAS'),
('WORLD_COUNTRIES_ISO3166_CAPITAL', 'IL-JERUSALEM'),
('WORLD_COUNTRIES_ISO3166_CAPITAL', 'IT-ROME'),
('WORLD_COUNTRIES_ISO3166_CAPITAL', 'JM-KINGSTON'),
('WORLD_COUNTRIES_ISO3166_CAPITAL', 'JP-TOKYO'),
('WORLD_COUNTRIES_ISO3166_CAPITAL', 'JE-SAINT-HELIER'),
('WORLD_COUNTRIES_ISO3166_CAPITAL', 'JO-AMMAN'),
('WORLD_COUNTRIES_ISO3166_CAPITAL', 'KZ-NUR-SULTAN'),
('WORLD_COUNTRIES_ISO3166_CAPITAL', 'KE-NAIROBI'),
('WORLD_COUNTRIES_ISO3166_CAPITAL', 'KI-SOUTH-TARAWA'),
('WORLD_COUNTRIES_ISO3166_CAPITAL', 'KP-PYONGYANG'),
('WORLD_COUNTRIES_ISO3166_CAPITAL', 'KR-SEOUL'),
('WORLD_COUNTRIES_ISO3166_CAPITAL', 'XK-PRISTINA'),
('WORLD_COUNTRIES_ISO3166_CAPITAL', 'KW-KUWAIT'),
('WORLD_COUNTRIES_ISO3166_CAPITAL', 'KG-BISHKEK'),
('WORLD_COUNTRIES_ISO3166_CAPITAL', 'LA-VIENTIANE'),
('WORLD_COUNTRIES_ISO3166_CAPITAL', 'LV-RIGA'),
('WORLD_COUNTRIES_ISO3166_CAPITAL', 'LB-BEIRUT'),
('WORLD_COUNTRIES_ISO3166_CAPITAL', 'LS-MASERU'),
('WORLD_COUNTRIES_ISO3166_CAPITAL', 'LR-MONROVIA'),
('WORLD_COUNTRIES_ISO3166_CAPITAL', 'LY-TRIPOLIS'),
('WORLD_COUNTRIES_ISO3166_CAPITAL', 'LI-VADUZ'),
('WORLD_COUNTRIES_ISO3166_CAPITAL', 'LT-VILNIUS'),
('WORLD_COUNTRIES_ISO3166_CAPITAL', 'LU-LUXEMBOURG'),
('WORLD_COUNTRIES_ISO3166_CAPITAL', 'MO-MACAO'),
('WORLD_COUNTRIES_ISO3166_CAPITAL', 'MG-ANTANANARIVO'),
('WORLD_COUNTRIES_ISO3166_CAPITAL', 'MW-LILONGWE'),
('WORLD_COUNTRIES_ISO3166_CAPITAL', 'MY-KUALA-LUMPUR'),
('WORLD_COUNTRIES_ISO3166_CAPITAL', 'MV-MALE'),
('WORLD_COUNTRIES_ISO3166_CAPITAL', 'ML-BAMAKO'),
('WORLD_COUNTRIES_ISO3166_CAPITAL', 'MT-VALLETTA'),
('WORLD_COUNTRIES_ISO3166_CAPITAL', 'MH-MAJURO'),
('WORLD_COUNTRIES_ISO3166_CAPITAL', 'MQ-FORT-DE-FRANCE'),
('WORLD_COUNTRIES_ISO3166_CAPITAL', 'MR-NOUAKCHOTT'),
('WORLD_COUNTRIES_ISO3166_CAPITAL', 'MU-PORT-LOUIS'),
('WORLD_COUNTRIES_ISO3166_CAPITAL', 'YT-MAMOUDZOU'),
('WORLD_COUNTRIES_ISO3166_CAPITAL', 'MX-MEXICO'),
('WORLD_COUNTRIES_ISO3166_CAPITAL', 'FM-PALIKIR'),
('WORLD_COUNTRIES_ISO3166_CAPITAL', 'MD-CHISINAU'),
('WORLD_COUNTRIES_ISO3166_CAPITAL', 'MC-MONACO'),
('WORLD_COUNTRIES_ISO3166_CAPITAL', 'MN-ULAN-BATOR'),
('WORLD_COUNTRIES_ISO3166_CAPITAL', 'ME-PODGORICA'),
('WORLD_COUNTRIES_ISO3166_CAPITAL', 'MS-PLYMOUTH'),
('WORLD_COUNTRIES_ISO3166_CAPITAL', 'MA-RABAT'),
('WORLD_COUNTRIES_ISO3166_CAPITAL', 'MZ-MAPUTO'),
('WORLD_COUNTRIES_ISO3166_CAPITAL', 'MM-NAY-PYI-TAW'),
('WORLD_COUNTRIES_ISO3166_CAPITAL', 'NA-WINDHOEK'),
('WORLD_COUNTRIES_ISO3166_CAPITAL', 'NR-YAREN'),
('WORLD_COUNTRIES_ISO3166_CAPITAL', 'NP-KATHMANDU'),
('WORLD_COUNTRIES_ISO3166_CAPITAL', 'NL-AMSTERDAM'),
('WORLD_COUNTRIES_ISO3166_CAPITAL', 'NC-NOUMEA'),
('WORLD_COUNTRIES_ISO3166_CAPITAL', 'NZ-WELLINGTON'),
('WORLD_COUNTRIES_ISO3166_CAPITAL', 'NI-MANAGUA'),
('WORLD_COUNTRIES_ISO3166_CAPITAL', 'NE-NIAMEY'),
('WORLD_COUNTRIES_ISO3166_CAPITAL', 'NG-ABUJA'),
('WORLD_COUNTRIES_ISO3166_CAPITAL', 'NU-ALOFI'),
('WORLD_COUNTRIES_ISO3166_CAPITAL', 'NF-KINGSTON'),
('WORLD_COUNTRIES_ISO3166_CAPITAL', 'MK-SKOPJE'),
('WORLD_COUNTRIES_ISO3166_CAPITAL', 'MP-SAIPAN'),
('WORLD_COUNTRIES_ISO3166_CAPITAL', 'NO-OSLO'),
('WORLD_COUNTRIES_ISO3166_CAPITAL', 'OM-MUSCAT'),
('WORLD_COUNTRIES_ISO3166_CAPITAL', 'PK-ISLAMABAD'),
('WORLD_COUNTRIES_ISO3166_CAPITAL', 'PW-MELEKEOK'),
('WORLD_COUNTRIES_ISO3166_CAPITAL', 'PS-EAST-JERUSALEM'),
('WORLD_COUNTRIES_ISO3166_CAPITAL', 'PA-PANAMA-CITY'),
('WORLD_COUNTRIES_ISO3166_CAPITAL', 'PG-PORT-MORESBY'),
('WORLD_COUNTRIES_ISO3166_CAPITAL', 'PY-ASUNCION'),
('WORLD_COUNTRIES_ISO3166_CAPITAL', 'PE-LIMA'),
('WORLD_COUNTRIES_ISO3166_CAPITAL', 'PH-MANILA'),
('WORLD_COUNTRIES_ISO3166_CAPITAL', 'PN-ADAMSTOWN'),
('WORLD_COUNTRIES_ISO3166_CAPITAL', 'PL-WARSAW'),
('WORLD_COUNTRIES_ISO3166_CAPITAL', 'PT-LISBON'),
('WORLD_COUNTRIES_ISO3166_CAPITAL', 'PR-SAN-JUAN'),
('WORLD_COUNTRIES_ISO3166_CAPITAL', 'QA-DOHA'),
('WORLD_COUNTRIES_ISO3166_CAPITAL', 'RE-SAINT-DENIS'),
('WORLD_COUNTRIES_ISO3166_CAPITAL', 'RO-BUCHAREST'),
('WORLD_COUNTRIES_ISO3166_CAPITAL', 'RU-MOSCOW'),
('WORLD_COUNTRIES_ISO3166_CAPITAL', 'RW-KIGALI'),
('WORLD_COUNTRIES_ISO3166_CAPITAL', 'BL-GUSTAVIA'),
('WORLD_COUNTRIES_ISO3166_CAPITAL', 'SH-JAMESTOWN'),
('WORLD_COUNTRIES_ISO3166_CAPITAL', 'KN-BASSETERRE'),
('WORLD_COUNTRIES_ISO3166_CAPITAL', 'LC-CASTRIES'),
('WORLD_COUNTRIES_ISO3166_CAPITAL', 'MF-MARIGOT'),
('WORLD_COUNTRIES_ISO3166_CAPITAL', 'PM-SAINT-PIERRE'),
('WORLD_COUNTRIES_ISO3166_CAPITAL', 'VC-KINGSTOWN'),
('WORLD_COUNTRIES_ISO3166_CAPITAL', 'WS-APIA'),
('WORLD_COUNTRIES_ISO3166_CAPITAL', 'SM-SAN-MARINO'),
('WORLD_COUNTRIES_ISO3166_CAPITAL', 'ST-SAO-TOME'),
('WORLD_COUNTRIES_ISO3166_CAPITAL', 'SA-RIYADH'),
('WORLD_COUNTRIES_ISO3166_CAPITAL', 'SN-DAKAR'),
('WORLD_COUNTRIES_ISO3166_CAPITAL', 'RS-BELGRADE'),
('WORLD_COUNTRIES_ISO3166_CAPITAL', 'SC-VICTORIA'),
('WORLD_COUNTRIES_ISO3166_CAPITAL', 'SL-FREETOWN'),
('WORLD_COUNTRIES_ISO3166_CAPITAL', 'SG-SINGAPUR'),
('WORLD_COUNTRIES_ISO3166_CAPITAL', 'SX-PHILIPSBURG'),
('WORLD_COUNTRIES_ISO3166_CAPITAL', 'SK-BRATISLAVA'),
('WORLD_COUNTRIES_ISO3166_CAPITAL', 'SI-LJUBLJANA'),
('WORLD_COUNTRIES_ISO3166_CAPITAL', 'SB-HONIARA'),
('WORLD_COUNTRIES_ISO3166_CAPITAL', 'SO-MOGADISHU'),
('WORLD_COUNTRIES_ISO3166_CAPITAL', 'ZA-PRETORIA'),
('WORLD_COUNTRIES_ISO3166_CAPITAL', 'GS-KING-EDWARD-POINT'),
('WORLD_COUNTRIES_ISO3166_CAPITAL', 'SS-JUBA'),
('WORLD_COUNTRIES_ISO3166_CAPITAL', 'ES-MADRID'),
('WORLD_COUNTRIES_ISO3166_CAPITAL', 'LK-SRI-JAYAWARDENAPURA-KOTTE'),
('WORLD_COUNTRIES_ISO3166_CAPITAL', 'SD-KHARTOUM'),
('WORLD_COUNTRIES_ISO3166_CAPITAL', 'SR-PARAMARIBO'),
('WORLD_COUNTRIES_ISO3166_CAPITAL', 'SJ-LONGYEARBYEN'),
('WORLD_COUNTRIES_ISO3166_CAPITAL', 'SE-STOCKHOLM'),
('WORLD_COUNTRIES_ISO3166_CAPITAL', 'CH-BERNE'),
('WORLD_COUNTRIES_ISO3166_CAPITAL', 'SY-DAMASCUS'),
('WORLD_COUNTRIES_ISO3166_CAPITAL', 'TW-TAIPEI'),
('WORLD_COUNTRIES_ISO3166_CAPITAL', 'TJ-DUSHANBE'),
('WORLD_COUNTRIES_ISO3166_CAPITAL', 'TZ-DODOMA'),
('WORLD_COUNTRIES_ISO3166_CAPITAL', 'TH-BANGKOK'),
('WORLD_COUNTRIES_ISO3166_CAPITAL', 'TL-DILI'),
('WORLD_COUNTRIES_ISO3166_CAPITAL', 'TG-LOME'),
('WORLD_COUNTRIES_ISO3166_CAPITAL', 'TK-ATAFU'),
('WORLD_COUNTRIES_ISO3166_CAPITAL', 'TO-NUKU-ALOFA'),
('WORLD_COUNTRIES_ISO3166_CAPITAL', 'TT-PORT-OF-SPAIN'),
('WORLD_COUNTRIES_ISO3166_CAPITAL', 'TN-TUNIS'),
('WORLD_COUNTRIES_ISO3166_CAPITAL', 'TR-ANKARA'),
('WORLD_COUNTRIES_ISO3166_CAPITAL', 'TM-ASHGABAT'),
('WORLD_COUNTRIES_ISO3166_CAPITAL', 'TC-COCKBURN-TOWN'),
('WORLD_COUNTRIES_ISO3166_CAPITAL', 'TV-FUNAFUTI'),
('WORLD_COUNTRIES_ISO3166_CAPITAL', 'UG-KAMPALA'),
('WORLD_COUNTRIES_ISO3166_CAPITAL', 'UA-KYIV'),
('WORLD_COUNTRIES_ISO3166_CAPITAL', 'AE-ABU-DHABI'),
('WORLD_COUNTRIES_ISO3166_CAPITAL', 'GB-LONDON'),
('WORLD_COUNTRIES_ISO3166_CAPITAL', 'US-WASHINGTON-DC'),
('WORLD_COUNTRIES_ISO3166_CAPITAL', 'UM-JOHNSTON-ATOLL'),
('WORLD_COUNTRIES_ISO3166_CAPITAL', 'UY-MONTEVIDEO'),
('WORLD_COUNTRIES_ISO3166_CAPITAL', 'UZ-TASHKENT'),
('WORLD_COUNTRIES_ISO3166_CAPITAL', 'VU-PORT-VILA'),
('WORLD_COUNTRIES_ISO3166_CAPITAL', 'VE-CARACAS'),
('WORLD_COUNTRIES_ISO3166_CAPITAL', 'VN-HANOI'),
('WORLD_COUNTRIES_ISO3166_CAPITAL', 'VG-ROAD-TOWN'),
('WORLD_COUNTRIES_ISO3166_CAPITAL', 'VI-CHARLOTTE-AMALIE'),
('WORLD_COUNTRIES_ISO3166_CAPITAL', 'WF-MATA-UTU'),
('WORLD_COUNTRIES_ISO3166_CAPITAL', 'EH-EL-AAIUN'),
('WORLD_COUNTRIES_ISO3166_CAPITAL', 'YE-SANA-A'),
('WORLD_COUNTRIES_ISO3166_CAPITAL', 'ZM-LUSAKA'),
('WORLD_COUNTRIES_ISO3166_CAPITAL', 'ZW-HARARE'),
('WORLD_COUNTRIES_UN', 'AF'),
('WORLD_COUNTRIES_UN', 'AL'),
('WORLD_COUNTRIES_UN', 'DZ'),
('WORLD_COUNTRIES_UN', 'AD'),
('WORLD_COUNTRIES_UN', 'AO'),
('WORLD_COUNTRIES_UN', 'AG'),
('WORLD_COUNTRIES_UN', 'AR'),
('WORLD_COUNTRIES_UN', 'AM'),
('WORLD_COUNTRIES_UN', 'AU'),
('WORLD_COUNTRIES_UN', 'AT'),
('WORLD_COUNTRIES_UN', 'AZ'),
('WORLD_COUNTRIES_UN', 'BS'),
('WORLD_COUNTRIES_UN', 'BH'),
('WORLD_COUNTRIES_UN', 'BD'),
('WORLD_COUNTRIES_UN', 'BB'),
('WORLD_COUNTRIES_UN', 'BY'),
('WORLD_COUNTRIES_UN', 'BE'),
('WORLD_COUNTRIES_UN', 'BZ'),
('WORLD_COUNTRIES_UN', 'BJ'),
('WORLD_COUNTRIES_UN', 'BM'),
('WORLD_COUNTRIES_UN', 'BT'),
('WORLD_COUNTRIES_UN', 'BO'),
('WORLD_COUNTRIES_UN', 'BA'),
('WORLD_COUNTRIES_UN', 'BW'),
('WORLD_COUNTRIES_UN', 'BR'),
('WORLD_COUNTRIES_UN', 'BN'),
('WORLD_COUNTRIES_UN', 'BG'),
('WORLD_COUNTRIES_UN', 'BF'),
('WORLD_COUNTRIES_UN', 'BI'),
('WORLD_COUNTRIES_UN', 'CV'),
('WORLD_COUNTRIES_UN', 'KH'),
('WORLD_COUNTRIES_UN', 'CM'),
('WORLD_COUNTRIES_UN', 'CA'),
('WORLD_COUNTRIES_UN', 'CF'),
('WORLD_COUNTRIES_UN', 'TD'),
('WORLD_COUNTRIES_UN', 'CL'),
('WORLD_COUNTRIES_UN', 'CN'),
('WORLD_COUNTRIES_UN', 'CO'),
('WORLD_COUNTRIES_UN', 'KM'),
('WORLD_COUNTRIES_UN', 'CG'),
('WORLD_COUNTRIES_UN', 'CD'),
('WORLD_COUNTRIES_UN', 'CR'),
('WORLD_COUNTRIES_UN', 'CI'),
('WORLD_COUNTRIES_UN', 'HR'),
('WORLD_COUNTRIES_UN', 'CU'),
('WORLD_COUNTRIES_UN', 'CY'),
('WORLD_COUNTRIES_UN', 'CZ'),
('WORLD_COUNTRIES_UN', 'DK'),
('WORLD_COUNTRIES_UN', 'DJ'),
('WORLD_COUNTRIES_UN', 'DM'),
('WORLD_COUNTRIES_UN', 'DO'),
('WORLD_COUNTRIES_UN', 'EC'),
('WORLD_COUNTRIES_UN', 'EG'),
('WORLD_COUNTRIES_UN', 'SV'),
('WORLD_COUNTRIES_UN', 'GQ'),
('WORLD_COUNTRIES_UN', 'ER'),
('WORLD_COUNTRIES_UN', 'EE'),
('WORLD_COUNTRIES_UN', 'SZ'),
('WORLD_COUNTRIES_UN', 'ET'),
('WORLD_COUNTRIES_UN', 'FK'),
('WORLD_COUNTRIES_UN', 'FO'),
('WORLD_COUNTRIES_UN', 'FJ'),
('WORLD_COUNTRIES_UN', 'FI'),
('WORLD_COUNTRIES_UN', 'FR'),
('WORLD_COUNTRIES_UN', 'GA'),
('WORLD_COUNTRIES_UN', 'GM'),
('WORLD_COUNTRIES_UN', 'GE'),
('WORLD_COUNTRIES_UN', 'DE'),
('WORLD_COUNTRIES_UN', 'GH'),
('WORLD_COUNTRIES_UN', 'GR'),
('WORLD_COUNTRIES_UN', 'GD'),
('WORLD_COUNTRIES_UN', 'GT'),
('WORLD_COUNTRIES_UN', 'GN'),
('WORLD_COUNTRIES_UN', 'GW'),
('WORLD_COUNTRIES_UN', 'GY'),
('WORLD_COUNTRIES_UN', 'HT'),
('WORLD_COUNTRIES_UN', 'VA'),
('WORLD_COUNTRIES_UN', 'HN'),
('WORLD_COUNTRIES_UN', 'HK'),
('WORLD_COUNTRIES_UN', 'HU'),
('WORLD_COUNTRIES_UN', 'IS'),
('WORLD_COUNTRIES_UN', 'IN'),
('WORLD_COUNTRIES_UN', 'ID'),
('WORLD_COUNTRIES_UN', 'IR'),
('WORLD_COUNTRIES_UN', 'IQ'),
('WORLD_COUNTRIES_UN', 'IE'),
('WORLD_COUNTRIES_UN', 'IL'),
('WORLD_COUNTRIES_UN', 'IT'),
('WORLD_COUNTRIES_UN', 'JM'),
('WORLD_COUNTRIES_UN', 'JP'),
('WORLD_COUNTRIES_UN', 'JO'),
('WORLD_COUNTRIES_UN', 'KZ'),
('WORLD_COUNTRIES_UN', 'KE'),
('WORLD_COUNTRIES_UN', 'KI'),
('WORLD_COUNTRIES_UN', 'KP'),
('WORLD_COUNTRIES_UN', 'KR'),
('WORLD_COUNTRIES_UN', 'KW'),
('WORLD_COUNTRIES_UN', 'KG'),
('WORLD_COUNTRIES_UN', 'LA'),
('WORLD_COUNTRIES_UN', 'LV'),
('WORLD_COUNTRIES_UN', 'LB'),
('WORLD_COUNTRIES_UN', 'LS'),
('WORLD_COUNTRIES_UN', 'LR'),
('WORLD_COUNTRIES_UN', 'LY'),
('WORLD_COUNTRIES_UN', 'LI'),
('WORLD_COUNTRIES_UN', 'LT'),
('WORLD_COUNTRIES_UN', 'LU'),
('WORLD_COUNTRIES_UN', 'MG'),
('WORLD_COUNTRIES_UN', 'MW'),
('WORLD_COUNTRIES_UN', 'MY'),
('WORLD_COUNTRIES_UN', 'MV'),
('WORLD_COUNTRIES_UN', 'ML'),
('WORLD_COUNTRIES_UN', 'MT'),
('WORLD_COUNTRIES_UN', 'MH'),
('WORLD_COUNTRIES_UN', 'MR'),
('WORLD_COUNTRIES_UN', 'MU'),
('WORLD_COUNTRIES_UN', 'MX'),
('WORLD_COUNTRIES_UN', 'FM'),
('WORLD_COUNTRIES_UN', 'MD'),
('WORLD_COUNTRIES_UN', 'MC'),
('WORLD_COUNTRIES_UN', 'MN'),
('WORLD_COUNTRIES_UN', 'ME'),
('WORLD_COUNTRIES_UN', 'MA'),
('WORLD_COUNTRIES_UN', 'MZ'),
('WORLD_COUNTRIES_UN', 'MM'),
('WORLD_COUNTRIES_UN', 'NA'),
('WORLD_COUNTRIES_UN', 'NR'),
('WORLD_COUNTRIES_UN', 'NP'),
('WORLD_COUNTRIES_UN', 'NL'),
('WORLD_COUNTRIES_UN', 'NZ'),
('WORLD_COUNTRIES_UN', 'NI'),
('WORLD_COUNTRIES_UN', 'NE'),
('WORLD_COUNTRIES_UN', 'NG'),
('WORLD_COUNTRIES_UN', 'MK'),
('WORLD_COUNTRIES_UN', 'NO'),
('WORLD_COUNTRIES_UN', 'OM'),
('WORLD_COUNTRIES_UN', 'PK'),
('WORLD_COUNTRIES_UN', 'PW'),
('WORLD_COUNTRIES_UN', 'PS'),
('WORLD_COUNTRIES_UN', 'PA'),
('WORLD_COUNTRIES_UN', 'PG'),
('WORLD_COUNTRIES_UN', 'PY'),
('WORLD_COUNTRIES_UN', 'PE'),
('WORLD_COUNTRIES_UN', 'PH'),
('WORLD_COUNTRIES_UN', 'PL'),
('WORLD_COUNTRIES_UN', 'PT'),
('WORLD_COUNTRIES_UN', 'QA'),
('WORLD_COUNTRIES_UN', 'RO'),
('WORLD_COUNTRIES_UN', 'RU'),
('WORLD_COUNTRIES_UN', 'RW'),
('WORLD_COUNTRIES_UN', 'BL'),
('WORLD_COUNTRIES_UN', 'KN'),
('WORLD_COUNTRIES_UN', 'LC'),
('WORLD_COUNTRIES_UN', 'VC'),
('WORLD_COUNTRIES_UN', 'WS'),
('WORLD_COUNTRIES_UN', 'SM'),
('WORLD_COUNTRIES_UN', 'ST'),
('WORLD_COUNTRIES_UN', 'SA'),
('WORLD_COUNTRIES_UN', 'SN'),
('WORLD_COUNTRIES_UN', 'RS'),
('WORLD_COUNTRIES_UN', 'SC'),
('WORLD_COUNTRIES_UN', 'SL'),
('WORLD_COUNTRIES_UN', 'SG'),
('WORLD_COUNTRIES_UN', 'SK'),
('WORLD_COUNTRIES_UN', 'SI'),
('WORLD_COUNTRIES_UN', 'SB'),
('WORLD_COUNTRIES_UN', 'SO'),
('WORLD_COUNTRIES_UN', 'ZA'),
('WORLD_COUNTRIES_UN', 'SS'),
('WORLD_COUNTRIES_UN', 'ES'),
('WORLD_COUNTRIES_UN', 'LK'),
('WORLD_COUNTRIES_UN', 'SD'),
('WORLD_COUNTRIES_UN', 'SR'),
('WORLD_COUNTRIES_UN', 'SE'),
('WORLD_COUNTRIES_UN', 'CH'),
('WORLD_COUNTRIES_UN', 'SY'),
('WORLD_COUNTRIES_UN', 'TW'),
('WORLD_COUNTRIES_UN', 'TJ'),
('WORLD_COUNTRIES_UN', 'TZ'),
('WORLD_COUNTRIES_UN', 'TH'),
('WORLD_COUNTRIES_UN', 'TL'),
('WORLD_COUNTRIES_UN', 'TG'),
('WORLD_COUNTRIES_UN', 'TO'),
('WORLD_COUNTRIES_UN', 'TT'),
('WORLD_COUNTRIES_UN', 'TN'),
('WORLD_COUNTRIES_UN', 'TR'),
('WORLD_COUNTRIES_UN', 'TM'),
('WORLD_COUNTRIES_UN', 'TV'),
('WORLD_COUNTRIES_UN', 'UG'),
('WORLD_COUNTRIES_UN', 'UA'),
('WORLD_COUNTRIES_UN', 'AE'),
('WORLD_COUNTRIES_UN', 'GB'),
('WORLD_COUNTRIES_UN', 'US'),
('WORLD_COUNTRIES_UN', 'UY'),
('WORLD_COUNTRIES_UN', 'UZ'),
('WORLD_COUNTRIES_UN', 'VU'),
('WORLD_COUNTRIES_UN', 'VE'),
('WORLD_COUNTRIES_UN', 'VN'),
('WORLD_COUNTRIES_UN', 'YE'),
('WORLD_COUNTRIES_UN', 'ZM'),
('WORLD_COUNTRIES_UN', 'ZW'),
('WORLD_COUNTRIES_UN_CAPITAL', 'AF-KABUL'),
('WORLD_COUNTRIES_UN_CAPITAL', 'AL-TIRANA'),
('WORLD_COUNTRIES_UN_CAPITAL', 'DZ-ALGIERS'),
('WORLD_COUNTRIES_UN_CAPITAL', 'AD-ANDORRA-LA-VELLA'),
('WORLD_COUNTRIES_UN_CAPITAL', 'AO-LUANDA'),
('WORLD_COUNTRIES_UN_CAPITAL', 'AG-SAINT-JOHN-S'),
('WORLD_COUNTRIES_UN_CAPITAL', 'AR-BUENOS-AIRES'),
('WORLD_COUNTRIES_UN_CAPITAL', 'AM-YEREVAN'),
('WORLD_COUNTRIES_UN_CAPITAL', 'AU-CANBERRA'),
('WORLD_COUNTRIES_UN_CAPITAL', 'AT-VIENNA'),
('WORLD_COUNTRIES_UN_CAPITAL', 'AZ-BAKU'),
('WORLD_COUNTRIES_UN_CAPITAL', 'BS-NASSAU'),
('WORLD_COUNTRIES_UN_CAPITAL', 'BH-MANAMA'),
('WORLD_COUNTRIES_UN_CAPITAL', 'BD-DHAKA'),
('WORLD_COUNTRIES_UN_CAPITAL', 'BB-BRIDGETOWN'),
('WORLD_COUNTRIES_UN_CAPITAL', 'BY-MINSK'),
('WORLD_COUNTRIES_UN_CAPITAL', 'BE-BRUSSELS'),
('WORLD_COUNTRIES_UN_CAPITAL', 'BZ-BELMOPAN'),
('WORLD_COUNTRIES_UN_CAPITAL', 'BJ-PORTO-NOVO'),
('WORLD_COUNTRIES_UN_CAPITAL', 'BM-HAMILTON'),
('WORLD_COUNTRIES_UN_CAPITAL', 'BT-THIMPHU'),
('WORLD_COUNTRIES_UN_CAPITAL', 'BO-SUCRE'),
('WORLD_COUNTRIES_UN_CAPITAL', 'BA-SARAJEVO'),
('WORLD_COUNTRIES_UN_CAPITAL', 'BW-GABORONE'),
('WORLD_COUNTRIES_UN_CAPITAL', 'BR-BRASILIA'),
('WORLD_COUNTRIES_UN_CAPITAL', 'BN-BANDAR-SERI-BEGAWAN'),
('WORLD_COUNTRIES_UN_CAPITAL', 'BG-SOFIA'),
('WORLD_COUNTRIES_UN_CAPITAL', 'BF-OUAGADOUGOU'),
('WORLD_COUNTRIES_UN_CAPITAL', 'BI-GITEGA'),
('WORLD_COUNTRIES_UN_CAPITAL', 'CV-PRAIA'),
('WORLD_COUNTRIES_UN_CAPITAL', 'KH-PHNOM-PENH'),
('WORLD_COUNTRIES_UN_CAPITAL', 'CM-YAOUNDE'),
('WORLD_COUNTRIES_UN_CAPITAL', 'CA-OTTAWA'),
('WORLD_COUNTRIES_UN_CAPITAL', 'CF-BANGUI'),
('WORLD_COUNTRIES_UN_CAPITAL', 'TD-N-DJAMENA'),
('WORLD_COUNTRIES_UN_CAPITAL', 'CL-SANTIAGO'),
('WORLD_COUNTRIES_UN_CAPITAL', 'CN-BEIJING'),
('WORLD_COUNTRIES_UN_CAPITAL', 'CO-BOGOTA'),
('WORLD_COUNTRIES_UN_CAPITAL', 'KM-MORONI'),
('WORLD_COUNTRIES_UN_CAPITAL', 'CG-BRAZZAVILLE'),
('WORLD_COUNTRIES_UN_CAPITAL', 'CD-KINSHASA'),
('WORLD_COUNTRIES_UN_CAPITAL', 'CR-SAN-JOSE'),
('WORLD_COUNTRIES_UN_CAPITAL', 'CI-YAMOUSSOUKRO'),
('WORLD_COUNTRIES_UN_CAPITAL', 'HR-ZAGREB'),
('WORLD_COUNTRIES_UN_CAPITAL', 'CU-HAVANA'),
('WORLD_COUNTRIES_UN_CAPITAL', 'CY-NICOSIA'),
('WORLD_COUNTRIES_UN_CAPITAL', 'CZ-PRAGUE'),
('WORLD_COUNTRIES_UN_CAPITAL', 'DK-COPENHAGEN'),
('WORLD_COUNTRIES_UN_CAPITAL', 'DJ-DJIBOUTI'),
('WORLD_COUNTRIES_UN_CAPITAL', 'DM-ROSEAU'),
('WORLD_COUNTRIES_UN_CAPITAL', 'DO-SANTO-DOMINGO'),
('WORLD_COUNTRIES_UN_CAPITAL', 'EC-QUITO'),
('WORLD_COUNTRIES_UN_CAPITAL', 'EG-CAIRO'),
('WORLD_COUNTRIES_UN_CAPITAL', 'SV-SAN-SALVADOR'),
('WORLD_COUNTRIES_UN_CAPITAL', 'GQ-MALABO'),
('WORLD_COUNTRIES_UN_CAPITAL', 'ER-ASMARA'),
('WORLD_COUNTRIES_UN_CAPITAL', 'EE-TALLINN'),
('WORLD_COUNTRIES_UN_CAPITAL', 'SZ-MBABANE'),
('WORLD_COUNTRIES_UN_CAPITAL', 'ET-ADDIS-ABABA'),
('WORLD_COUNTRIES_UN_CAPITAL', 'FK-STANLEY'),
('WORLD_COUNTRIES_UN_CAPITAL', 'FO-TORSHAVN'),
('WORLD_COUNTRIES_UN_CAPITAL', 'FJ-SUVA'),
('WORLD_COUNTRIES_UN_CAPITAL', 'FI-HELSINKI'),
('WORLD_COUNTRIES_UN_CAPITAL', 'FR-PARIS'),
('WORLD_COUNTRIES_UN_CAPITAL', 'GA-LIBREVILLE'),
('WORLD_COUNTRIES_UN_CAPITAL', 'GM-BANJUL'),
('WORLD_COUNTRIES_UN_CAPITAL', 'GE-TBILISI'),
('WORLD_COUNTRIES_UN_CAPITAL', 'DE-BERLIN'),
('WORLD_COUNTRIES_UN_CAPITAL', 'GH-ACCRA'),
('WORLD_COUNTRIES_UN_CAPITAL', 'GR-ATHENS'),
('WORLD_COUNTRIES_UN_CAPITAL', 'GD-ST-GEORGE-S'),
('WORLD_COUNTRIES_UN_CAPITAL', 'GT-GUATEMALA-CITY'),
('WORLD_COUNTRIES_UN_CAPITAL', 'GN-CONAKRY'),
('WORLD_COUNTRIES_UN_CAPITAL', 'GW-BISSAU'),
('WORLD_COUNTRIES_UN_CAPITAL', 'GY-GEORGETOWN'),
('WORLD_COUNTRIES_UN_CAPITAL', 'HT-PORT-AU-PRINCE'),
('WORLD_COUNTRIES_UN_CAPITAL', 'VA-VATICAN-CITY'),
('WORLD_COUNTRIES_UN_CAPITAL', 'HN-TEGUCIGALPA'),
('WORLD_COUNTRIES_UN_CAPITAL', 'HK-HONG-KONG'),
('WORLD_COUNTRIES_UN_CAPITAL', 'HU-BUDAPEST'),
('WORLD_COUNTRIES_UN_CAPITAL', 'IS-REYKJAVIK'),
('WORLD_COUNTRIES_UN_CAPITAL', 'IN-NEW-DELHI'),
('WORLD_COUNTRIES_UN_CAPITAL', 'ID-JAKARTA'),
('WORLD_COUNTRIES_UN_CAPITAL', 'IR-TEHRAN'),
('WORLD_COUNTRIES_UN_CAPITAL', 'IQ-BAGHDAD'),
('WORLD_COUNTRIES_UN_CAPITAL', 'IE-DUBLIN'),
('WORLD_COUNTRIES_UN_CAPITAL', 'IL-JERUSALEM'),
('WORLD_COUNTRIES_UN_CAPITAL', 'IT-ROME'),
('WORLD_COUNTRIES_UN_CAPITAL', 'JM-KINGSTON'),
('WORLD_COUNTRIES_UN_CAPITAL', 'JP-TOKYO'),
('WORLD_COUNTRIES_UN_CAPITAL', 'JO-AMMAN'),
('WORLD_COUNTRIES_UN_CAPITAL', 'KZ-NUR-SULTAN'),
('WORLD_COUNTRIES_UN_CAPITAL', 'KE-NAIROBI'),
('WORLD_COUNTRIES_UN_CAPITAL', 'KI-SOUTH-TARAWA'),
('WORLD_COUNTRIES_UN_CAPITAL', 'KP-PYONGYANG'),
('WORLD_COUNTRIES_UN_CAPITAL', 'KR-SEOUL'),
('WORLD_COUNTRIES_UN_CAPITAL', 'KW-KUWAIT'),
('WORLD_COUNTRIES_UN_CAPITAL', 'KG-BISHKEK'),
('WORLD_COUNTRIES_UN_CAPITAL', 'LA-VIENTIANE'),
('WORLD_COUNTRIES_UN_CAPITAL', 'LV-RIGA'),
('WORLD_COUNTRIES_UN_CAPITAL', 'LB-BEIRUT'),
('WORLD_COUNTRIES_UN_CAPITAL', 'LS-MASERU'),
('WORLD_COUNTRIES_UN_CAPITAL', 'LR-MONROVIA'),
('WORLD_COUNTRIES_UN_CAPITAL', 'LY-TRIPOLIS'),
('WORLD_COUNTRIES_UN_CAPITAL', 'LI-VADUZ'),
('WORLD_COUNTRIES_UN_CAPITAL', 'LT-VILNIUS'),
('WORLD_COUNTRIES_UN_CAPITAL', 'LU-LUXEMBOURG'),
('WORLD_COUNTRIES_UN_CAPITAL', 'MG-ANTANANARIVO'),
('WORLD_COUNTRIES_UN_CAPITAL', 'MW-LILONGWE'),
('WORLD_COUNTRIES_UN_CAPITAL', 'MY-KUALA-LUMPUR'),
('WORLD_COUNTRIES_UN_CAPITAL', 'MV-MALE'),
('WORLD_COUNTRIES_UN_CAPITAL', 'ML-BAMAKO'),
('WORLD_COUNTRIES_UN_CAPITAL', 'MT-VALLETTA'),
('WORLD_COUNTRIES_UN_CAPITAL', 'MH-MAJURO'),
('WORLD_COUNTRIES_UN_CAPITAL', 'MR-NOUAKCHOTT'),
('WORLD_COUNTRIES_UN_CAPITAL', 'MU-PORT-LOUIS'),
('WORLD_COUNTRIES_UN_CAPITAL', 'MX-MEXICO'),
('WORLD_COUNTRIES_UN_CAPITAL', 'FM-PALIKIR'),
('WORLD_COUNTRIES_UN_CAPITAL', 'MD-CHISINAU'),
('WORLD_COUNTRIES_UN_CAPITAL', 'MC-MONACO'),
('WORLD_COUNTRIES_UN_CAPITAL', 'MN-ULAN-BATOR'),
('WORLD_COUNTRIES_UN_CAPITAL', 'ME-PODGORICA'),
('WORLD_COUNTRIES_UN_CAPITAL', 'MA-RABAT'),
('WORLD_COUNTRIES_UN_CAPITAL', 'MZ-MAPUTO'),
('WORLD_COUNTRIES_UN_CAPITAL', 'MM-NAY-PYI-TAW'),
('WORLD_COUNTRIES_UN_CAPITAL', 'NA-WINDHOEK'),
('WORLD_COUNTRIES_UN_CAPITAL', 'NR-YAREN'),
('WORLD_COUNTRIES_UN_CAPITAL', 'NP-KATHMANDU'),
('WORLD_COUNTRIES_UN_CAPITAL', 'NL-AMSTERDAM'),
('WORLD_COUNTRIES_UN_CAPITAL', 'NZ-WELLINGTON'),
('WORLD_COUNTRIES_UN_CAPITAL', 'NI-MANAGUA'),
('WORLD_COUNTRIES_UN_CAPITAL', 'NE-NIAMEY'),
('WORLD_COUNTRIES_UN_CAPITAL', 'NG-ABUJA'),
('WORLD_COUNTRIES_UN_CAPITAL', 'MK-SKOPJE'),
('WORLD_COUNTRIES_UN_CAPITAL', 'NO-OSLO'),
('WORLD_COUNTRIES_UN_CAPITAL', 'OM-MUSCAT'),
('WORLD_COUNTRIES_UN_CAPITAL', 'PK-ISLAMABAD'),
('WORLD_COUNTRIES_UN_CAPITAL', 'PW-MELEKEOK'),
('WORLD_COUNTRIES_UN_CAPITAL', 'PS-EAST-JERUSALEM'),
('WORLD_COUNTRIES_UN_CAPITAL', 'PA-PANAMA-CITY'),
('WORLD_COUNTRIES_UN_CAPITAL', 'PG-PORT-MORESBY'),
('WORLD_COUNTRIES_UN_CAPITAL', 'PY-ASUNCION'),
('WORLD_COUNTRIES_UN_CAPITAL', 'PE-LIMA'),
('WORLD_COUNTRIES_UN_CAPITAL', 'PH-MANILA'),
('WORLD_COUNTRIES_UN_CAPITAL', 'PL-WARSAW'),
('WORLD_COUNTRIES_UN_CAPITAL', 'PT-LISBON'),
('WORLD_COUNTRIES_UN_CAPITAL', 'QA-DOHA'),
('WORLD_COUNTRIES_UN_CAPITAL', 'RO-BUCHAREST'),
('WORLD_COUNTRIES_UN_CAPITAL', 'RU-MOSCOW'),
('WORLD_COUNTRIES_UN_CAPITAL', 'RW-KIGALI'),
('WORLD_COUNTRIES_UN_CAPITAL', 'BL-GUSTAVIA'),
('WORLD_COUNTRIES_UN_CAPITAL', 'KN-BASSETERRE'),
('WORLD_COUNTRIES_UN_CAPITAL', 'LC-CASTRIES'),
('WORLD_COUNTRIES_UN_CAPITAL', 'VC-KINGSTOWN'),
('WORLD_COUNTRIES_UN_CAPITAL', 'WS-APIA'),
('WORLD_COUNTRIES_UN_CAPITAL', 'SM-SAN-MARINO'),
('WORLD_COUNTRIES_UN_CAPITAL', 'ST-SAO-TOME'),
('WORLD_COUNTRIES_UN_CAPITAL', 'SA-RIYADH'),
('WORLD_COUNTRIES_UN_CAPITAL', 'SN-DAKAR'),
('WORLD_COUNTRIES_UN_CAPITAL', 'RS-BELGRADE'),
('WORLD_COUNTRIES_UN_CAPITAL', 'SC-VICTORIA'),
('WORLD_COUNTRIES_UN_CAPITAL', 'SL-FREETOWN'),
('WORLD_COUNTRIES_UN_CAPITAL', 'SG-SINGAPUR'),
('WORLD_COUNTRIES_UN_CAPITAL', 'SK-BRATISLAVA'),
('WORLD_COUNTRIES_UN_CAPITAL', 'SI-LJUBLJANA'),
('WORLD_COUNTRIES_UN_CAPITAL', 'SB-HONIARA'),
('WORLD_COUNTRIES_UN_CAPITAL', 'SO-MOGADISHU'),
('WORLD_COUNTRIES_UN_CAPITAL', 'ZA-PRETORIA'),
('WORLD_COUNTRIES_UN_CAPITAL', 'SS-JUBA'),
('WORLD_COUNTRIES_UN_CAPITAL', 'ES-MADRID'),
('WORLD_COUNTRIES_UN_CAPITAL', 'LK-SRI-JAYAWARDENAPURA-KOTTE'),
('WORLD_COUNTRIES_UN_CAPITAL', 'SD-KHARTOUM'),
('WORLD_COUNTRIES_UN_CAPITAL', 'SR-PARAMARIBO'),
('WORLD_COUNTRIES_UN_CAPITAL', 'SE-STOCKHOLM'),
('WORLD_COUNTRIES_UN_CAPITAL', 'CH-BERNE'),
('WORLD_COUNTRIES_UN_CAPITAL', 'SY-DAMASCUS'),
('WORLD_COUNTRIES_UN_CAPITAL', 'TW-TAIPEI'),
('WORLD_COUNTRIES_UN_CAPITAL', 'TJ-DUSHANBE'),
('WORLD_COUNTRIES_UN_CAPITAL', 'TZ-DODOMA'),
('WORLD_COUNTRIES_UN_CAPITAL', 'TH-BANGKOK'),
('WORLD_COUNTRIES_UN_CAPITAL', 'TL-DILI'),
('WORLD_COUNTRIES_UN_CAPITAL', 'TG-LOME'),
('WORLD_COUNTRIES_UN_CAPITAL', 'TO-NUKU-ALOFA'),
('WORLD_COUNTRIES_UN_CAPITAL', 'TT-PORT-OF-SPAIN'),
('WORLD_COUNTRIES_UN_CAPITAL', 'TN-TUNIS'),
('WORLD_COUNTRIES_UN_CAPITAL', 'TR-ANKARA'),
('WORLD_COUNTRIES_UN_CAPITAL', 'TM-ASHGABAT'),
('WORLD_COUNTRIES_UN_CAPITAL', 'TV-FUNAFUTI'),
('WORLD_COUNTRIES_UN_CAPITAL', 'UG-KAMPALA'),
('WORLD_COUNTRIES_UN_CAPITAL', 'UA-KYIV'),
('WORLD_COUNTRIES_UN_CAPITAL', 'AE-ABU-DHABI'),
('WORLD_COUNTRIES_UN_CAPITAL', 'GB-LONDON'),
('WORLD_COUNTRIES_UN_CAPITAL', 'US-WASHINGTON-DC'),
('WORLD_COUNTRIES_UN_CAPITAL', 'UY-MONTEVIDEO'),
('WORLD_COUNTRIES_UN_CAPITAL', 'UZ-TASHKENT'),
('WORLD_COUNTRIES_UN_CAPITAL', 'VU-PORT-VILA'),
('WORLD_COUNTRIES_UN_CAPITAL', 'VE-CARACAS'),
('WORLD_COUNTRIES_UN_CAPITAL', 'VN-HANOI'),
('WORLD_COUNTRIES_UN_CAPITAL', 'YE-SANA-A'),
('WORLD_COUNTRIES_UN_CAPITAL', 'ZM-LUSAKA'),
('WORLD_COUNTRIES_UN_CAPITAL', 'ZW-HARARE');
