INSERT INTO lang (id) VALUES
('fr-FR'),
('en-US'),
('de-DE'),
('es-ES'),
('pt-PT');
INSERT INTO translation (id_lang, translated_value, id_item) VALUES
('es-ES', 'Departamentos franceses', 'FRANCE_DEPARTMENTS'),
('de-DE', 'Französische Abteilungen', 'FRANCE_DEPARTMENTS'),
('pt-PT', 'Departamentos franceses', 'FRANCE_DEPARTMENTS'),
('fr-FR', 'Départements de France', 'FRANCE_DEPARTMENTS'),
('en-US', 'Departments of France', 'FRANCE_DEPARTMENTS'),
('de-DE', 'Departements des französischen Mutterlands, ohne Überseegebiete', 'FRANCE_DEPARTMENTS_DESC'),
('en-US', 'Departments of Metropolitan France, excluding Overseas Departments and Territories', 'FRANCE_DEPARTMENTS_DESC'),
('pt-PT', 'Departamentos da França metropolitana, excluindo Departamentos e Territórios Ultramarinos Franceses', 'FRANCE_DEPARTMENTS_DESC'),
('fr-FR', 'Départements de France métropolitaine et DOM, TOM exclus.', 'FRANCE_DEPARTMENTS_DESC'),
('es-ES', 'Departamentos de Francia metropolitana, excluyendo los departamentos y territorios franceses de ultramar', 'FRANCE_DEPARTMENTS_DESC'),
('es-ES', 'Sedes de los departamentos franceses', 'FRANCE_DEPARTMENTS_CAPITAL'),
('pt-PT', 'Sedes dos departamentos franceses', 'FRANCE_DEPARTMENTS_CAPITAL'),
('de-DE', 'Hauptstädte der französischen Departements', 'FRANCE_DEPARTMENTS_CAPITAL'),
('en-US', 'Chief towns of the French departments', 'FRANCE_DEPARTMENTS_CAPITAL'),
('fr-FR', 'Chefs lieux des départements français', 'FRANCE_DEPARTMENTS_CAPITAL'),
('fr-FR', 'Chefs-lieux des 101 départements de France métropolitaine et des départements d''outre-mer', 'FRANCE_DEPARTMENTS_CAPITAL_DESC'),
('pt-PT', 'Sedes dos 101 departamentos da França metropolitana e departamentos ultramarinos', 'FRANCE_DEPARTMENTS_CAPITAL_DESC'),
('es-ES', 'Sedes de los 101 departamentos de Francia metropolitana y departamentos de ultramar', 'FRANCE_DEPARTMENTS_CAPITAL_DESC'),
('de-DE', 'Hauptstädte der 101 Departements von Metropolitan-Frankreich und den Übersee-Departements', 'FRANCE_DEPARTMENTS_CAPITAL_DESC'),
('en-US', 'Chief towns of the 101 departments of metropolitan France and overseas departments', 'FRANCE_DEPARTMENTS_CAPITAL_DESC'),
('pt-PT', 'Regiões Francesas', 'FRANCE_REGIONS'),
('de-DE', 'Französische Regionen', 'FRANCE_REGIONS'),
('en-US', 'French regions', 'FRANCE_REGIONS'),
('fr-FR', 'Régions françaises', 'FRANCE_REGIONS'),
('es-ES', 'Regiones Francesas', 'FRANCE_REGIONS'),
('fr-FR', 'Chefs-lieux des 13 régions de France métropolitaine', 'FRANCE_REGIONS_DESC'),
('de-DE', 'Hauptstadt der 13 Regionen von Metropolitan-Frankreich', 'FRANCE_REGIONS_DESC'),
('pt-PT', 'Sedes das 13 regiões da França metropolitana', 'FRANCE_REGIONS_DESC'),
('es-ES', 'Sedes de las 13 regiones de Francia metropolitana', 'FRANCE_REGIONS_DESC'),
('en-US', 'Chief towns of the 13 regions of metropolitan France', 'FRANCE_REGIONS_DESC'),
('fr-FR', 'Capitale des régions de France', 'FRANCE_REGIONS_CAPITAL'),
('pt-PT', 'Capital das regiões da França', 'FRANCE_REGIONS_CAPITAL'),
('de-DE', 'Hauptstadt der Regionen Frankreichs', 'FRANCE_REGIONS_CAPITAL'),
('es-ES', 'Capital de las regiones de Francia', 'FRANCE_REGIONS_CAPITAL'),
('en-US', 'France regions'' capital', 'FRANCE_REGIONS_CAPITAL'),
('de-DE', 'Hauptstadt der 13 Regionen von Metropolitan-Frankreich', 'FRANCE_REGIONS_CAPITAL_DESC'),
('fr-FR', 'Chefs-lieux des 13 régions de France métropolitaine', 'FRANCE_REGIONS_CAPITAL_DESC'),
('es-ES', 'Capital de las 13 regiones de Francia metropolitana', 'FRANCE_REGIONS_CAPITAL_DESC'),
('pt-PT', 'Capital das 13 regiões da França metropolitana', 'FRANCE_REGIONS_CAPITAL_DESC'),
('en-US', 'Capitals of the 13 regions of metropolitan France', 'FRANCE_REGIONS_CAPITAL_DESC'),
('de-DE', 'Japanische Regionen', 'JAPAN_REGIONS'),
('fr-FR', 'Régions du Japon', 'JAPAN_REGIONS'),
('en-US', 'Japan regions', 'JAPAN_REGIONS'),
('es-ES', 'Regiones de Japón', 'JAPAN_REGIONS'),
('pt-PT', 'Regiões do Japão', 'JAPAN_REGIONS'),
('pt-PT', 'Regiões do Japão (não oficiais, não têm realidade jurídica)', 'JAPAN_REGIONS_DESC'),
('fr-FR', 'Régions du Japon (non officiel, elles n''ont aucune réalité juridique)', 'JAPAN_REGIONS_DESC'),
('es-ES', 'Regiones de Japón (no oficiales, no tienen realidad jurídica)', 'JAPAN_REGIONS_DESC'),
('en-US', 'Regions of Japan (unofficial, they have no legal reality)', 'JAPAN_REGIONS_DESC'),
('de-DE', 'Regionen Japans (inoffiziell, sie haben keine rechtliche Realität)', 'JAPAN_REGIONS_DESC'),
('fr-FR', 'Capitales des régions du Japon', 'JAPAN_REGIONS_CAPITAL'),
('pt-PT', 'Capital das regiões do Japão', 'JAPAN_REGIONS_CAPITAL'),
('en-US', 'Japan regions'' capital', 'JAPAN_REGIONS_CAPITAL'),
('es-ES', 'Capital de las regiones de Japón', 'JAPAN_REGIONS_CAPITAL'),
('de-DE', 'Hauptstädte der japanischen Regionen', 'JAPAN_REGIONS_CAPITAL'),
('es-ES', 'Capitales de las regiones de Japón (no oficial, no tienen estatus legal como tal)', 'JAPAN_REGIONS_CAPITAL_DESC'),
('fr-FR', 'Capitales des régions du Japon (non officiel, elles n''ont aucune réalité juridique en tant que tel)', 'JAPAN_REGIONS_CAPITAL_DESC'),
('en-US', 'Capitals of Japan''s regions (non-official, they have no legal status as such)', 'JAPAN_REGIONS_CAPITAL_DESC'),
('de-DE', 'Hauptstädte der Regionen Japans (nicht offiziell, sie haben keine rechtliche Stellung als solche)', 'JAPAN_REGIONS_CAPITAL_DESC'),
('pt-PT', 'Capitais das regiões do Japão (não oficial, não têm status legal como tal)', 'JAPAN_REGIONS_CAPITAL_DESC'),
('de-DE', 'Japanische Präfekturen', 'JAPAN_PREFECTURES'),
('es-ES', 'Prefecturas de Japón', 'JAPAN_PREFECTURES'),
('pt-PT', 'Prefeituras do Japão', 'JAPAN_PREFECTURES'),
('en-US', 'Japan prefectures', 'JAPAN_PREFECTURES'),
('fr-FR', 'Préfectures du Japon', 'JAPAN_PREFECTURES'),
('es-ES', 'Prefecturas de Japón', 'JAPAN_PREFECTURES_DESC'),
('pt-PT', 'Prefeituras do Japão', 'JAPAN_PREFECTURES_DESC'),
('fr-FR', 'Préfectures du Japon', 'JAPAN_PREFECTURES_DESC'),
('de-DE', 'Präfekturen Japans', 'JAPAN_PREFECTURES_DESC'),
('en-US', 'Prefectures of Japan', 'JAPAN_PREFECTURES_DESC'),
('de-DE', 'Hauptstädte der japanischen Präfekturen', 'JAPAN_PREFECTURES_CAPITAL'),
('es-ES', 'Capital de las prefecturas de Japón', 'JAPAN_PREFECTURES_CAPITAL'),
('fr-FR', 'Capitales des préfectures du Japon', 'JAPAN_PREFECTURES_CAPITAL'),
('pt-PT', 'Capital das prefeituras do Japão', 'JAPAN_PREFECTURES_CAPITAL'),
('en-US', 'Japan prefectures'' capital', 'JAPAN_PREFECTURES_CAPITAL'),
('de-DE', 'Hauptstädte der Präfekturen Japans', 'JAPAN_PREFECTURES_CAPITAL_DESC'),
('fr-FR', 'Capitales des préfectures du Japon', 'JAPAN_PREFECTURES_CAPITAL_DESC'),
('es-ES', 'Capitales de las prefecturas de Japón', 'JAPAN_PREFECTURES_CAPITAL_DESC'),
('pt-PT', 'Capitais das prefeituras do Japão', 'JAPAN_PREFECTURES_CAPITAL_DESC'),
('en-US', 'Capitals of the prefectures of Japan', 'JAPAN_PREFECTURES_CAPITAL_DESC'),
('fr-FR', 'Pays du monde - ONU', 'WORLD_COUNTRIES_UN'),
('es-ES', 'Países del mundo - ONU', 'WORLD_COUNTRIES_UN'),
('de-DE', 'Länder der Welt - UN', 'WORLD_COUNTRIES_UN'),
('pt-PT', 'Países do mundo - ONU', 'WORLD_COUNTRIES_UN'),
('en-US', 'World countries - UN', 'WORLD_COUNTRIES_UN'),
('de-DE', 'Karte der Länder der Welt gemäß den Vereinten Nationen', 'WORLD_COUNTRIES_UN_DESC'),
('es-ES', 'Mapa de los países del mundo según la ONU', 'WORLD_COUNTRIES_UN_DESC'),
('fr-FR', 'Carte des pays du monde selon l''ONU', 'WORLD_COUNTRIES_UN_DESC'),
('en-US', 'Map of the countries of the world according to the UN', 'WORLD_COUNTRIES_UN_DESC'),
('de-DE', 'Hauptstädte der Länder der Welt - UN', 'WORLD_COUNTRIES_UN_CAPITAL'),
('pt-PT', 'Capital dos países do mundo - ONU', 'WORLD_COUNTRIES_UN_CAPITAL'),
('es-ES', 'Capital de los países del mundo - ONU', 'WORLD_COUNTRIES_UN_CAPITAL'),
('en-US', 'World countries'' capital - UN', 'WORLD_COUNTRIES_UN_CAPITAL'),
('fr-FR', 'Capitales des pays du monde - ONU', 'WORLD_COUNTRIES_UN_CAPITAL'),
('de-DE', 'Eine Karte, die die Hauptstädte aller Länder der Welt zeigt, wie sie von den Vereinten Nationen anerkannt werden.Die Vereinten Nationen erkennen 193 Mitgliedsstaaten an, aber es gibt auch 2 Beobachterstaaten (der Heilige Stuhl und Palästina) und 6 teilweise anerkannte Staaten (Abchasien, Kosovo, Bergkarabach, Nordzypern, Südossetien und Transnistrien), die nicht als Vollmitgliedsstaaten der UN betrachtet werden. Diese Staaten genießen eine gewisse internationale Anerkennung, ihr Status ist jedoch umstritten und nicht universell anerkannt. Daher beläuft sich die Gesamtzahl der von den UN anerkannten Länder/Territorien, einschließlich sowohl Mitgliedsstaaten als auch Beobachter-/teilweise anerkannten Staaten, auf 201.', 'WORLD_COUNTRIES_UN_CAPITAL_DESC'),
('pt-PT', 'Um mapa que mostra as capitais de todos os países do mundo, reconhecidos pelas Nações Unidas.As Nações Unidas reconhecem 193 Estados-membros, mas também existem 2 Estados observadores (a Santa Sé e a Palestina) e 6 Estados parcialmente reconhecidos (Abkhazia, Kosovo, Nagorno-Karabakh, Chipre do Norte, Ossétia do Sul e Transnístria) que não são considerados Estados-membros plenos das Nações Unidas. Esses Estados têm algum nível de reconhecimento internacional, mas seu status é contestado e não universalmente reconhecido. Portanto, o número total de países/territórios reconhecidos pela ONU, incluindo tanto Estados-membros quanto Estados observadores/parcialmente reconhecidos, é de 201.', 'WORLD_COUNTRIES_UN_CAPITAL_DESC'),
('en-US', 'A map showing the capital cities of all the countries in the world, as recognized by the United Nations. The United Nations recognizes 193 member states, but there are also 2 observer states (the Holy See and Palestine) and 6 partially recognized states (Abkhazia, Kosovo, Nagorno-Karabakh, Northern Cyprus, South Ossetia, and Transnistria) that are not considered full member states of the UN. These states have some level of international recognition, but their status is disputed and not universally recognized. Therefore, the total number of countries/territories recognized by the UN, including both member states and observer/partially recognized states, is 201.', 'WORLD_COUNTRIES_UN_CAPITAL_DESC'),
('fr-FR', 'Carte des capitales des pays du monde selon l''ONU. Les Nations unies reconnaissent 193 États membres, mais il existe également 2 États observateurs (le Saint-Siège et la Palestine) et 6 États partiellement reconnus (Abkhazie, Kosovo, Nagorny-Karabakh, Chypre du Nord, Ossétie du Sud et Transnistrie) qui ne sont pas considérés comme des États membres à part entière de l''ONU. Ces États ont un certain niveau de reconnaissance internationale, mais leur statut est contesté et n''est pas universellement reconnu. Par conséquent, le nombre total de pays/territoires reconnus par l''ONU, y compris les États membres, les États observateurs et les États partiellement reconnus, est de 201.', 'WORLD_COUNTRIES_UN_CAPITAL_DESC'),
('es-ES', 'Un mapa que muestra las capitales de todos los países del mundo, reconocidos por las Naciones Unidas.Las Naciones Unidas reconocen a 193 estados miembros, pero también hay 2 estados observadores (la Santa Sede y Palestina) y 6 estados parcialmente reconocidos (Abjasia, Kosovo, Nagorno-Karabaj, Chipre del Norte, Osetia del Sur y Transnistria) que no se consideran estados miembros plenos de la ONU. Estos estados tienen cierto nivel de reconocimiento internacional, pero su estatus es disputado y no reconocido de manera universal. Por lo tanto, el número total de países/territorios reconocidos por la ONU, incluyendo tanto los estados miembros como los estados observadores/parcialmente reconocidos, es de 201.', 'WORLD_COUNTRIES_UN_CAPITAL_DESC'),
('en-US', 'World countries - ISO-3166', 'WORLD_COUNTRIES_ISO3166'),
('pt-PT', 'Países do mundo - ISO-3166', 'WORLD_COUNTRIES_ISO3166'),
('es-ES', 'Países del mundo - ISO-3166', 'WORLD_COUNTRIES_ISO3166'),
('fr-FR', 'Pays du monde - ISO-3166', 'WORLD_COUNTRIES_ISO3166'),
('de-DE', 'Länder der Welt - ISO-3166', 'WORLD_COUNTRIES_ISO3166'),
('de-DE', 'Die ISO-3166 ist ein Standard, der Codes für Ländernamen und deren Unterteilungen definiert. Die Liste der geographischen Entitäten ist größer als die Liste der von den Vereinten Nationen anerkannten Länder, da auch bestimmte Entitäten berücksichtigt werden, die nicht als souveräne Staaten betrachtet werden, sondern eine gewisse Autonomie oder teilweise internationale Anerkennung haben, wie Überseegebiete, Abhängigkeiten und Gebiete mit besonderer Souveränität. Die Aufnahme eines Gebiets in die ISO-3166 bedeutet jedoch nicht notwendigerweise, dass es als souveräner Staat anerkannt ist oder zu den geographischen und politischen Entitäten der Welt gehört.', 'WORLD_COUNTRIES_ISO3166_DESC'),
('en-US', 'ISO-3166 is a standard that allows for the definition of codes for the names of countries and their subdivisions. The list of geographical entities is larger than that of UN member countries, but this is due to the inclusion of certain entities that are not considered sovereign states, but have some degree of autonomy or partial international recognition, such as overseas territories, dependencies, and areas under special sovereignty. However, the fact that a territory is included in ISO-3166 does not necessarily mean that it is recognized as a sovereign state or that it is part of the world''s geographical and political entities.', 'WORLD_COUNTRIES_ISO3166_DESC'),
('fr-FR', 'L''ISO-3166 est une norme qui permet de définir des codes pour les noms de pays et de leurs subdivisions. La liste des entitées géographique est plus grande que celle des pays de l''ONU, mais cela est dû à la prise en compte de certaines entités qui ne sont pas considérées comme des États souverains, mais qui ont une certaine autonomie ou une reconnaissance internationale partielle, comme les territoires d''outre-mer, les dépendances et les zones sous souveraineté spéciale. Cependant, le fait qu''un territoire soit inclus dans l''ISO-3166 ne signifie pas nécessairement qu''il soit reconnu comme un État souverain ou qu''il fasse partie des entités géographiques et politiques du monde.', 'WORLD_COUNTRIES_ISO3166_DESC'),
('es-ES', 'La norma ISO-3166 permite definir códigos para los nombres de países y sus subdivisiones. La lista de entidades geográficas es más amplia que la de países de la ONU, pero esto se debe a la inclusión de ciertas entidades que no se consideran estados soberanos, sino que tienen cierta autonomía o reconocimiento internacional parcial, como los territorios de ultramar, las dependencias y las zonas de soberanía especial. Sin embargo, el hecho de que un territorio esté incluido en el ISO-3166 no significa necesariamente que sea reconocido como un estado soberano o que forme parte de las entidades geográficas y políticas del mundo.', 'WORLD_COUNTRIES_ISO3166_DESC'),
('pt-PT', 'SO-3166 é uma norma que permite definir códigos para os nomes de países e suas subdivisões. A lista de entidades geográficas é maior do que a da ONU, mas isso se deve à inclusão de entidades que não são consideradas estados soberanos, mas que possuem certa autonomia ou reconhecimento internacional parcial, como territórios ultramarinos, dependências e áreas com soberania especial. No entanto, o fato de um território estar incluído no ISO-3166 não significa necessariamente que ele seja reconhecido como um estado soberano ou que faça parte das entidades geográficas e políticas do mundo.', 'WORLD_COUNTRIES_ISO3166_DESC'),
('en-US', 'World countries'' capital - ISO-3166', 'WORLD_COUNTRIES_ISO3166_CAPITAL'),
('fr-FR', 'Capitales des pays du monde - ISO-3166', 'WORLD_COUNTRIES_ISO3166_CAPITAL'),
('pt-PT', 'Capital dos países do mundo - ISO-3166', 'WORLD_COUNTRIES_ISO3166_CAPITAL'),
('de-DE', 'Hauptstädte der Länder der Welt - ISO-3166', 'WORLD_COUNTRIES_ISO3166_CAPITAL'),
('es-ES', 'Capital de los países del mundo - ISO-3166', 'WORLD_COUNTRIES_ISO3166_CAPITAL'),
('pt-PT', 'Cidade(s) importante(s) para cada território listado no ISO 3166. Alguns desses territórios não possuem nenhum habitante ou cidade, então às vezes escolhemos elementos geográficos arbitrariamente para designá-los como capitais.', 'WORLD_COUNTRIES_ISO3166_CAPITAL_DESC'),
('en-US', 'Important city/cities for each territory listed in ISO 3166. Some of these territories have no inhabitants or cities, so we have sometimes arbitrarily chosen geographic features to designate them as capitals.', 'WORLD_COUNTRIES_ISO3166_CAPITAL_DESC'),
('fr-FR', 'Ville(s) importante(s) pour chaque territoire listé dans l''ISO 3166. Certains de ces territoires ne possèdent aucun habitant ni ville, donc nous avons parfois choisi des éléments géographiques arbitrairement pour les désigner comme capitales.', 'WORLD_COUNTRIES_ISO3166_CAPITAL_DESC'),
('de-DE', 'Wichtige Stadt/Städte für jeden Gebietseintrag in ISO 3166. Einige dieser Gebiete haben keine Bewohner oder Städte, daher haben wir manchmal geographische Elemente willkürlich als Hauptstadt ausgewählt.', 'WORLD_COUNTRIES_ISO3166_CAPITAL_DESC'),
('es-ES', 'Ciudad(es) importante(s) para cada territorio listado en el ISO 3166. Algunos de estos territorios no tienen habitantes ni ciudades, por lo que a veces hemos elegido elementos geográficos arbitrariamente para designarlos como capitales.', 'WORLD_COUNTRIES_ISO3166_CAPITAL_DESC');
INSERT INTO map (id, id_description, url_wiki) VALUES
('FRANCE_DEPARTMENTS', 'FRANCE_DEPARTMENTS_DESC', ''),
('FRANCE_DEPARTMENTS_CAPITAL', 'FRANCE_DEPARTMENTS_CAPITAL_DESC', ''),
('FRANCE_REGIONS', 'FRANCE_REGIONS_DESC', ''),
('FRANCE_REGIONS_CAPITAL', 'FRANCE_REGIONS_CAPITAL_DESC', ''),
('JAPAN_REGIONS', 'JAPAN_REGIONS_DESC', ''),
('JAPAN_REGIONS_CAPITAL', 'JAPAN_REGIONS_CAPITAL_DESC', ''),
('JAPAN_PREFECTURES', 'JAPAN_PREFECTURES_DESC', ''),
('JAPAN_PREFECTURES_CAPITAL', 'JAPAN_PREFECTURES_CAPITAL_DESC', ''),
('WORLD_COUNTRIES_UN', 'WORLD_COUNTRIES_UN_DESC', ''),
('WORLD_COUNTRIES_UN_CAPITAL', 'WORLD_COUNTRIES_UN_CAPITAL_DESC', ''),
('WORLD_COUNTRIES_ISO3166', 'WORLD_COUNTRIES_ISO3166_DESC', ''),
('WORLD_COUNTRIES_ISO3166_CAPITAL', 'WORLD_COUNTRIES_ISO3166_CAPITAL_DESC', '');
INSERT INTO translation (id_lang, translated_value, id_item) VALUES
('fr-FR', 'Continents', 'TAG_GROUP_CONTINENTS'),
('es-ES', 'Continentes', 'TAG_GROUP_CONTINENTS'),
('pt-PT', 'Continentes', 'TAG_GROUP_CONTINENTS'),
('en-US', 'Continents', 'TAG_GROUP_CONTINENTS'),
('de-DE', 'Kontinente', 'TAG_GROUP_CONTINENTS'),
('es-ES', 'Países', 'TAG_GROUP_COUNTRIES'),
('en-US', 'Countries', 'TAG_GROUP_COUNTRIES'),
('pt-PT', 'Países', 'TAG_GROUP_COUNTRIES'),
('fr-FR', 'Pays', 'TAG_GROUP_COUNTRIES'),
('de-DE', 'Länder', 'TAG_GROUP_COUNTRIES'),
('es-ES', 'Nivel', 'TAG_GROUP_LEVEL'),
('en-US', 'Level', 'TAG_GROUP_LEVEL'),
('de-DE', 'Ebene', 'TAG_GROUP_LEVEL'),
('pt-PT', 'Nível', 'TAG_GROUP_LEVEL'),
('fr-FR', 'Niveau', 'TAG_GROUP_LEVEL');
INSERT INTO tag_group (id) VALUES
('TAG_GROUP_CONTINENTS'),
('TAG_GROUP_COUNTRIES'),
('TAG_GROUP_LEVEL');
INSERT INTO translation (id_lang, translated_value, id_item) VALUES
('en-US', 'France', 'TAG_FRANCE'),
('fr-FR', 'France', 'TAG_FRANCE'),
('es-ES', 'Francia', 'TAG_FRANCE'),
('de-DE', 'Frankreich', 'TAG_FRANCE'),
('pt-PT', 'França', 'TAG_FRANCE'),
('en-US', 'Japan', 'TAG_JAPAN'),
('de-DE', 'Japan', 'TAG_JAPAN'),
('es-ES', 'Japón', 'TAG_JAPAN'),
('fr-FR', 'Japon', 'TAG_JAPAN'),
('pt-PT', 'Japão', 'TAG_JAPAN'),
('en-US', 'Cities', 'TAG_CITIES'),
('pt-PT', 'Cidades', 'TAG_CITIES'),
('fr-FR', 'Villes', 'TAG_CITIES'),
('es-ES', 'Ciudades', 'TAG_CITIES'),
('de-DE', 'Städte', 'TAG_CITIES'),
('es-ES', 'Subdivisiones', 'TAG_SUBDIVISIONS'),
('fr-FR', 'Subdivisions', 'TAG_SUBDIVISIONS'),
('pt-PT', 'Subdivisões', 'TAG_SUBDIVISIONS'),
('en-US', 'Subdivisions', 'TAG_SUBDIVISIONS'),
('de-DE', 'Unterabteilungen', 'TAG_SUBDIVISIONS'),
('de-DE', 'Unterabteilungen', 'TAG_WORLD'),
('pt-PT', 'Subdivisões', 'TAG_WORLD'),
('en-US', 'Subdivisions', 'TAG_WORLD'),
('es-ES', 'Subdivisiones', 'TAG_WORLD'),
('fr-FR', 'Subdivisions', 'TAG_WORLD'),
('pt-PT', 'Europa', 'TAG_EUROPE'),
('es-ES', 'Europa', 'TAG_EUROPE'),
('en-US', 'Europe', 'TAG_EUROPE'),
('de-DE', 'Europa', 'TAG_EUROPE'),
('fr-FR', 'Europe', 'TAG_EUROPE'),
('es-ES', 'Asia', 'TAG_ASIA'),
('de-DE', 'Asien', 'TAG_ASIA'),
('pt-PT', 'Ásia', 'TAG_ASIA'),
('en-US', 'Asia', 'TAG_ASIA'),
('fr-FR', 'Asie', 'TAG_ASIA'),
('en-US', 'Africa', 'TAG_AFRICA'),
('fr-FR', 'Afrique', 'TAG_AFRICA'),
('de-DE', 'Afrika', 'TAG_AFRICA'),
('pt-PT', 'África', 'TAG_AFRICA'),
('es-ES', 'África', 'TAG_AFRICA'),
('en-US', 'North America', 'TAG_SOUTH_AMERICA'),
('pt-PT', 'América do Norte', 'TAG_SOUTH_AMERICA'),
('es-ES', 'América del Norte', 'TAG_SOUTH_AMERICA'),
('de-DE', 'Nordamerika', 'TAG_SOUTH_AMERICA'),
('fr-FR', 'Amérique du Nord', 'TAG_SOUTH_AMERICA'),
('de-DE', 'Südamerika', 'TAG_NORTH_AMERICA'),
('es-ES', 'América del Sur', 'TAG_NORTH_AMERICA'),
('fr-FR', 'Amérique du Sud', 'TAG_NORTH_AMERICA'),
('en-US', 'South America', 'TAG_NORTH_AMERICA'),
('pt-PT', 'América do Sul', 'TAG_NORTH_AMERICA');
INSERT INTO tag (id, id_group) VALUES
('TAG_FRANCE', 'TAG_GROUP_COUNTRIES'),
('TAG_JAPAN', 'TAG_GROUP_COUNTRIES'),
('TAG_CITIES', 'TAG_GROUP_LEVEL'),
('TAG_SUBDIVISIONS', 'TAG_GROUP_LEVEL'),
('TAG_WORLD', 'TAG_GROUP_LEVEL'),
('TAG_EUROPE', 'TAG_GROUP_CONTINENTS'),
('TAG_ASIA', 'TAG_GROUP_CONTINENTS'),
('TAG_AFRICA', 'TAG_GROUP_CONTINENTS'),
('TAG_SOUTH_AMERICA', 'TAG_GROUP_CONTINENTS'),
('TAG_NORTH_AMERICA', 'TAG_GROUP_CONTINENTS');
INSERT INTO tag_map (id_map, id_tag) VALUES
('FRANCE_DEPARTMENTS', 'TAG_FRANCE'),
('FRANCE_DEPARTMENTS', 'TAG_SUBDIVISIONS'),
('FRANCE_DEPARTMENTS', 'TAG_EUROPE'),
('FRANCE_DEPARTMENTS_CAPITAL', 'TAG_FRANCE'),
('FRANCE_DEPARTMENTS_CAPITAL', 'TAG_CITIES'),
('FRANCE_DEPARTMENTS_CAPITAL', 'TAG_EUROPE'),
('FRANCE_REGIONS', 'TAG_FRANCE'),
('FRANCE_REGIONS', 'TAG_SUBDIVISIONS'),
('FRANCE_REGIONS', 'TAG_EUROPE'),
('FRANCE_REGIONS_CAPITAL', 'TAG_FRANCE'),
('FRANCE_REGIONS_CAPITAL', 'TAG_CITIES'),
('FRANCE_REGIONS_CAPITAL', 'TAG_EUROPE'),
('JAPAN_PREFECTURES', 'TAG_JAPAN'),
('JAPAN_PREFECTURES', 'TAG_SUBDIVISIONS'),
('JAPAN_PREFECTURES', 'TAG_ASIA'),
('JAPAN_PREFECTURES_CAPITAL', 'TAG_JAPAN'),
('JAPAN_PREFECTURES_CAPITAL', 'TAG_CITIES'),
('JAPAN_PREFECTURES_CAPITAL', 'TAG_ASIA'),
('JAPAN_REGIONS', 'TAG_JAPAN'),
('JAPAN_REGIONS', 'TAG_SUBDIVISIONS'),
('JAPAN_REGIONS', 'TAG_ASIA'),
('JAPAN_REGIONS_CAPITAL', 'TAG_JAPAN'),
('JAPAN_REGIONS_CAPITAL', 'TAG_CITIES'),
('JAPAN_REGIONS_CAPITAL', 'TAG_ASIA'),
('WORLD_COUNTRIES_UN', 'TAG_WORLD'),
('WORLD_COUNTRIES_UN_CAPITAL', 'TAG_WORLD'),
('WORLD_COUNTRIES_UN_CAPITAL', 'TAG_CITIES'),
('WORLD_COUNTRIES_ISO3166', 'TAG_WORLD'),
('WORLD_COUNTRIES_ISO3166_CAPITAL', 'TAG_WORLD'),
('WORLD_COUNTRIES_ISO3166_CAPITAL', 'TAG_CITIES');
INSERT INTO translation (id_lang, translated_value, id_item) VALUES
('de-DE', 'Gegen die Uhr', 'AGAINST_CLOCK'),
('en-US', 'Against the clock', 'AGAINST_CLOCK'),
('pt-PT', 'Contra o relógio', 'AGAINST_CLOCK'),
('fr-FR', 'Contre la montre', 'AGAINST_CLOCK'),
('es-ES', 'Contrarreloj', 'AGAINST_CLOCK');
INSERT INTO gamemod (id) VALUES
('AGAINST_CLOCK');
INSERT INTO gamemod_map (id_map, id_gamemod) VALUES
('FRANCE_DEPARTMENTS', 'AGAINST_CLOCK'),
('FRANCE_DEPARTMENTS_CAPITAL', 'AGAINST_CLOCK'),
('FRANCE_REGIONS', 'AGAINST_CLOCK'),
('FRANCE_REGIONS_CAPITAL', 'AGAINST_CLOCK'),
('JAPAN_REGIONS', 'AGAINST_CLOCK'),
('JAPAN_REGIONS_CAPITAL', 'AGAINST_CLOCK'),
('JAPAN_PREFECTURES', 'AGAINST_CLOCK'),
('JAPAN_PREFECTURES_CAPITAL', 'AGAINST_CLOCK'),
('WORLD_COUNTRIES_UN', 'AGAINST_CLOCK'),
('WORLD_COUNTRIES_UN_CAPITAL', 'AGAINST_CLOCK'),
('WORLD_COUNTRIES_ISO3166', 'AGAINST_CLOCK'),
('WORLD_COUNTRIES_ISO3166_CAPITAL', 'AGAINST_CLOCK');
INSERT INTO translation (id_lang, translated_value, id_item) VALUES
('fr-FR', 'Bourg-en-Bresse', 'FR-BOURG-EN-BRESSE'),
('en-US', 'Bourg-en-Bresse', 'FR-BOURG-EN-BRESSE'),
('fr-FR', 'Laon', 'FR-LAON'),
('en-US', 'Laon', 'FR-LAON'),
('en-US', 'Moulins', 'FR-MOULINS'),
('fr-FR', 'Moulins', 'FR-MOULINS'),
('en-US', 'Digne-les-Bains', 'FR-DIGNE-LES-BAINS'),
('fr-FR', 'Digne-les-Bains', 'FR-DIGNE-LES-BAINS'),
('en-US', 'Nice', 'FR-NICE'),
('fr-FR', 'Nice', 'FR-NICE'),
('fr-FR', 'Privas', 'FR-PRIVAS'),
('en-US', 'Privas', 'FR-PRIVAS'),
('fr-FR', 'Charleville-Mézières', 'FR-CHARLEVILLE-MEZIERES'),
('en-US', 'Charleville-Mézières', 'FR-CHARLEVILLE-MEZIERES'),
('fr-FR', 'Foix', 'FR-FOIX'),
('en-US', 'Foix', 'FR-FOIX'),
('fr-FR', 'Troyes', 'FR-TROYES'),
('en-US', 'Troyes', 'FR-TROYES'),
('en-US', 'Carcassonne', 'FR-CARCASSONNE'),
('fr-FR', 'Carcassonne', 'FR-CARCASSONNE'),
('fr-FR', 'Rodez', 'FR-RODEZ'),
('en-US', 'Rodez', 'FR-RODEZ'),
('fr-FR', 'Marseille', 'FR-MARSEILLE'),
('en-US', 'Marseille', 'FR-MARSEILLE'),
('fr-FR', 'Caen', 'FR-CAEN'),
('en-US', 'Caen', 'FR-CAEN'),
('fr-FR', 'Aurillac', 'FR-AURILLAC'),
('en-US', 'Aurillac', 'FR-AURILLAC'),
('fr-FR', 'Angoulême', 'FR-ANGOULEME'),
('en-US', 'Angoulême', 'FR-ANGOULEME'),
('fr-FR', 'La Rochelle', 'FR-LA-ROCHELLE'),
('en-US', 'La Rochelle', 'FR-LA-ROCHELLE'),
('en-US', 'Bourges', 'FR-BOURGES'),
('fr-FR', 'Bourges', 'FR-BOURGES'),
('fr-FR', 'Tulle', 'FR-TULLE'),
('en-US', 'Tulle', 'FR-TULLE'),
('fr-FR', 'Ajaccio', 'FR-AJACCIO'),
('en-US', 'Ajaccio', 'FR-AJACCIO'),
('en-US', 'Dijon', 'FR-DIJON'),
('fr-FR', 'Dijon', 'FR-DIJON'),
('fr-FR', 'St-Brieuc', 'FR-ST-BRIEUC'),
('en-US', 'St-Brieuc', 'FR-ST-BRIEUC'),
('fr-FR', 'Guéret', 'FR-GUERET'),
('en-US', 'Guéret', 'FR-GUERET'),
('en-US', 'Niort', 'FR-NIORT'),
('fr-FR', 'Niort', 'FR-NIORT'),
('en-US', 'Périgueux', 'FR-PERIGUEUX'),
('fr-FR', 'Périgueux', 'FR-PERIGUEUX'),
('en-US', 'Besançon', 'FR-BESANÇON'),
('fr-FR', 'Besançon', 'FR-BESANÇON'),
('en-US', 'Valence', 'FR-VALENCE'),
('fr-FR', 'Valence', 'FR-VALENCE'),
('en-US', 'Évry', 'FR-EVRY'),
('fr-FR', 'Évry', 'FR-EVRY'),
('en-US', 'Évreux', 'FR-EVREUX'),
('fr-FR', 'Évreux', 'FR-EVREUX'),
('fr-FR', 'Chartres', 'FR-CHARTRES'),
('en-US', 'Chartres', 'FR-CHARTRES'),
('en-US', 'Quimper', 'FR-QUIMPER'),
('fr-FR', 'Quimper', 'FR-QUIMPER'),
('en-US', 'Cayenne', 'FR-CAYENNE'),
('fr-FR', 'Cayenne', 'FR-CAYENNE'),
('en-US', 'Nîmes', 'FR-NIMES'),
('fr-FR', 'Nîmes', 'FR-NIMES'),
('fr-FR', 'Auch', 'FR-AUCH'),
('en-US', 'Auch', 'FR-AUCH'),
('fr-FR', 'Bordeaux', 'FR-BORDEAUX'),
('en-US', 'Bordeaux', 'FR-BORDEAUX'),
('en-US', 'Basse-Terre', 'FR-BASSE-TERRE'),
('fr-FR', 'Basse-Terre', 'FR-BASSE-TERRE'),
('en-US', 'Bastia', 'FR-BASTIA'),
('fr-FR', 'Bastia', 'FR-BASTIA'),
('en-US', 'Toulouse', 'FR-TOULOUSE'),
('fr-FR', 'Toulouse', 'FR-TOULOUSE'),
('en-US', 'Le Puy-en-Velay', 'FR-LE-PUY-EN-VELAY'),
('fr-FR', 'Le Puy-en-Velay', 'FR-LE-PUY-EN-VELAY'),
('en-US', 'Chaumont', 'FR-CHAUMONT'),
('fr-FR', 'Chaumont', 'FR-CHAUMONT'),
('en-US', 'Gap', 'FR-GAP'),
('fr-FR', 'Gap', 'FR-GAP'),
('fr-FR', 'Vesoul', 'FR-VESOUL'),
('en-US', 'Vesoul', 'FR-VESOUL'),
('fr-FR', 'Annecy', 'FR-ANNECY'),
('en-US', 'Annecy', 'FR-ANNECY'),
('fr-FR', 'Tarbes', 'FR-TARBES'),
('en-US', 'Tarbes', 'FR-TARBES'),
('en-US', 'Limoges', 'FR-LIMOGES'),
('fr-FR', 'Limoges', 'FR-LIMOGES'),
('en-US', 'Nanterre', 'FR-NANTERRE'),
('fr-FR', 'Nanterre', 'FR-NANTERRE'),
('fr-FR', 'Montpellier', 'FR-MONTPELLIER'),
('en-US', 'Montpellier', 'FR-MONTPELLIER'),
('en-US', 'Rennes', 'FR-RENNES'),
('fr-FR', 'Rennes', 'FR-RENNES'),
('fr-FR', 'Châteauroux', 'FR-CHATEAUROUX'),
('en-US', 'Châteauroux', 'FR-CHATEAUROUX'),
('en-US', 'Tours', 'FR-TOURS'),
('fr-FR', 'Tours', 'FR-TOURS'),
('en-US', 'Grenoble', 'FR-GRENOBLE'),
('fr-FR', 'Grenoble', 'FR-GRENOBLE'),
('en-US', 'Lons-le-Saunier', 'FR-LONS-LE-SAUNIER'),
('fr-FR', 'Lons-le-Saunier', 'FR-LONS-LE-SAUNIER'),
('fr-FR', 'Mont-de-Marsan', 'FR-MONT-DE-MARSAN'),
('en-US', 'Mont-de-Marsan', 'FR-MONT-DE-MARSAN'),
('en-US', 'Saint-Étienne', 'FR-SAINT-ETIENNE'),
('fr-FR', 'Saint-Étienne', 'FR-SAINT-ETIENNE'),
('en-US', 'Nantes', 'FR-NANTES'),
('fr-FR', 'Nantes', 'FR-NANTES'),
('en-US', 'Orléans', 'FR-ORLEANS'),
('fr-FR', 'Orléans', 'FR-ORLEANS'),
('en-US', 'Blois', 'FR-BLOIS'),
('fr-FR', 'Blois', 'FR-BLOIS'),
('fr-FR', 'Cahors', 'FR-CAHORS'),
('en-US', 'Cahors', 'FR-CAHORS'),
('en-US', 'Agen', 'FR-AGEN'),
('fr-FR', 'Agen', 'FR-AGEN'),
('en-US', 'Mende', 'FR-MENDE'),
('fr-FR', 'Mende', 'FR-MENDE'),
('en-US', 'Angers', 'FR-ANGERS'),
('fr-FR', 'Angers', 'FR-ANGERS'),
('fr-FR', 'Saint-Lô', 'FR-SAINT-LO'),
('en-US', 'Saint-Lô', 'FR-SAINT-LO'),
('fr-FR', 'Châlons-en-Champagne', 'FR-CHALONS-EN-CHAMPAGNE'),
('en-US', 'Châlons-en-Champagne', 'FR-CHALONS-EN-CHAMPAGNE'),
('fr-FR', 'Fort-de-France', 'FR-FORT-DE-FRANCE'),
('en-US', 'Fort-de-France', 'FR-FORT-DE-FRANCE'),
('fr-FR', 'Paris', 'FR-PARIS'),
('en-US', 'Paris', 'FR-PARIS'),
('en-US', 'Laval', 'FR-LAVAL'),
('fr-FR', 'Laval', 'FR-LAVAL'),
('fr-FR', 'Dzaoudzi', 'FR-DZAOUDZI'),
('en-US', 'Dzaoudzi', 'FR-DZAOUDZI'),
('en-US', 'Nancy', 'FR-NANCY'),
('fr-FR', 'Nancy', 'FR-NANCY'),
('en-US', 'Bar-le-Duc', 'FR-BAR-LE-DUC'),
('fr-FR', 'Bar-le-Duc', 'FR-BAR-LE-DUC'),
('en-US', 'Vannes', 'FR-VANNES'),
('fr-FR', 'Vannes', 'FR-VANNES'),
('en-US', 'Metz', 'FR-METZ'),
('fr-FR', 'Metz', 'FR-METZ'),
('en-US', 'Nevers', 'FR-NEVERS'),
('fr-FR', 'Nevers', 'FR-NEVERS'),
('en-US', 'Lille', 'FR-LILLE'),
('fr-FR', 'Lille', 'FR-LILLE'),
('fr-FR', 'Beauvais', 'FR-BEAUVAIS'),
('en-US', 'Beauvais', 'FR-BEAUVAIS'),
('en-US', 'Alençon', 'FR-ALENCON'),
('fr-FR', 'Alençon', 'FR-ALENCON'),
('fr-FR', 'Arras', 'FR-ARRAS'),
('en-US', 'Arras', 'FR-ARRAS'),
('en-US', 'Clermont-Ferrand', 'FR-CLERMONT-FERRAND'),
('fr-FR', 'Clermont-Ferrand', 'FR-CLERMONT-FERRAND'),
('fr-FR', 'Pau', 'FR-PAU'),
('en-US', 'Pau', 'FR-PAU'),
('en-US', 'Perpignan', 'FR-PERPIGNAN'),
('fr-FR', 'Perpignan', 'FR-PERPIGNAN'),
('en-US', 'Strasbourg', 'FR-STRASBOURG'),
('fr-FR', 'Strasbourg', 'FR-STRASBOURG'),
('fr-FR', 'Colmar', 'FR-COLMAR'),
('en-US', 'Colmar', 'FR-COLMAR'),
('en-US', 'Saint-Denis', 'FR-SAINT-DENIS'),
('fr-FR', 'Saint-Denis', 'FR-SAINT-DENIS'),
('fr-FR', 'Lyon', 'FR-LYON'),
('en-US', 'Lyon', 'FR-LYON'),
('en-US', 'Mâcon', 'FR-MACON'),
('fr-FR', 'Mâcon', 'FR-MACON'),
('en-US', 'Le Mans', 'FR-LE-MANS'),
('fr-FR', 'Le Mans', 'FR-LE-MANS'),
('fr-FR', 'Chambéry', 'FR-CHAMBERY'),
('en-US', 'Chambéry', 'FR-CHAMBERY'),
('en-US', 'Melun', 'FR-MELUN'),
('fr-FR', 'Melun', 'FR-MELUN'),
('en-US', 'Rouen', 'FR-ROUEN'),
('fr-FR', 'Rouen', 'FR-ROUEN'),
('fr-FR', 'Bobigny', 'FR-BOBIGNY'),
('en-US', 'Bobigny', 'FR-BOBIGNY'),
('en-US', 'Amiens', 'FR-AMIENS'),
('fr-FR', 'Amiens', 'FR-AMIENS'),
('fr-FR', 'Albi', 'FR-ALBI'),
('en-US', 'Albi', 'FR-ALBI'),
('en-US', 'Montauban', 'FR-MONTAUBAN'),
('fr-FR', 'Montauban', 'FR-MONTAUBAN'),
('en-US', 'Belfort', 'FR-BELFORT'),
('fr-FR', 'Belfort', 'FR-BELFORT'),
('en-US', 'Créteil', 'FR-CRETEIL'),
('fr-FR', 'Créteil', 'FR-CRETEIL'),
('fr-FR', 'Pontoise', 'FR-PONTOISE'),
('en-US', 'Pontoise', 'FR-PONTOISE'),
('en-US', 'Toulon', 'FR-TOULON'),
('fr-FR', 'Toulon', 'FR-TOULON'),
('en-US', 'Avignon', 'FR-AVIGNON'),
('fr-FR', 'Avignon', 'FR-AVIGNON'),
('fr-FR', 'La Roche-sur-Yon', 'FR-LA-ROCHE-SUR-YON'),
('en-US', 'La Roche-sur-Yon', 'FR-LA-ROCHE-SUR-YON'),
('en-US', 'Poitiers', 'FR-POITIERS'),
('fr-FR', 'Poitiers', 'FR-POITIERS'),
('en-US', 'Épinal', 'FR-EPINAL'),
('fr-FR', 'Épinal', 'FR-EPINAL'),
('en-US', 'Auxerre', 'FR-AUXERRE'),
('fr-FR', 'Auxerre', 'FR-AUXERRE'),
('fr-FR', 'Versailles', 'FR-VERSAILLES'),
('en-US', 'Versailles', 'FR-VERSAILLES'),
('es-ES', 'Ain', 'FR-01'),
('fr-FR', 'Ain', 'FR-01'),
('pt-PT', 'Ain', 'FR-01'),
('en-US', 'Ain', 'FR-01'),
('de-DE', 'Ain', 'FR-01'),
('en-US', 'Aisne', 'FR-02'),
('pt-PT', 'Aisne', 'FR-02'),
('es-ES', 'Aisne', 'FR-02'),
('fr-FR', 'Aisne', 'FR-02'),
('de-DE', 'Aisne', 'FR-02'),
('pt-PT', 'Allier', 'FR-03'),
('de-DE', 'Allier', 'FR-03'),
('fr-FR', 'Allier', 'FR-03'),
('en-US', 'Allier', 'FR-03'),
('es-ES', 'Allier', 'FR-03'),
('pt-PT', 'Alpes da Alta Provença', 'FR-04'),
('de-DE', 'Alpes-de-Haute-Provence', 'FR-04'),
('fr-FR', 'Alpes-de-Haute-Provence', 'FR-04'),
('es-ES', 'Alpes', 'FR-04'),
('en-US', 'Alpes-de-Haute-Provence', 'FR-04'),
('fr-FR', 'Alpes-Maritimes', 'FR-06'),
('de-DE', 'Alpes-Maritimes', 'FR-06'),
('es-ES', 'Alpes-Marítimos', 'FR-06'),
('pt-PT', 'Alpes Marítimos', 'FR-06'),
('en-US', 'Alpes-Maritimes', 'FR-06'),
('es-ES', 'Ardèche', 'FR-07'),
('de-DE', 'Ardèche', 'FR-07'),
('en-US', 'Ardèche', 'FR-07'),
('fr-FR', 'Ardèche', 'FR-07'),
('pt-PT', 'Ardèche', 'FR-07'),
('de-DE', 'Ardennen', 'FR-08'),
('fr-FR', 'Ardennes', 'FR-08'),
('en-US', 'Ardennes', 'FR-08'),
('pt-PT', 'Ardenas', 'FR-08'),
('es-ES', 'Ardenas', 'FR-08'),
('es-ES', 'Ariège', 'FR-09'),
('en-US', 'Ariège', 'FR-09'),
('de-DE', 'Ariège', 'FR-09'),
('pt-PT', 'Ariège', 'FR-09'),
('fr-FR', 'Ariège', 'FR-09'),
('pt-PT', 'Aube', 'FR-10'),
('en-US', 'Aube', 'FR-10'),
('es-ES', 'Aube', 'FR-10'),
('fr-FR', 'Aube', 'FR-10'),
('de-DE', 'Aube', 'FR-10'),
('en-US', 'Aude', 'FR-11'),
('es-ES', 'Aude', 'FR-11'),
('de-DE', 'Aude', 'FR-11'),
('fr-FR', 'Aude', 'FR-11'),
('pt-PT', 'Aude', 'FR-11'),
('de-DE', 'Aveyron', 'FR-12'),
('fr-FR', 'Aveyron', 'FR-12'),
('en-US', 'Aveyron', 'FR-12'),
('es-ES', 'Aveyron', 'FR-12'),
('pt-PT', 'Aveyron', 'FR-12'),
('pt-PT', 'Bocas do Ródano', 'FR-13'),
('fr-FR', 'Bouches-du-Rhône', 'FR-13'),
('en-US', 'Bouches-du-Rhône', 'FR-13'),
('de-DE', 'Bouches-du-Rhône', 'FR-13'),
('es-ES', 'Bocas', 'FR-13'),
('de-DE', 'Calvados', 'FR-14'),
('en-US', 'Calvados', 'FR-14'),
('es-ES', 'Calvados', 'FR-14'),
('fr-FR', 'Calvados', 'FR-14'),
('pt-PT', 'Calvados', 'FR-14'),
('fr-FR', 'Cantal', 'FR-15'),
('de-DE', 'Cantal', 'FR-15'),
('en-US', 'Cantal', 'FR-15'),
('es-ES', 'Cantal', 'FR-15'),
('pt-PT', 'Cantal', 'FR-15'),
('es-ES', 'Charente', 'FR-16'),
('en-US', 'Charente', 'FR-16'),
('pt-PT', 'Charente', 'FR-16'),
('de-DE', 'Charente', 'FR-16'),
('fr-FR', 'Charente', 'FR-16'),
('pt-PT', 'Charente Marítimo', 'FR-17'),
('fr-FR', 'Charente-Maritime', 'FR-17'),
('es-ES', 'Charente', 'FR-17'),
('en-US', 'Charente-Maritime', 'FR-17'),
('de-DE', 'Charente-Maritime', 'FR-17'),
('pt-PT', 'Cher', 'FR-18'),
('de-DE', 'Cher', 'FR-18'),
('fr-FR', 'Cher', 'FR-18'),
('en-US', 'Cher', 'FR-18'),
('es-ES', 'Cher', 'FR-18'),
('pt-PT', 'Corrèze', 'FR-19'),
('es-ES', 'Corrèze', 'FR-19'),
('de-DE', 'Corrèze', 'FR-19'),
('en-US', 'Corrèze', 'FR-19'),
('fr-FR', 'Corrèze', 'FR-19'),
('fr-FR', 'Corse-du-Sud', 'FR-2A'),
('pt-PT', 'Córsega do Sul', 'FR-2A'),
('en-US', 'Corse-du-Sud', 'FR-2A'),
('es-ES', 'Córcega', 'FR-2A'),
('de-DE', 'Corse-du-Sud', 'FR-2A'),
('de-DE', 'Côte-d''Or', 'FR-21'),
('fr-FR', 'Côte-d''Or', 'FR-21'),
('es-ES', 'Côte-d''Or', 'FR-21'),
('pt-PT', 'Côte-d''Or', 'FR-21'),
('en-US', 'Côte-d''Or', 'FR-21'),
('de-DE', 'Côtes-d''Armor', 'FR-22'),
('en-US', 'Côtes-d''Armor', 'FR-22'),
('fr-FR', 'Côtes-d''Armor', 'FR-22'),
('pt-PT', 'Côtes-d''Armor', 'FR-22'),
('es-ES', 'Costas', 'FR-22'),
('de-DE', 'Creuse', 'FR-23'),
('pt-PT', 'Creuse', 'FR-23'),
('en-US', 'Creuse', 'FR-23'),
('fr-FR', 'Creuse', 'FR-23'),
('es-ES', 'Creuse', 'FR-23'),
('es-ES', 'Deux-Sèvres', 'FR-79'),
('en-US', 'Deux-Sèvres', 'FR-79'),
('fr-FR', 'Deux-Sèvres', 'FR-79'),
('de-DE', 'Deux-Sèvres', 'FR-79'),
('pt-PT', 'Deux-Sèvres', 'FR-79'),
('en-US', 'Dordogne', 'FR-24'),
('es-ES', 'Dordoña', 'FR-24'),
('de-DE', 'Dordogne', 'FR-24'),
('pt-PT', 'Dordonha', 'FR-24'),
('fr-FR', 'Dordogne', 'FR-24'),
('pt-PT', 'Doubs', 'FR-25'),
('es-ES', 'Doubs', 'FR-25'),
('en-US', 'Doubs', 'FR-25'),
('fr-FR', 'Doubs', 'FR-25'),
('de-DE', 'Doubs', 'FR-25'),
('de-DE', 'Drôme', 'FR-26'),
('pt-PT', 'Drôme', 'FR-26'),
('fr-FR', 'Drôme', 'FR-26'),
('en-US', 'Drôme', 'FR-26'),
('es-ES', 'Drôme', 'FR-26'),
('fr-FR', 'Essonne', 'FR-91'),
('en-US', 'Essonne', 'FR-91'),
('pt-PT', 'Essonne', 'FR-91'),
('de-DE', 'Essonne', 'FR-91'),
('es-ES', 'Essonne', 'FR-91'),
('de-DE', 'Eure', 'FR-27'),
('en-US', 'Eure', 'FR-27'),
('pt-PT', 'Eure', 'FR-27'),
('fr-FR', 'Eure', 'FR-27'),
('es-ES', 'Eure', 'FR-27'),
('fr-FR', 'Eure-et-Loir', 'FR-28'),
('de-DE', 'Eure-et-Loir', 'FR-28'),
('en-US', 'Eure-et-Loir', 'FR-28'),
('es-ES', 'Eure', 'FR-28'),
('pt-PT', 'Eure e Loir', 'FR-28'),
('en-US', 'Finistère', 'FR-29'),
('fr-FR', 'Finistère', 'FR-29'),
('es-ES', 'Finisterre', 'FR-29'),
('pt-PT', 'Finistère', 'FR-29'),
('de-DE', 'Finistère', 'FR-29'),
('en-US', 'Guyane', 'FR-973'),
('es-ES', 'Guayana Francesa', 'FR-973'),
('es-ES', 'Guyana', 'FR-973'),
('pt-PT', 'Guiana', 'FR-973'),
('de-DE', 'Französisch-Guayana', 'FR-973'),
('fr-FR', 'Guyane', 'FR-973'),
('en-US', 'Gard', 'FR-30'),
('de-DE', 'Gard', 'FR-30'),
('fr-FR', 'Gard', 'FR-30'),
('es-ES', 'Gard', 'FR-30'),
('pt-PT', 'Gard', 'FR-30'),
('es-ES', 'Gers', 'FR-32'),
('en-US', 'Gers', 'FR-32'),
('pt-PT', 'Gers', 'FR-32'),
('de-DE', 'Gers', 'FR-32'),
('fr-FR', 'Gers', 'FR-32'),
('en-US', 'Gironde', 'FR-33'),
('de-DE', 'Gironde', 'FR-33'),
('es-ES', 'Gironda', 'FR-33'),
('fr-FR', 'Gironde', 'FR-33'),
('pt-PT', 'Gironda', 'FR-33'),
('fr-FR', 'Guadeloupe', 'FR-971'),
('de-DE', 'Guadeloupe', 'FR-971'),
('en-US', 'Guadeloupe', 'FR-971'),
('es-ES', 'Guadelupe', 'FR-971'),
('pt-PT', 'Guadalupe', 'FR-971'),
('es-ES', 'Alta', 'FR-2B'),
('fr-FR', 'Haute-Corse', 'FR-2B'),
('pt-PT', 'Alta Córsega', 'FR-2B'),
('de-DE', 'Haute-Corse', 'FR-2B'),
('en-US', 'Haute-Corse', 'FR-2B'),
('fr-FR', 'Haute-Garonne', 'FR-31'),
('en-US', 'Haute-Garonne', 'FR-31'),
('pt-PT', 'Alto Garona', 'FR-31'),
('es-ES', 'Alto', 'FR-31'),
('de-DE', 'Haute-Garonne', 'FR-31'),
('pt-PT', 'Alto Loire', 'FR-43'),
('en-US', 'Haute-Loire', 'FR-43'),
('fr-FR', 'Haute-Loire', 'FR-43'),
('es-ES', 'Alto', 'FR-43'),
('de-DE', 'Haute-Loire', 'FR-43'),
('de-DE', 'Haute-Marne', 'FR-52'),
('fr-FR', 'Haute-Marne', 'FR-52'),
('en-US', 'Haute-Marne', 'FR-52'),
('es-ES', 'Alto', 'FR-52'),
('pt-PT', 'Alto Marne', 'FR-52'),
('de-DE', 'Hautes-Alpes', 'FR-05'),
('en-US', 'Hautes-Alpes', 'FR-05'),
('es-ES', 'Altos', 'FR-05'),
('pt-PT', 'Altos Alpes', 'FR-05'),
('fr-FR', 'Hautes-Alpes', 'FR-05'),
('fr-FR', 'Haute-Saône', 'FR-70'),
('es-ES', 'Alto', 'FR-70'),
('pt-PT', 'Alto Sona', 'FR-70'),
('en-US', 'Haute-Saône', 'FR-70'),
('de-DE', 'Haute-Saône', 'FR-70'),
('fr-FR', 'Haute-Savoie', 'FR-74'),
('de-DE', 'Haute-Savoie', 'FR-74'),
('es-ES', 'Alta', 'FR-74'),
('en-US', 'Haute-Savoie', 'FR-74'),
('pt-PT', 'Alta Saboia', 'FR-74'),
('pt-PT', 'Altos Pirenéus', 'FR-65'),
('en-US', 'Hautes-Pyrénées', 'FR-65'),
('de-DE', 'Hautes-Pyrénées', 'FR-65'),
('fr-FR', 'Hautes-Pyrénées', 'FR-65'),
('es-ES', 'Altos', 'FR-65'),
('en-US', 'Haute-Vienne', 'FR-87'),
('de-DE', 'Haute-Vienne', 'FR-87'),
('es-ES', 'Alto', 'FR-87'),
('pt-PT', 'Alto Vienne', 'FR-87'),
('fr-FR', 'Haute-Vienne', 'FR-87'),
('en-US', 'Hauts-de-Seine', 'FR-92'),
('es-ES', 'Altos', 'FR-92'),
('de-DE', 'Hauts-de-Seine', 'FR-92'),
('pt-PT', 'Altos do Sena', 'FR-92'),
('fr-FR', 'Hauts-de-Seine', 'FR-92'),
('en-US', 'Hérault', 'FR-34'),
('fr-FR', 'Hérault', 'FR-34'),
('de-DE', 'Hérault', 'FR-34'),
('pt-PT', 'Hérault', 'FR-34'),
('es-ES', 'Hérault', 'FR-34'),
('fr-FR', 'Ille-et-Vilaine', 'FR-35'),
('en-US', 'Ille-et-Vilaine', 'FR-35'),
('pt-PT', 'Ille e Vilaine', 'FR-35'),
('de-DE', 'Ille-et-Vilaine', 'FR-35'),
('es-ES', 'Ille', 'FR-35'),
('de-DE', 'Indre', 'FR-36'),
('pt-PT', 'Indre', 'FR-36'),
('fr-FR', 'Indre', 'FR-36'),
('es-ES', 'Indre', 'FR-36'),
('en-US', 'Indre', 'FR-36'),
('pt-PT', 'Indre e Loire', 'FR-37'),
('fr-FR', 'Indre-et-Loire', 'FR-37'),
('en-US', 'Indre-et-Loire', 'FR-37'),
('es-ES', 'Indre', 'FR-37'),
('de-DE', 'Indre-et-Loire', 'FR-37'),
('es-ES', 'Isère', 'FR-38'),
('fr-FR', 'Isère', 'FR-38'),
('de-DE', 'Isère', 'FR-38'),
('pt-PT', 'Isère', 'FR-38'),
('en-US', 'Isère', 'FR-38'),
('en-US', 'Jura', 'FR-39'),
('de-DE', 'Jura', 'FR-39'),
('es-ES', 'Jura', 'FR-39'),
('pt-PT', 'Jura', 'FR-39'),
('fr-FR', 'Jura', 'FR-39'),
('en-US', 'Landes', 'FR-40'),
('fr-FR', 'Landes', 'FR-40'),
('es-ES', 'Landas', 'FR-40'),
('pt-PT', 'Landes', 'FR-40'),
('de-DE', 'Landes', 'FR-40'),
('de-DE', 'Loire', 'FR-42'),
('es-ES', 'Loira', 'FR-42'),
('en-US', 'Loire', 'FR-42'),
('pt-PT', 'Loire', 'FR-42'),
('fr-FR', 'Loire', 'FR-42'),
('de-DE', 'Loire-Atlantique', 'FR-44'),
('en-US', 'Loire-Atlantique', 'FR-44'),
('pt-PT', 'Loire Atlântico', 'FR-44'),
('es-ES', 'Loira', 'FR-44'),
('fr-FR', 'Loire-Atlantique', 'FR-44'),
('fr-FR', 'Loiret', 'FR-45'),
('es-ES', 'Loiret', 'FR-45'),
('pt-PT', 'Loiret', 'FR-45'),
('de-DE', 'Loiret', 'FR-45'),
('en-US', 'Loiret', 'FR-45'),
('en-US', 'Loir-et-Cher', 'FR-41'),
('fr-FR', 'Loir-et-Cher', 'FR-41'),
('es-ES', 'Loir', 'FR-41'),
('pt-PT', 'Loir e Cher', 'FR-41'),
('de-DE', 'Loir-et-Cher', 'FR-41'),
('de-DE', 'Lot', 'FR-46'),
('es-ES', 'Lot', 'FR-46'),
('fr-FR', 'Lot', 'FR-46'),
('pt-PT', 'Lot', 'FR-46'),
('en-US', 'Lot', 'FR-46'),
('de-DE', 'Lot-et-Garonne', 'FR-47'),
('fr-FR', 'Lot-et-Garonne', 'FR-47'),
('en-US', 'Lot-et-Garonne', 'FR-47'),
('es-ES', 'Lot', 'FR-47'),
('pt-PT', 'Lot e Garona', 'FR-47'),
('en-US', 'Lozère', 'FR-48'),
('de-DE', 'Lozère', 'FR-48'),
('pt-PT', 'Lozère', 'FR-48'),
('es-ES', 'Lozère', 'FR-48'),
('fr-FR', 'Lozère', 'FR-48'),
('en-US', 'Maine-et-Loire', 'FR-49'),
('fr-FR', 'Maine-et-Loire', 'FR-49'),
('pt-PT', 'Maine e Loire', 'FR-49'),
('es-ES', 'Maine', 'FR-49'),
('de-DE', 'Maine-et-Loire', 'FR-49'),
('pt-PT', 'Mancha', 'FR-50'),
('en-US', 'Manche', 'FR-50'),
('es-ES', 'Mancha', 'FR-50'),
('de-DE', 'Manche', 'FR-50'),
('fr-FR', 'Manche', 'FR-50'),
('de-DE', 'Marne', 'FR-51'),
('pt-PT', 'Marne', 'FR-51'),
('fr-FR', 'Marne', 'FR-51'),
('es-ES', 'Marne', 'FR-51'),
('en-US', 'Marne', 'FR-51'),
('en-US', 'Martinique', 'FR-972'),
('pt-PT', 'Martinica', 'FR-972'),
('de-DE', 'Martinique', 'FR-972'),
('es-ES', 'Martinica', 'FR-972'),
('fr-FR', 'Martinique', 'FR-972'),
('fr-FR', 'Paris', 'FR-75'),
('pt-PT', 'Paris (coletividade com estatuto especial)', 'FR-75'),
('de-DE', 'Paris', 'FR-75'),
('en-US', 'Paris', 'FR-75'),
('es-ES', 'París', 'FR-75'),
('fr-FR', 'Mayenne', 'FR-53'),
('es-ES', 'Mayenne', 'FR-53'),
('pt-PT', 'Mayenne', 'FR-53'),
('de-DE', 'Mayenne', 'FR-53'),
('en-US', 'Mayenne', 'FR-53'),
('de-DE', 'Mayotte', 'FR-976'),
('es-ES', 'Mayotte', 'FR-976'),
('pt-PT', 'Maiote', 'FR-976'),
('en-US', 'Mayotte', 'FR-976'),
('fr-FR', 'Mayotte', 'FR-976'),
('en-US', 'Meurthe-et-Moselle', 'FR-54'),
('es-ES', 'Meurthe', 'FR-54'),
('de-DE', 'Meurthe-et-Moselle', 'FR-54'),
('fr-FR', 'Meurthe-et-Moselle', 'FR-54'),
('pt-PT', 'Meurthe e Mosela', 'FR-54'),
('fr-FR', 'Meuse', 'FR-55'),
('pt-PT', 'Mosa', 'FR-55'),
('en-US', 'Meuse', 'FR-55'),
('de-DE', 'Meuse', 'FR-55'),
('es-ES', 'Mosa', 'FR-55'),
('pt-PT', 'Morbihan', 'FR-56'),
('fr-FR', 'Morbihan', 'FR-56'),
('en-US', 'Morbihan', 'FR-56'),
('de-DE', 'Morbihan', 'FR-56'),
('es-ES', 'Morbihan', 'FR-56'),
('fr-FR', 'Moselle', 'FR-57'),
('es-ES', 'Mosela', 'FR-57'),
('en-US', 'Moselle', 'FR-57'),
('pt-PT', 'Mosela', 'FR-57'),
('de-DE', 'Moselle', 'FR-57'),
('en-US', 'Nièvre', 'FR-58'),
('fr-FR', 'Nièvre', 'FR-58'),
('es-ES', 'Nièvre', 'FR-58'),
('pt-PT', 'Nièvre', 'FR-58'),
('de-DE', 'Nièvre', 'FR-58'),
('es-ES', 'Norte', 'FR-59'),
('fr-FR', 'Nord', 'FR-59'),
('pt-PT', 'Norte', 'FR-59'),
('en-US', 'Nord', 'FR-59'),
('de-DE', 'Nord', 'FR-59'),
('es-ES', 'Oise', 'FR-60'),
('de-DE', 'Oise', 'FR-60'),
('en-US', 'Oise', 'FR-60'),
('fr-FR', 'Oise', 'FR-60'),
('pt-PT', 'Oise', 'FR-60'),
('en-US', 'Orne', 'FR-61'),
('fr-FR', 'Orne', 'FR-61'),
('de-DE', 'Orne', 'FR-61'),
('es-ES', 'Orne', 'FR-61'),
('pt-PT', 'Orne', 'FR-61'),
('en-US', 'Pas-de-Calais', 'FR-62'),
('de-DE', 'Pas-de-Calais', 'FR-62'),
('es-ES', 'Paso', 'FR-62'),
('fr-FR', 'Pas-de-Calais', 'FR-62'),
('pt-PT', 'Pas-de-Calais', 'FR-62'),
('de-DE', 'Puy-de-Dôme', 'FR-63'),
('en-US', 'Puy-de-Dôme', 'FR-63'),
('fr-FR', 'Puy-de-Dôme', 'FR-63'),
('es-ES', 'Puy-de-Dôme', 'FR-63'),
('pt-PT', 'Puy-de-Dôme', 'FR-63'),
('en-US', 'Pyrénées-Atlantiques', 'FR-64'),
('fr-FR', 'Pyrénées-Atlantiques', 'FR-64'),
('es-ES', 'Pirineos', 'FR-64'),
('pt-PT', 'Pirenéus Atlânticos', 'FR-64'),
('de-DE', 'Pyrénées-Atlantiques', 'FR-64'),
('de-DE', 'Pyrénées-Orientales', 'FR-66'),
('fr-FR', 'Pyrénées-Orientales', 'FR-66'),
('en-US', 'Pyrénées-Orientales', 'FR-66'),
('es-ES', 'Pirineos', 'FR-66'),
('pt-PT', 'Pirenéus Orientais', 'FR-66'),
('en-US', 'Bas-Rhin', 'FR-67'),
('de-DE', 'Bas-Rhin', 'FR-67'),
('es-ES', 'Bajo', 'FR-67'),
('pt-PT', 'Baixo Reno', 'FR-67'),
('fr-FR', 'Bas-Rhin', 'FR-67'),
('en-US', 'Haut-Rhin', 'FR-68'),
('de-DE', 'Haut-Rhin', 'FR-68'),
('pt-PT', 'Alto Reno', 'FR-68'),
('es-ES', 'Alto', 'FR-68'),
('fr-FR', 'Haut-Rhin', 'FR-68'),
('en-US', 'La Réunion', 'FR-974'),
('es-ES', 'Reunión', 'FR-974'),
('fr-FR', 'La Réunion', 'FR-974'),
('de-DE', 'Réunion', 'FR-974'),
('pt-PT', 'Reunião', 'FR-974'),
('de-DE', 'Rhône', 'FR-69'),
('es-ES', 'Ródano', 'FR-69'),
('en-US', 'Rhône', 'FR-69'),
('fr-FR', 'Rhône', 'FR-69'),
('pt-PT', 'Ródano', 'FR-69'),
('de-DE', 'Saône-et-Loire', 'FR-71'),
('fr-FR', 'Saône-et-Loire', 'FR-71'),
('en-US', 'Saône-et-Loire', 'FR-71'),
('pt-PT', 'Sona e Loire', 'FR-71'),
('es-ES', 'Saona', 'FR-71'),
('fr-FR', 'Sarthe', 'FR-72'),
('pt-PT', 'Sarthe', 'FR-72'),
('en-US', 'Sarthe', 'FR-72'),
('es-ES', 'Sarthe', 'FR-72'),
('de-DE', 'Sarthe', 'FR-72'),
('pt-PT', 'Saboia', 'FR-73'),
('de-DE', 'Savoie', 'FR-73'),
('en-US', 'Savoie', 'FR-73'),
('fr-FR', 'Savoie', 'FR-73'),
('es-ES', 'Saboya', 'FR-73'),
('en-US', 'Seine-et-Marne', 'FR-77'),
('pt-PT', 'Sena e Marne', 'FR-77'),
('de-DE', 'Seine-et-Marne', 'FR-77'),
('fr-FR', 'Seine-et-Marne', 'FR-77'),
('es-ES', 'Sena', 'FR-77'),
('fr-FR', 'Seine-Maritime', 'FR-76'),
('es-ES', 'Sena', 'FR-76'),
('en-US', 'Seine-Maritime', 'FR-76'),
('de-DE', 'Seine-Maritime', 'FR-76'),
('pt-PT', 'Sena Marítimo', 'FR-76'),
('es-ES', 'Sena-San', 'FR-93'),
('fr-FR', 'Seine-Saint-Denis', 'FR-93'),
('pt-PT', 'Sena-Saint-Denis', 'FR-93'),
('en-US', 'Seine-Saint-Denis', 'FR-93'),
('de-DE', 'Seine-Saint-Denis', 'FR-93'),
('en-US', 'Somme', 'FR-80'),
('pt-PT', 'Somme', 'FR-80'),
('es-ES', 'Somme', 'FR-80'),
('fr-FR', 'Somme', 'FR-80'),
('de-DE', 'Somme', 'FR-80'),
('pt-PT', 'Tarn', 'FR-81'),
('en-US', 'Tarn', 'FR-81'),
('de-DE', 'Tarn', 'FR-81'),
('fr-FR', 'Tarn', 'FR-81'),
('es-ES', 'Tarn', 'FR-81'),
('fr-FR', 'Tarn-et-Garonne', 'FR-82'),
('de-DE', 'Tarn-et-Garonne', 'FR-82'),
('pt-PT', 'Tarn e Garona', 'FR-82'),
('en-US', 'Tarn-et-Garonne', 'FR-82'),
('es-ES', 'Tarn', 'FR-82'),
('en-US', 'Territoire de Belfort', 'FR-90'),
('de-DE', 'Territoire', 'FR-90'),
('es-ES', 'Territorio de Belfort', 'FR-90'),
('pt-PT', 'Território de Belfort', 'FR-90'),
('fr-FR', 'Territoire de Belfort', 'FR-90'),
('es-ES', 'Valle', 'FR-94'),
('pt-PT', 'Vale do Marne', 'FR-94'),
('fr-FR', 'Val-de-Marne', 'FR-94'),
('en-US', 'Val-de-Marne', 'FR-94'),
('de-DE', 'Val-de-Marne', 'FR-94'),
('fr-FR', 'Val-d''Oise', 'FR-95'),
('es-ES', 'Valle', 'FR-95'),
('de-DE', 'Val-d''Oise', 'FR-95'),
('pt-PT', 'Val-d''Oise', 'FR-95'),
('en-US', 'Val-d''Oise', 'FR-95'),
('fr-FR', 'Var', 'FR-83'),
('en-US', 'Var', 'FR-83'),
('es-ES', 'Var', 'FR-83'),
('de-DE', 'Var', 'FR-83'),
('pt-PT', 'Var', 'FR-83'),
('en-US', 'Vaucluse', 'FR-84'),
('fr-FR', 'Vaucluse', 'FR-84'),
('pt-PT', 'Vaucluse', 'FR-84'),
('de-DE', 'Vaucluse', 'FR-84'),
('es-ES', 'Vaucluse', 'FR-84'),
('de-DE', 'Vendée', 'FR-85'),
('fr-FR', 'Vendée', 'FR-85'),
('es-ES', 'Vandea', 'FR-85'),
('pt-PT', 'Vendeia', 'FR-85'),
('en-US', 'Vendée', 'FR-85'),
('fr-FR', 'Vienne', 'FR-86'),
('de-DE', 'Vienne', 'FR-86'),
('es-ES', 'Vienne', 'FR-86'),
('en-US', 'Vienne', 'FR-86'),
('pt-PT', 'Vienne', 'FR-86'),
('fr-FR', 'Vosges', 'FR-88'),
('de-DE', 'Vosges', 'FR-88'),
('en-US', 'Vosges', 'FR-88'),
('es-ES', 'Vosgos', 'FR-88'),
('pt-PT', 'Vosges', 'FR-88'),
('fr-FR', 'Yonne', 'FR-89'),
('es-ES', 'Yonne', 'FR-89'),
('pt-PT', 'Yonne', 'FR-89'),
('en-US', 'Yonne', 'FR-89'),
('de-DE', 'Yonne', 'FR-89'),
('en-US', 'Yvelines', 'FR-78'),
('de-DE', 'Yvelines', 'FR-78'),
('fr-FR', 'Yvelines', 'FR-78'),
('es-ES', 'Yvelines', 'FR-78'),
('pt-PT', 'Yvelines', 'FR-78'),
('fr-FR', 'Auvergne-Rhône-Alpes', 'FR-ARA'),
('es-ES', 'Auvernia-Ródano-Alpes', 'FR-ARA'),
('de-DE', 'Auvergne-Rhône-Alpes', 'FR-ARA'),
('en-US', 'Auvergne-Rhône-Alpes', 'FR-ARA'),
('pt-PT', 'Auvergne-Ródano-Alpes', 'FR-ARA'),
('fr-FR', 'Bourgogne-Franche-Comté', 'FR-BFC'),
('de-DE', 'Burgund-Franche-Comté', 'FR-BFC'),
('es-ES', 'Borgoña-Franco Condado', 'FR-BFC'),
('en-US', 'Burgundy-Franche-Comté', 'FR-BFC'),
('pt-PT', 'Borgonha-Franco-Condado', 'FR-BFC'),
('de-DE', 'Bretagne', 'FR-BRE'),
('es-ES', 'Bretaña', 'FR-BRE'),
('fr-FR', 'Bretagne', 'FR-BRE'),
('pt-PT', 'Bretanha', 'FR-BRE'),
('en-US', 'Brittany', 'FR-BRE'),
('de-DE', 'Centre-Val de Loire', 'FR-CVL'),
('es-ES', 'Centro-Valle de Loira', 'FR-CVL'),
('pt-PT', 'Centro-Vale do Loire', 'FR-CVL'),
('en-US', 'Centre-Val de Loire', 'FR-CVL'),
('fr-FR', 'Centre-Val de Loire', 'FR-CVL'),
('pt-PT', 'Córsega', 'FR-20R'),
('en-US', 'Corsica', 'FR-20R'),
('es-ES', 'Córcega', 'FR-20R'),
('de-DE', 'Korsika', 'FR-20R'),
('fr-FR', 'Corse', 'FR-20R'),
('fr-FR', 'Grand Est', 'FR-GES'),
('de-DE', 'Grand Est', 'FR-GES'),
('pt-PT', 'Grande Leste', 'FR-GES'),
('es-ES', 'Gran Este', 'FR-GES'),
('en-US', 'Grand Est', 'FR-GES'),
('pt-PT', 'Alto da França', 'FR-HDF'),
('en-US', 'Hauts-de-France', 'FR-HDF'),
('de-DE', 'Hauts-de-France', 'FR-HDF'),
('fr-FR', 'Hauts-de-France', 'FR-HDF'),
('es-ES', 'Altos de Francia', 'FR-HDF'),
('fr-FR', 'Île-de-France', 'FR-IDF'),
('es-ES', 'Isla de Francia', 'FR-IDF'),
('pt-PT', 'Ilha de França', 'FR-IDF'),
('de-DE', 'Île-de-France', 'FR-IDF'),
('en-US', 'Île-de-France', 'FR-IDF'),
('fr-FR', 'Normandie', 'FR-NOR'),
('de-DE', 'Normandie', 'FR-NOR'),
('en-US', 'Normandy', 'FR-NOR'),
('es-ES', 'Normandía', 'FR-NOR'),
('pt-PT', 'Normandia', 'FR-NOR'),
('pt-PT', 'Nova Aquitânia', 'FR-NAQ'),
('en-US', 'Nouvelle-Aquitaine', 'FR-NAQ'),
('fr-FR', 'Nouvelle-Aquitaine', 'FR-NAQ'),
('de-DE', 'Nouvelle-Aquitaine', 'FR-NAQ'),
('es-ES', 'Nueva Aquitania', 'FR-NAQ'),
('pt-PT', 'Occitânia', 'FR-OCC'),
('en-US', 'Occitanie', 'FR-OCC'),
('de-DE', 'Okzitanien', 'FR-OCC'),
('es-ES', 'Occitania', 'FR-OCC'),
('fr-FR', 'Occitanie', 'FR-OCC'),
('es-ES', 'País del Loira', 'FR-PDL'),
('en-US', 'Pays de la Loire', 'FR-PDL'),
('pt-PT', 'País do Loire', 'FR-PDL'),
('de-DE', 'Pays de la Loire', 'FR-PDL'),
('fr-FR', 'Pays de la Loire', 'FR-PDL'),
('de-DE', 'Provence-Alpes-Côte d''Azur', 'FR-PAC'),
('fr-FR', 'Provence-Alpes-Côte d''Azur', 'FR-PAC'),
('es-ES', 'Provenza-Alpes-Costa Azul', 'FR-PAC'),
('en-US', 'Provence-Alpes-Côte d''Azur', 'FR-PAC'),
('pt-PT', 'Provença-Alpes-Costa Azul', 'FR-PAC'),
('en-US', 'Sapporo', 'JP-SAPPORO'),
('de-DE', 'Sapporo', 'JP-SAPPORO'),
('fr-FR', 'Sapporo', 'JP-SAPPORO'),
('es-ES', 'Sapporo', 'JP-SAPPORO'),
('pt-PT', 'Sapporo', 'JP-SAPPORO'),
('de-DE', 'Aomori', 'JP-AOMORI'),
('fr-FR', 'Aomori', 'JP-AOMORI'),
('es-ES', 'Aomori', 'JP-AOMORI'),
('en-US', 'Aomori', 'JP-AOMORI'),
('pt-PT', 'Aomori', 'JP-AOMORI'),
('fr-FR', 'Morioka', 'JP-MORIOKA'),
('en-US', 'Morioka', 'JP-MORIOKA'),
('pt-PT', 'Morioka', 'JP-MORIOKA'),
('es-ES', 'Morioka', 'JP-MORIOKA'),
('de-DE', 'Morioka', 'JP-MORIOKA'),
('de-DE', 'Sendai', 'JP-SENDAI'),
('en-US', 'Sendai', 'JP-SENDAI'),
('fr-FR', 'Sendai', 'JP-SENDAI'),
('pt-PT', 'Sendai', 'JP-SENDAI'),
('es-ES', 'Sendai', 'JP-SENDAI'),
('fr-FR', 'Akita', 'JP-AKITA'),
('de-DE', 'Akita', 'JP-AKITA'),
('es-ES', 'Akita', 'JP-AKITA'),
('pt-PT', 'Akita', 'JP-AKITA'),
('en-US', 'Akita', 'JP-AKITA'),
('en-US', 'Yamagata', 'JP-YAMAGATA'),
('es-ES', 'Yamagata', 'JP-YAMAGATA'),
('fr-FR', 'Yamagata', 'JP-YAMAGATA'),
('de-DE', 'Yamagata', 'JP-YAMAGATA'),
('pt-PT', 'Yamagata', 'JP-YAMAGATA'),
('es-ES', 'Fukushima', 'JP-FUKUSHIMA'),
('pt-PT', 'Fukushima', 'JP-FUKUSHIMA'),
('en-US', 'Fukushima', 'JP-FUKUSHIMA'),
('fr-FR', 'Fukushima', 'JP-FUKUSHIMA'),
('de-DE', 'Fukushima', 'JP-FUKUSHIMA'),
('fr-FR', 'Mito', 'JP-MITO'),
('de-DE', 'Mito', 'JP-MITO'),
('en-US', 'Mito', 'JP-MITO'),
('es-ES', 'Mito', 'JP-MITO'),
('pt-PT', 'Mito', 'JP-MITO'),
('en-US', 'Utsunomiya', 'JP-UTSUNOMIYA'),
('pt-PT', 'Utsunomiya', 'JP-UTSUNOMIYA'),
('fr-FR', 'Utsunomiya', 'JP-UTSUNOMIYA'),
('de-DE', 'Utsunomiya', 'JP-UTSUNOMIYA'),
('es-ES', 'Utsunomiya', 'JP-UTSUNOMIYA'),
('en-US', 'Maebashi', 'JP-MAEBASHI'),
('fr-FR', 'Maebashi', 'JP-MAEBASHI'),
('es-ES', 'Maebashi', 'JP-MAEBASHI'),
('de-DE', 'Maebashi', 'JP-MAEBASHI'),
('pt-PT', 'Maebashi', 'JP-MAEBASHI'),
('en-US', 'Saitama', 'JP-SAITAMA'),
('pt-PT', 'Saitama', 'JP-SAITAMA'),
('fr-FR', 'Saitama', 'JP-SAITAMA'),
('de-DE', 'Saitama', 'JP-SAITAMA'),
('es-ES', 'Saitama', 'JP-SAITAMA'),
('de-DE', 'Chiba', 'JP-CHIBA'),
('fr-FR', 'Chiba', 'JP-CHIBA'),
('pt-PT', 'Chiba', 'JP-CHIBA'),
('en-US', 'Chiba', 'JP-CHIBA'),
('es-ES', 'Chiba', 'JP-CHIBA'),
('en-US', 'Tokyo', 'JP-TOKYO'),
('fr-FR', 'Tokyo', 'JP-TOKYO'),
('es-ES', 'Tokio', 'JP-TOKYO'),
('pt-PT', 'Tóquio', 'JP-TOKYO'),
('de-DE', 'Tokio', 'JP-TOKYO'),
('fr-FR', 'Yokohama', 'JP-YOKOHAMA'),
('pt-PT', 'Yokohama', 'JP-YOKOHAMA'),
('es-ES', 'Yokohama', 'JP-YOKOHAMA'),
('de-DE', 'Yokohama', 'JP-YOKOHAMA'),
('en-US', 'Yokohama', 'JP-YOKOHAMA'),
('en-US', 'Niigata', 'JP-NIIGATA'),
('de-DE', 'Niigata', 'JP-NIIGATA'),
('fr-FR', 'Niigata', 'JP-NIIGATA'),
('es-ES', 'Niigata', 'JP-NIIGATA'),
('pt-PT', 'Niigata', 'JP-NIIGATA'),
('en-US', 'Toyama', 'JP-TOYAMA'),
('es-ES', 'Toyama', 'JP-TOYAMA'),
('fr-FR', 'Toyama', 'JP-TOYAMA'),
('pt-PT', 'Toyama', 'JP-TOYAMA'),
('de-DE', 'Toyama', 'JP-TOYAMA'),
('fr-FR', 'Kanazawa', 'JP-KANAZAWA'),
('es-ES', 'Kanazawa', 'JP-KANAZAWA'),
('pt-PT', 'Kanazawa', 'JP-KANAZAWA'),
('en-US', 'Kanazawa', 'JP-KANAZAWA'),
('de-DE', 'Kanazawa', 'JP-KANAZAWA'),
('en-US', 'Fukui', 'JP-FUKUI'),
('es-ES', 'Fukui', 'JP-FUKUI'),
('pt-PT', 'Fukui', 'JP-FUKUI'),
('fr-FR', 'Fukui', 'JP-FUKUI'),
('de-DE', 'Fukui', 'JP-FUKUI'),
('pt-PT', 'Kofu', 'JP-KOFU'),
('en-US', 'Kofu', 'JP-KOFU'),
('fr-FR', 'Kofu', 'JP-KOFU'),
('es-ES', 'Kofu', 'JP-KOFU'),
('de-DE', 'Kofu', 'JP-KOFU'),
('en-US', 'Nagano', 'JP-NAGANO'),
('fr-FR', 'Nagano', 'JP-NAGANO'),
('es-ES', 'Nagano', 'JP-NAGANO'),
('de-DE', 'Nagano', 'JP-NAGANO'),
('pt-PT', 'Nagano', 'JP-NAGANO'),
('en-US', 'Gifu', 'JP-GIFU'),
('fr-FR', 'Gifu', 'JP-GIFU'),
('de-DE', 'Gifu', 'JP-GIFU'),
('es-ES', 'Gifu', 'JP-GIFU'),
('pt-PT', 'Gifu', 'JP-GIFU'),
('de-DE', 'Shizuoka', 'JP-SHIZUOKA'),
('fr-FR', 'Shizuoka', 'JP-SHIZUOKA'),
('es-ES', 'Shizuoka', 'JP-SHIZUOKA'),
('pt-PT', 'Shizuoka', 'JP-SHIZUOKA'),
('en-US', 'Shizuoka', 'JP-SHIZUOKA'),
('es-ES', 'Nagoya', 'JP-NAGOYA'),
('pt-PT', 'Nagoia', 'JP-NAGOYA'),
('de-DE', 'Nagoya', 'JP-NAGOYA'),
('fr-FR', 'Nagoya', 'JP-NAGOYA'),
('en-US', 'Nagoya', 'JP-NAGOYA'),
('pt-PT', 'Tsu', 'JP-TSU'),
('en-US', 'Tsu', 'JP-TSU'),
('fr-FR', 'Tsu', 'JP-TSU'),
('de-DE', 'Tsu', 'JP-TSU'),
('es-ES', 'Tsu', 'JP-TSU'),
('es-ES', 'Otsu', 'JP-OTSU'),
('de-DE', 'Ōtsu', 'JP-OTSU'),
('fr-FR', 'Otsu', 'JP-OTSU'),
('en-US', 'Otsu', 'JP-OTSU'),
('pt-PT', 'Otsu', 'JP-OTSU'),
('pt-PT', 'Quioto', 'JP-KYOTO'),
('de-DE', 'Kyōto', 'JP-KYOTO'),
('en-US', 'Kyoto', 'JP-KYOTO'),
('fr-FR', 'Kyoto', 'JP-KYOTO'),
('es-ES', 'Kioto', 'JP-KYOTO'),
('es-ES', 'Osaka', 'JP-OSAKA'),
('pt-PT', 'Osaka', 'JP-OSAKA'),
('en-US', 'Osaka', 'JP-OSAKA'),
('fr-FR', 'Osaka', 'JP-OSAKA'),
('de-DE', 'Osaka', 'JP-OSAKA'),
('en-US', 'Kobe', 'JP-KOBE'),
('fr-FR', 'Kobe', 'JP-KOBE'),
('es-ES', 'Kobe', 'JP-KOBE'),
('de-DE', 'Kōbe', 'JP-KOBE'),
('pt-PT', 'Kobe', 'JP-KOBE'),
('es-ES', 'Nara', 'JP-NARA'),
('en-US', 'Nara', 'JP-NARA'),
('fr-FR', 'Nara', 'JP-NARA'),
('pt-PT', 'Nara', 'JP-NARA'),
('de-DE', 'Nara', 'JP-NARA'),
('fr-FR', 'Wakayama', 'JP-WAKAYAMA'),
('en-US', 'Wakayama', 'JP-WAKAYAMA'),
('es-ES', 'Wakayama', 'JP-WAKAYAMA'),
('de-DE', 'Wakayama', 'JP-WAKAYAMA'),
('pt-PT', 'Wakayama', 'JP-WAKAYAMA'),
('es-ES', 'Tottori', 'JP-TOTTORI'),
('de-DE', 'Tottori', 'JP-TOTTORI'),
('en-US', 'Tottori', 'JP-TOTTORI'),
('fr-FR', 'Tottori', 'JP-TOTTORI'),
('pt-PT', 'Tottori', 'JP-TOTTORI'),
('pt-PT', 'Matsue', 'JP-MATSUE'),
('es-ES', 'Matsue', 'JP-MATSUE'),
('de-DE', 'Matsue', 'JP-MATSUE'),
('en-US', 'Matsue', 'JP-MATSUE'),
('fr-FR', 'Matsue', 'JP-MATSUE'),
('en-US', 'Okayama', 'JP-OKAYAMA'),
('pt-PT', 'Okayama', 'JP-OKAYAMA'),
('es-ES', 'Okayama', 'JP-OKAYAMA'),
('fr-FR', 'Okayama', 'JP-OKAYAMA'),
('de-DE', 'Okayama', 'JP-OKAYAMA'),
('de-DE', 'Hiroshima', 'JP-HIROSHIMA'),
('en-US', 'Hiroshima', 'JP-HIROSHIMA'),
('fr-FR', 'Hiroshima', 'JP-HIROSHIMA'),
('es-ES', 'Hiroshima', 'JP-HIROSHIMA'),
('pt-PT', 'Hiroshima', 'JP-HIROSHIMA'),
('es-ES', 'Yamaguchi', 'JP-YAMAGUCHI'),
('en-US', 'Yamaguchi', 'JP-YAMAGUCHI'),
('de-DE', 'Yamaguchi', 'JP-YAMAGUCHI'),
('pt-PT', 'Yamaguchi', 'JP-YAMAGUCHI'),
('fr-FR', 'Yamaguchi', 'JP-YAMAGUCHI'),
('de-DE', 'Tokushima', 'JP-TOKUSHIMA'),
('en-US', 'Tokushima', 'JP-TOKUSHIMA'),
('fr-FR', 'Tokushima', 'JP-TOKUSHIMA'),
('pt-PT', 'Tokushima', 'JP-TOKUSHIMA'),
('es-ES', 'Tokushima', 'JP-TOKUSHIMA'),
('pt-PT', 'Takamatsu', 'JP-TAKAMATSU'),
('en-US', 'Takamatsu', 'JP-TAKAMATSU'),
('es-ES', 'Takamatsu', 'JP-TAKAMATSU'),
('de-DE', 'Takamatsu', 'JP-TAKAMATSU'),
('fr-FR', 'Takamatsu', 'JP-TAKAMATSU'),
('pt-PT', 'Matsuyama', 'JP-MATSUYAMA'),
('de-DE', 'Matsuyama', 'JP-MATSUYAMA'),
('es-ES', 'Matsuyama', 'JP-MATSUYAMA'),
('fr-FR', 'Matsuyama', 'JP-MATSUYAMA'),
('en-US', 'Matsuyama', 'JP-MATSUYAMA'),
('es-ES', 'Kōchi', 'JP-KOCHI'),
('fr-FR', 'Kōchi', 'JP-KOCHI'),
('en-US', 'Kochi', 'JP-KOCHI'),
('pt-PT', 'Kochi', 'JP-KOCHI'),
('de-DE', 'Kōchi', 'JP-KOCHI'),
('fr-FR', 'Fukuoka', 'JP-FUKUOKA'),
('pt-PT', 'Fukuoka', 'JP-FUKUOKA'),
('en-US', 'Fukuoka', 'JP-FUKUOKA'),
('es-ES', 'Fukuoka', 'JP-FUKUOKA'),
('de-DE', 'Fukuoka', 'JP-FUKUOKA'),
('fr-FR', 'Saga', 'JP-SAGA'),
('de-DE', 'Saga', 'JP-SAGA'),
('en-US', 'Saga', 'JP-SAGA'),
('es-ES', 'Saga', 'JP-SAGA'),
('pt-PT', 'Saga', 'JP-SAGA'),
('fr-FR', 'Nagasaki', 'JP-NAGASAKI'),
('de-DE', 'Nagasaki', 'JP-NAGASAKI'),
('en-US', 'Nagasaki', 'JP-NAGASAKI'),
('es-ES', 'Nagasaki', 'JP-NAGASAKI'),
('pt-PT', 'Nagasaki', 'JP-NAGASAKI'),
('en-US', 'Kumamoto', 'JP-KUMAMOTO'),
('fr-FR', 'Kumamoto', 'JP-KUMAMOTO'),
('de-DE', 'Kumamoto', 'JP-KUMAMOTO'),
('es-ES', 'Kumamoto', 'JP-KUMAMOTO'),
('pt-PT', 'Kumamoto', 'JP-KUMAMOTO'),
('en-US', 'Oita', 'JP-OITA'),
('pt-PT', 'Oita', 'JP-OITA'),
('fr-FR', 'Ōita', 'JP-OITA'),
('es-ES', 'Ōita', 'JP-OITA'),
('de-DE', 'Ōita', 'JP-OITA'),
('pt-PT', 'Miyazaki', 'JP-MIYAZAKI'),
('es-ES', 'Miyazaki', 'JP-MIYAZAKI'),
('fr-FR', 'Miyazaki', 'JP-MIYAZAKI'),
('en-US', 'Miyazaki', 'JP-MIYAZAKI'),
('de-DE', 'Miyazaki', 'JP-MIYAZAKI'),
('es-ES', 'Kagoshima', 'JP-KAGOSHIMA'),
('de-DE', 'Kagoshima', 'JP-KAGOSHIMA'),
('en-US', 'Kagoshima', 'JP-KAGOSHIMA'),
('fr-FR', 'Kagoshima', 'JP-KAGOSHIMA'),
('pt-PT', 'Kagoshima', 'JP-KAGOSHIMA'),
('de-DE', 'Naha', 'JP-NAHA'),
('en-US', 'Naha', 'JP-NAHA'),
('fr-FR', 'Naha', 'JP-NAHA'),
('es-ES', 'Naha', 'JP-NAHA'),
('pt-PT', 'Naha', 'JP-NAHA'),
('en-US', 'Hokkaido', 'JP-01'),
('de-DE', 'Hokkaido', 'JP-01'),
('es-ES', 'Hokkaido', 'JP-01'),
('pt-PT', 'Hokkaido', 'JP-01'),
('fr-FR', 'Hokkaido', 'JP-01'),
('de-DE', 'Aomori', 'JP-02'),
('en-US', 'Aomori', 'JP-02'),
('es-ES', 'Aomori', 'JP-02'),
('pt-PT', 'Aomori', 'JP-02'),
('fr-FR', 'Aomori', 'JP-02'),
('en-US', 'Iwate', 'JP-03'),
('es-ES', 'Iwate', 'JP-03'),
('pt-PT', 'Iwate', 'JP-03'),
('de-DE', 'Iwate', 'JP-03'),
('fr-FR', 'Iwate', 'JP-03'),
('de-DE', 'Miyagi', 'JP-04'),
('fr-FR', 'Miyagi', 'JP-04'),
('en-US', 'Miyagi', 'JP-04'),
('es-ES', 'Miyagi', 'JP-04'),
('pt-PT', 'Miyagi', 'JP-04'),
('fr-FR', 'Akita', 'JP-05'),
('de-DE', 'Akita', 'JP-05'),
('pt-PT', 'Akita', 'JP-05'),
('en-US', 'Akita', 'JP-05'),
('es-ES', 'Akita', 'JP-05'),
('en-US', 'Yamagata', 'JP-06'),
('de-DE', 'Yamagata', 'JP-06'),
('fr-FR', 'Yamagata', 'JP-06'),
('es-ES', 'Yamagata', 'JP-06'),
('pt-PT', 'Yamagata', 'JP-06'),
('es-ES', 'Fukushima', 'JP-07'),
('pt-PT', 'Fukushima', 'JP-07'),
('de-DE', 'Fukushima', 'JP-07'),
('en-US', 'Fukushima', 'JP-07'),
('fr-FR', 'Fukushima', 'JP-07'),
('de-DE', 'Ibaraki', 'JP-08'),
('fr-FR', 'Ibaraki', 'JP-08'),
('pt-PT', 'Ibaraki', 'JP-08'),
('en-US', 'Ibaraki', 'JP-08'),
('es-ES', 'Ibaraki', 'JP-08'),
('de-DE', 'Tochigi', 'JP-09'),
('en-US', 'Tochigi', 'JP-09'),
('fr-FR', 'Tochigi', 'JP-09'),
('es-ES', 'Tochigi', 'JP-09'),
('pt-PT', 'Tochigi', 'JP-09'),
('fr-FR', 'Gunma', 'JP-10'),
('en-US', 'Gunma', 'JP-10'),
('es-ES', 'Gunma', 'JP-10'),
('pt-PT', 'Gunma', 'JP-10'),
('de-DE', 'Gunma', 'JP-10'),
('en-US', 'Saitama', 'JP-11'),
('fr-FR', 'Saitama', 'JP-11'),
('es-ES', 'Saitama', 'JP-11'),
('pt-PT', 'Saitama', 'JP-11'),
('de-DE', 'Saitama', 'JP-11'),
('es-ES', 'Chiba', 'JP-12'),
('fr-FR', 'Chiba', 'JP-12'),
('pt-PT', 'Chiba', 'JP-12'),
('en-US', 'Chiba', 'JP-12'),
('de-DE', 'Chiba', 'JP-12'),
('fr-FR', 'Tokyo', 'JP-13'),
('fr-FR', 'Métropole de Tokyo', 'JP-13'),
('de-DE', 'Tokyo', 'JP-13'),
('de-DE', 'Tokyo Metropolis', 'JP-13'),
('es-ES', 'Tokio', 'JP-13'),
('es-ES', 'Metrópolis de Tokio', 'JP-13'),
('en-US', 'Tokyo', 'JP-13'),
('en-US', 'Tokyo Metropolis', 'JP-13'),
('pt-PT', 'Tóquio', 'JP-13'),
('pt-PT', 'Metrópole de Tóquio', 'JP-13'),
('en-US', 'Kanagawa', 'JP-14'),
('es-ES', 'Kanagawa', 'JP-14'),
('fr-FR', 'Kanagawa', 'JP-14'),
('pt-PT', 'Kanagawa', 'JP-14'),
('de-DE', 'Kanagawa', 'JP-14'),
('de-DE', 'Niigata', 'JP-15'),
('en-US', 'Niigata', 'JP-15'),
('es-ES', 'Niigata', 'JP-15'),
('pt-PT', 'Niigata', 'JP-15'),
('fr-FR', 'Niigata', 'JP-15'),
('fr-FR', 'Toyama', 'JP-16'),
('es-ES', 'Toyama', 'JP-16'),
('de-DE', 'Toyama', 'JP-16'),
('pt-PT', 'Toyama', 'JP-16'),
('en-US', 'Toyama', 'JP-16'),
('fr-FR', 'Ishikawa', 'JP-17'),
('pt-PT', 'Ishikawa', 'JP-17'),
('es-ES', 'Ishikawa', 'JP-17'),
('en-US', 'Ishikawa', 'JP-17'),
('de-DE', 'Ishikawa', 'JP-17'),
('en-US', 'Fukui', 'JP-18'),
('de-DE', 'Fukui', 'JP-18'),
('pt-PT', 'Fukui', 'JP-18'),
('fr-FR', 'Fukui', 'JP-18'),
('es-ES', 'Fukui', 'JP-18'),
('es-ES', 'Yamanashi', 'JP-19'),
('fr-FR', 'Yamanashi', 'JP-19'),
('pt-PT', 'Yamanashi', 'JP-19'),
('en-US', 'Yamanashi', 'JP-19'),
('de-DE', 'Yamanashi', 'JP-19'),
('de-DE', 'Nagano', 'JP-20'),
('es-ES', 'Nagano', 'JP-20'),
('pt-PT', 'Nagano', 'JP-20'),
('fr-FR', 'Nagano', 'JP-20'),
('en-US', 'Nagano', 'JP-20'),
('fr-FR', 'Gifu', 'JP-21'),
('es-ES', 'Gifu', 'JP-21'),
('en-US', 'Gifu', 'JP-21'),
('pt-PT', 'Gifu', 'JP-21'),
('de-DE', 'Gifu', 'JP-21'),
('en-US', 'Shizuoka', 'JP-22'),
('es-ES', 'Shizuoka', 'JP-22'),
('fr-FR', 'Shizuoka', 'JP-22'),
('pt-PT', 'Shizuoka', 'JP-22'),
('de-DE', 'Shizuoka', 'JP-22'),
('fr-FR', 'Aichi', 'JP-23'),
('de-DE', 'Aichi', 'JP-23'),
('es-ES', 'Aichi', 'JP-23'),
('en-US', 'Aichi', 'JP-23'),
('pt-PT', 'Aichi', 'JP-23'),
('de-DE', 'Mie', 'JP-24'),
('es-ES', 'Mie', 'JP-24'),
('fr-FR', 'Mie', 'JP-24'),
('pt-PT', 'Mie', 'JP-24'),
('en-US', 'Mie', 'JP-24'),
('es-ES', 'Shiga', 'JP-25'),
('fr-FR', 'Shiga', 'JP-25'),
('en-US', 'Shiga', 'JP-25'),
('de-DE', 'Shiga', 'JP-25'),
('pt-PT', 'Shiga', 'JP-25'),
('pt-PT', 'Quioto', 'JP-26'),
('de-DE', 'Kyōto', 'JP-26'),
('fr-FR', 'Kyoto', 'JP-26'),
('es-ES', 'Kioto', 'JP-26'),
('en-US', 'Kyoto', 'JP-26'),
('en-US', 'Osaka', 'JP-27'),
('es-ES', 'Osaka', 'JP-27'),
('de-DE', 'Osaka', 'JP-27'),
('fr-FR', 'Osaka', 'JP-27'),
('pt-PT', 'Osaka', 'JP-27'),
('en-US', 'Hyogo', 'JP-28'),
('fr-FR', 'Hyogo', 'JP-28'),
('pt-PT', 'Hyogo', 'JP-28'),
('de-DE', 'Hyogo', 'JP-28'),
('es-ES', 'Hyogo', 'JP-28'),
('es-ES', 'Nara', 'JP-29'),
('fr-FR', 'Nara', 'JP-29'),
('de-DE', 'Nara', 'JP-29'),
('en-US', 'Nara', 'JP-29'),
('pt-PT', 'Nara', 'JP-29'),
('es-ES', 'Wakayama', 'JP-30'),
('de-DE', 'Wakayama', 'JP-30'),
('pt-PT', 'Wakayama', 'JP-30'),
('en-US', 'Wakayama', 'JP-30'),
('fr-FR', 'Wakayama', 'JP-30'),
('en-US', 'Tottori', 'JP-31'),
('de-DE', 'Tottori', 'JP-31'),
('pt-PT', 'Tottori', 'JP-31'),
('es-ES', 'Tottori', 'JP-31'),
('fr-FR', 'Tottori', 'JP-31'),
('en-US', 'Shimane', 'JP-32'),
('fr-FR', 'Shimane', 'JP-32'),
('de-DE', 'Shimane', 'JP-32'),
('es-ES', 'Shimane', 'JP-32'),
('pt-PT', 'Shimane', 'JP-32'),
('pt-PT', 'Okayama', 'JP-33'),
('de-DE', 'Okayama', 'JP-33'),
('en-US', 'Okayama', 'JP-33'),
('fr-FR', 'Okayama', 'JP-33'),
('es-ES', 'Okayama', 'JP-33'),
('es-ES', 'Hiroshima', 'JP-34'),
('en-US', 'Hiroshima', 'JP-34'),
('fr-FR', 'Hiroshima', 'JP-34'),
('pt-PT', 'Hiroshima', 'JP-34'),
('de-DE', 'Hiroshima', 'JP-34'),
('en-US', 'Yamaguchi', 'JP-35'),
('pt-PT', 'Yamaguchi', 'JP-35'),
('de-DE', 'Yamaguchi', 'JP-35'),
('es-ES', 'Yamaguchi', 'JP-35'),
('fr-FR', 'Yamaguchi', 'JP-35'),
('pt-PT', 'Tokushima', 'JP-36'),
('en-US', 'Tokushima', 'JP-36'),
('fr-FR', 'Tokushima', 'JP-36'),
('de-DE', 'Tokushima', 'JP-36'),
('es-ES', 'Tokushima', 'JP-36'),
('fr-FR', 'Kagawa', 'JP-37'),
('en-US', 'Kagawa', 'JP-37'),
('pt-PT', 'Kagawa', 'JP-37'),
('es-ES', 'Kagawa', 'JP-37'),
('de-DE', 'Kagawa', 'JP-37'),
('pt-PT', 'Ehime', 'JP-38'),
('de-DE', 'Ehime', 'JP-38'),
('es-ES', 'Ehime', 'JP-38'),
('fr-FR', 'Ehime', 'JP-38'),
('en-US', 'Ehime', 'JP-38'),
('en-US', 'Kochi', 'JP-39'),
('pt-PT', 'Kochi', 'JP-39'),
('fr-FR', 'Kōchi', 'JP-39'),
('de-DE', 'Kōchi', 'JP-39'),
('es-ES', 'Kōchi', 'JP-39'),
('pt-PT', 'Fukuoka', 'JP-40'),
('fr-FR', 'Fukuoka', 'JP-40'),
('de-DE', 'Fukuoka', 'JP-40'),
('en-US', 'Fukuoka', 'JP-40'),
('es-ES', 'Fukuoka', 'JP-40'),
('pt-PT', 'Saga', 'JP-41'),
('en-US', 'Saga', 'JP-41'),
('fr-FR', 'Saga', 'JP-41'),
('es-ES', 'Saga', 'JP-41'),
('de-DE', 'Saga', 'JP-41'),
('en-US', 'Nagasaki', 'JP-42'),
('es-ES', 'Nagasaki', 'JP-42'),
('pt-PT', 'Nagasaki', 'JP-42'),
('de-DE', 'Nagasaki', 'JP-42'),
('fr-FR', 'Nagasaki', 'JP-42'),
('en-US', 'Kumamoto', 'JP-43'),
('pt-PT', 'Kumamoto', 'JP-43'),
('de-DE', 'Kumamoto', 'JP-43'),
('es-ES', 'Kumamoto', 'JP-43'),
('fr-FR', 'Kumamoto', 'JP-43'),
('en-US', 'Oita', 'JP-44'),
('fr-FR', 'Ōita', 'JP-44'),
('es-ES', 'Ōita', 'JP-44'),
('pt-PT', 'Oita', 'JP-44'),
('de-DE', 'Ōita', 'JP-44'),
('pt-PT', 'Miyazaki', 'JP-45'),
('de-DE', 'Miyazaki', 'JP-45'),
('fr-FR', 'Miyazaki', 'JP-45'),
('en-US', 'Miyazaki', 'JP-45'),
('es-ES', 'Miyazaki', 'JP-45'),
('de-DE', 'Kagoshima', 'JP-46'),
('es-ES', 'Kagoshima', 'JP-46'),
('en-US', 'Kagoshima', 'JP-46'),
('pt-PT', 'Kagoshima', 'JP-46'),
('fr-FR', 'Kagoshima', 'JP-46'),
('fr-FR', 'Okinawa', 'JP-47'),
('en-US', 'Okinawa', 'JP-47'),
('de-DE', 'Okinawa', 'JP-47'),
('es-ES', 'Okinawa', 'JP-47'),
('pt-PT', 'Okinawa', 'JP-47'),
('pt-PT', 'Hokkaido', 'JP-HOK'),
('de-DE', 'Hokkaido', 'JP-HOK'),
('en-US', 'Hokkaido', 'JP-HOK'),
('fr-FR', 'Hokkaido', 'JP-HOK'),
('es-ES', 'Hokkaido', 'JP-HOK'),
('en-US', 'Tohoku', 'JP-TOH'),
('de-DE', 'Tōhoku', 'JP-TOH'),
('fr-FR', 'Tōhoku', 'JP-TOH'),
('es-ES', 'Tohoku', 'JP-TOH'),
('pt-PT', 'Tohoku', 'JP-TOH'),
('fr-FR', 'Kantō', 'JP-KNT'),
('es-ES', 'Kanto', 'JP-KNT'),
('pt-PT', 'Kanto', 'JP-KNT'),
('de-DE', 'Kantō', 'JP-KNT'),
('en-US', 'Kanto', 'JP-KNT'),
('de-DE', 'Chūbu', 'JP-CHB'),
('fr-FR', 'Chūbu', 'JP-CHB'),
('es-ES', 'Chubu', 'JP-CHB'),
('pt-PT', 'Chubu', 'JP-CHB'),
('en-US', 'Chubu', 'JP-CHB'),
('en-US', 'Kansai', 'JP-KAN'),
('en-US', 'Kinki', 'JP-KAN'),
('es-ES', 'Kansai', 'JP-KAN'),
('es-ES', 'Kinki', 'JP-KAN'),
('pt-PT', 'Kansai', 'JP-KAN'),
('pt-PT', 'Kinki', 'JP-KAN'),
('de-DE', 'Kansai', 'JP-KAN'),
('de-DE', 'Kinki', 'JP-KAN'),
('fr-FR', 'Kansai', 'JP-KAN'),
('fr-FR', 'Kinki', 'JP-KAN'),
('de-DE', 'Chūgoku', 'JP-CHU'),
('es-ES', 'Chugoku', 'JP-CHU'),
('fr-FR', 'Chūgoku', 'JP-CHU'),
('pt-PT', 'Chugoku', 'JP-CHU'),
('en-US', 'Chugoku', 'JP-CHU'),
('pt-PT', 'Shikoku', 'JP-SHI'),
('es-ES', 'Shikoku', 'JP-SHI'),
('fr-FR', 'Shikoku', 'JP-SHI'),
('en-US', 'Shikoku', 'JP-SHI'),
('de-DE', 'Shikoku', 'JP-SHI'),
('en-US', 'Kyushu', 'JP-KYU'),
('de-DE', 'Kyūshū', 'JP-KYU'),
('fr-FR', 'Kyūshū', 'JP-KYU'),
('es-ES', 'Kyushu', 'JP-KYU'),
('pt-PT', 'Kyushu', 'JP-KYU'),
('pt-PT', 'Okinawa', 'JP-OKI'),
('fr-FR', 'Okinawa', 'JP-OKI'),
('de-DE', 'Okinawa', 'JP-OKI'),
('en-US', 'Okinawa', 'JP-OKI'),
('es-ES', 'Okinawa', 'JP-OKI'),
('de-DE', 'Kabul', 'AF-KABUL'),
('es-ES', 'Kabul', 'AF-KABUL'),
('en-US', 'Kabul', 'AF-KABUL'),
('en-US', 'Pashto', 'AF-KABUL'),
('en-US', 'Dari', 'AF-KABUL'),
('pt-PT', 'Cabul', 'AF-KABUL'),
('pt-PT', 'Kabul', 'AF-KABUL'),
('fr-FR', 'Kaboul', 'AF-KABUL'),
('fr-FR', 'Pachtou', 'AF-KABUL'),
('fr-FR', 'Dari', 'AF-KABUL'),
('de-DE', 'Mariehamns', 'AX-MARIEHAMN'),
('de-DE', 'Maarianhamina', 'AX-MARIEHAMN'),
('en-US', 'Mariehamn', 'AX-MARIEHAMN'),
('fr-FR', 'Mariehamn', 'AX-MARIEHAMN'),
('fr-FR', 'Maarianhamina', 'AX-MARIEHAMN'),
('es-ES', 'Mariehamn', 'AX-MARIEHAMN'),
('es-ES', 'Maarianhamina', 'AX-MARIEHAMN'),
('pt-PT', 'Mariehamn', 'AX-MARIEHAMN'),
('pt-PT', 'Maarianhamina ', 'AX-MARIEHAMN'),
('fr-FR', 'Tirana', 'AL-TIRANA'),
('fr-FR', 'Tiranë', 'AL-TIRANA'),
('pt-PT', 'Tirana', 'AL-TIRANA'),
('pt-PT', 'Tiranë', 'AL-TIRANA'),
('pt-PT', 'Tirona', 'AL-TIRANA'),
('en-US', 'Tirana', 'AL-TIRANA'),
('es-ES', 'Tirana', 'AL-TIRANA'),
('es-ES', 'La Tirana', 'AL-TIRANA'),
('de-DE', 'Tirana', 'AL-TIRANA'),
('de-DE', 'Tiranë', 'AL-TIRANA'),
('pt-PT', 'Argel', 'DZ-ALGIERS'),
('pt-PT', 'Dzayer', 'DZ-ALGIERS'),
('de-DE', 'Algier', 'DZ-ALGIERS'),
('de-DE', 'Dzayer', 'DZ-ALGIERS'),
('fr-FR', 'Alger', 'DZ-ALGIERS'),
('fr-FR', 'Ldzayer', 'DZ-ALGIERS'),
('en-US', 'Algiers', 'DZ-ALGIERS'),
('en-US', 'Dzayer', 'DZ-ALGIERS'),
('en-US', 'Alger', 'DZ-ALGIERS'),
('es-ES', 'Argel', 'DZ-ALGIERS'),
('es-ES', 'Dzayer', 'DZ-ALGIERS'),
('es-ES', 'Alger', 'DZ-ALGIERS'),
('en-US', 'Pago Pago', 'AS-PAGO-PAGO'),
('fr-FR', 'Pago Pago', 'AS-PAGO-PAGO'),
('es-ES', 'Pago Pago', 'AS-PAGO-PAGO'),
('pt-PT', 'Pago Pago', 'AS-PAGO-PAGO'),
('de-DE', 'Pago Pago', 'AS-PAGO-PAGO'),
('fr-FR', 'Andorre-la-Vieille', 'AD-ANDORRA-LA-VELLA'),
('de-DE', 'Andorra la Vella', 'AD-ANDORRA-LA-VELLA'),
('es-ES', 'Andorra la Vieja', 'AD-ANDORRA-LA-VELLA'),
('pt-PT', 'Andorra-a-Velha', 'AD-ANDORRA-LA-VELLA'),
('en-US', 'Andorra la Vella', 'AD-ANDORRA-LA-VELLA'),
('fr-FR', 'Luanda', 'AO-LUANDA'),
('fr-FR', 'Louanda', 'AO-LUANDA'),
('fr-FR', 'São Paulo da Assunção de Loanda', 'AO-LUANDA'),
('pt-PT', 'Luanda', 'AO-LUANDA'),
('de-DE', 'Luanda', 'AO-LUANDA'),
('de-DE', 'Loanda', 'AO-LUANDA'),
('de-DE', 'São Paulo da Assunção de Loanda', 'AO-LUANDA'),
('es-ES', 'Luanda', 'AO-LUANDA'),
('en-US', 'Luanda', 'AO-LUANDA'),
('pt-PT', 'The Valley', 'AI-THE-VALLEY'),
('en-US', 'The Valley', 'AI-THE-VALLEY'),
('de-DE', 'The Valley', 'AI-THE-VALLEY'),
('fr-FR', 'The Valley', 'AI-THE-VALLEY'),
('es-ES', 'The Valley', 'AI-THE-VALLEY'),
('fr-FR', 'Base antarctique McMurdo', 'AQ-MCMURDO-STATION'),
('fr-FR', 'McMurdo', 'AQ-MCMURDO-STATION'),
('es-ES', 'Base McMurdo (la mayor estación, no la capital formal)', 'AQ-MCMURDO-STATION'),
('es-ES', 'McMurdo', 'AQ-MCMURDO-STATION'),
('en-US', 'McMurdo Station (biggest station, not formal capital)', 'AQ-MCMURDO-STATION'),
('en-US', 'McMurdo', 'AQ-MCMURDO-STATION'),
('de-DE', 'McMurdo-Station (größter Bahnhof, nicht formale Hauptstadt)', 'AQ-MCMURDO-STATION'),
('de-DE', 'McMurdo', 'AQ-MCMURDO-STATION'),
('pt-PT', 'Estação McMurdo (maior estação, não capital formal)', 'AQ-MCMURDO-STATION'),
('pt-PT', 'McMurdo', 'AQ-MCMURDO-STATION'),
('en-US', 'Saint John''s', 'AG-SAINT-JOHN-S'),
('en-US', 'St. John''s', 'AG-SAINT-JOHN-S'),
('es-ES', 'Saint John', 'AG-SAINT-JOHN-S'),
('fr-FR', 'Saint John''s', 'AG-SAINT-JOHN-S'),
('fr-FR', 'St. John''s', 'AG-SAINT-JOHN-S'),
('de-DE', 'Saint John''s', 'AG-SAINT-JOHN-S'),
('pt-PT', 'São João', 'AG-SAINT-JOHN-S'),
('en-US', 'Buenos Aires', 'AR-BUENOS-AIRES'),
('fr-FR', 'Buenos Aires', 'AR-BUENOS-AIRES'),
('pt-PT', 'Buenos Aires', 'AR-BUENOS-AIRES'),
('de-DE', 'Buenos Aires', 'AR-BUENOS-AIRES'),
('es-ES', 'Buenos Aires', 'AR-BUENOS-AIRES'),
('en-US', 'Yerevan', 'AM-YEREVAN'),
('en-US', 'Erevan', 'AM-YEREVAN'),
('fr-FR', 'Erevan', 'AM-YEREVAN'),
('fr-FR', 'Yerevan', 'AM-YEREVAN'),
('de-DE', 'Jerewan', 'AM-YEREVAN'),
('de-DE', 'Eriwan', 'AM-YEREVAN'),
('de-DE', 'Erewan', 'AM-YEREVAN'),
('pt-PT', 'Erevã', 'AM-YEREVAN'),
('pt-PT', 'Erevan', 'AM-YEREVAN'),
('pt-PT', 'Ierevan', 'AM-YEREVAN'),
('pt-PT', 'Ierevã', 'AM-YEREVAN'),
('es-ES', 'Ereván', 'AM-YEREVAN'),
('de-DE', 'Oranjestad', 'AW-ORANJESTAD'),
('en-US', 'Oranjestad', 'AW-ORANJESTAD'),
('fr-FR', 'Oranjestad', 'AW-ORANJESTAD'),
('fr-FR', 'Ville d''Orange', 'AW-ORANJESTAD'),
('fr-FR', 'Orangeville', 'AW-ORANJESTAD'),
('es-ES', 'Oranjestad', 'AW-ORANJESTAD'),
('es-ES', 'Ciudad naranja', 'AW-ORANJESTAD'),
('pt-PT', 'Oranjestad', 'AW-ORANJESTAD'),
('en-US', 'Canberra', 'AU-CANBERRA'),
('es-ES', 'Canberra', 'AU-CANBERRA'),
('fr-FR', 'Canberra', 'AU-CANBERRA'),
('pt-PT', 'Camberra', 'AU-CANBERRA'),
('pt-PT', 'Canberra', 'AU-CANBERRA'),
('de-DE', 'Canberra', 'AU-CANBERRA'),
('fr-FR', 'Vienne', 'AT-VIENNA'),
('fr-FR', 'Wien', 'AT-VIENNA'),
('es-ES', 'Viena', 'AT-VIENNA'),
('es-ES', 'Wien', 'AT-VIENNA'),
('en-US', 'Vienna', 'AT-VIENNA'),
('en-US', 'Wien', 'AT-VIENNA'),
('pt-PT', 'Viena', 'AT-VIENNA'),
('pt-PT', 'Wien', 'AT-VIENNA'),
('de-DE', 'Wien', 'AT-VIENNA'),
('en-US', 'Baku', 'AZ-BAKU'),
('en-US', 'Bakı', 'AZ-BAKU'),
('es-ES', 'Bakú', 'AZ-BAKU'),
('es-ES', 'Bakı', 'AZ-BAKU'),
('pt-PT', 'Bacu', 'AZ-BAKU'),
('pt-PT', 'Baku', 'AZ-BAKU'),
('pt-PT', 'Bakı', 'AZ-BAKU'),
('de-DE', 'Baku', 'AZ-BAKU'),
('de-DE', 'Bakı', 'AZ-BAKU'),
('fr-FR', 'Bakou', 'AZ-BAKU'),
('fr-FR', 'Bakı', 'AZ-BAKU'),
('es-ES', 'Nasáu', 'BS-NASSAU'),
('es-ES', 'Charles Town', 'BS-NASSAU'),
('pt-PT', 'Nassau', 'BS-NASSAU'),
('pt-PT', 'Charles Town', 'BS-NASSAU'),
('en-US', 'Nassau', 'BS-NASSAU'),
('en-US', 'Charles Town', 'BS-NASSAU'),
('de-DE', 'Nassau', 'BS-NASSAU'),
('de-DE', 'Charles Town', 'BS-NASSAU'),
('fr-FR', 'Nassau', 'BS-NASSAU'),
('fr-FR', 'Charles Town', 'BS-NASSAU'),
('pt-PT', 'Manama', 'BH-MANAMA'),
('en-US', 'Manama', 'BH-MANAMA'),
('fr-FR', 'Manama', 'BH-MANAMA'),
('de-DE', 'Manama', 'BH-MANAMA'),
('es-ES', 'Manama', 'BH-MANAMA'),
('fr-FR', 'Dacca', 'BD-DHAKA'),
('fr-FR', 'Dhaka', 'BD-DHAKA'),
('pt-PT', 'Daca', 'BD-DHAKA'),
('pt-PT', 'Dhaka', 'BD-DHAKA'),
('de-DE', 'Dhaka', 'BD-DHAKA'),
('es-ES', 'Daca', 'BD-DHAKA'),
('es-ES', 'Dhaka', 'BD-DHAKA'),
('en-US', 'Dhaka', 'BD-DHAKA'),
('fr-FR', 'Bridgetown', 'BB-BRIDGETOWN'),
('de-DE', 'Bridgetown', 'BB-BRIDGETOWN'),
('es-ES', 'Bridgetown', 'BB-BRIDGETOWN'),
('pt-PT', 'Bridgetown', 'BB-BRIDGETOWN'),
('en-US', 'Bridgetown', 'BB-BRIDGETOWN'),
('en-US', 'Minsk', 'BY-MINSK'),
('fr-FR', 'Minsk', 'BY-MINSK'),
('pt-PT', 'Minsk', 'BY-MINSK'),
('es-ES', 'Minsk', 'BY-MINSK'),
('de-DE', 'Minsk', 'BY-MINSK'),
('en-US', 'Brussels', 'BE-BRUSSELS'),
('en-US', 'City of Brussels', 'BE-BRUSSELS'),
('pt-PT', 'Bruxelas', 'BE-BRUSSELS'),
('pt-PT', 'Cidade de Bruxelas', 'BE-BRUSSELS'),
('de-DE', 'Brüssel', 'BE-BRUSSELS'),
('de-DE', 'Stadt Brüssel', 'BE-BRUSSELS'),
('es-ES', 'Bruselas', 'BE-BRUSSELS'),
('fr-FR', 'Bruxelles', 'BE-BRUSSELS'),
('fr-FR', 'Ville de Bruxelles', 'BE-BRUSSELS'),
('pt-PT', 'Belmopan', 'BZ-BELMOPAN'),
('fr-FR', 'Belmopan', 'BZ-BELMOPAN'),
('fr-FR', 'Belmopán', 'BZ-BELMOPAN'),
('en-US', 'Belmopan', 'BZ-BELMOPAN'),
('de-DE', 'Belmopan', 'BZ-BELMOPAN'),
('es-ES', 'Belmopan', 'BZ-BELMOPAN'),
('pt-PT', 'Porto-Novo (político) e Cotonou (económico)', 'BJ-PORTO-NOVO'),
('es-ES', 'Porto-Novo (político) y Cotonú (económico)', 'BJ-PORTO-NOVO'),
('de-DE', 'Porto-Novo (politisch) und Cotonou (wirtschaftlich)', 'BJ-PORTO-NOVO'),
('fr-FR', 'Porto-Novo (politique) et Cotonou (économique)', 'BJ-PORTO-NOVO'),
('en-US', 'Porto-Novo (political) and Cotonou (economic)', 'BJ-PORTO-NOVO'),
('pt-PT', 'Hamilton', 'BM-HAMILTON'),
('fr-FR', 'Hamilton', 'BM-HAMILTON'),
('de-DE', 'Hamilton', 'BM-HAMILTON'),
('en-US', 'Hamilton', 'BM-HAMILTON'),
('es-ES', 'Hamilton', 'BM-HAMILTON'),
('es-ES', 'Timbu', 'BT-THIMPHU'),
('es-ES', 'Timbú', 'BT-THIMPHU'),
('pt-PT', 'Thimbu', 'BT-THIMPHU'),
('pt-PT', 'Timbu', 'BT-THIMPHU'),
('pt-PT', 'Timpu', 'BT-THIMPHU'),
('fr-FR', 'Thimphou', 'BT-THIMPHU'),
('de-DE', 'Thimphu', 'BT-THIMPHU'),
('en-US', 'Thimphu', 'BT-THIMPHU'),
('fr-FR', 'Sucre (constitutionnelle et judiciaire) et La Paz (administrative)', 'BO-SUCRE'),
('fr-FR', 'Sucre', 'BO-SUCRE'),
('fr-FR', 'La Paz', 'BO-SUCRE'),
('de-DE', 'Sucre (Hauptstadt) und La Paz (Regierungssitz)', 'BO-SUCRE'),
('de-DE', 'Sucre', 'BO-SUCRE'),
('de-DE', 'La Paz', 'BO-SUCRE'),
('es-ES', 'Sucre (constitucional y judicial) y La Paz (ejecutivo y legislativo)', 'BO-SUCRE'),
('es-ES', 'Sucre', 'BO-SUCRE'),
('es-ES', 'La Paz', 'BO-SUCRE'),
('en-US', 'Sucre (constitutional and judicial) and La Paz (executive and legislative)', 'BO-SUCRE'),
('en-US', 'Sucre', 'BO-SUCRE'),
('en-US', 'La Paz', 'BO-SUCRE'),
('pt-PT', 'Sucre (constitucional e judicial) e La Paz (executivo e legislativo)', 'BO-SUCRE'),
('pt-PT', 'Sucre', 'BO-SUCRE'),
('pt-PT', 'La Paz', 'BO-SUCRE'),
('es-ES', 'Kralendijk, Oranjestad y The Bottom (ciudad principal de cada isla)', 'BQ-KRALENDIJK'),
('es-ES', 'Kralendijk', 'BQ-KRALENDIJK'),
('es-ES', 'Oranjestad', 'BQ-KRALENDIJK'),
('es-ES', 'Bottom', 'BQ-KRALENDIJK'),
('pt-PT', 'Kralendijk, Oranjestad e The Bottom (principal cidade de cada ilha)', 'BQ-KRALENDIJK'),
('pt-PT', 'Kralendijk', 'BQ-KRALENDIJK'),
('pt-PT', 'Oranjestad', 'BQ-KRALENDIJK'),
('pt-PT', 'Bottom', 'BQ-KRALENDIJK'),
('de-DE', 'Kralendijk, Oranjestad und The Bottom (Hauptort der jeweiligen Insel)', 'BQ-KRALENDIJK'),
('de-DE', 'Kralendijk', 'BQ-KRALENDIJK'),
('de-DE', 'Oranjestad', 'BQ-KRALENDIJK'),
('de-DE', 'Bottom', 'BQ-KRALENDIJK'),
('fr-FR', 'Kralendijk, Oranjestad et The Bottom (ville principale de chaque île)', 'BQ-KRALENDIJK'),
('fr-FR', 'Kralendijk', 'BQ-KRALENDIJK'),
('fr-FR', 'Oranjestad', 'BQ-KRALENDIJK'),
('fr-FR', 'Bottom', 'BQ-KRALENDIJK'),
('en-US', 'Kralendijk, Oranjestad and The Bottom (main city of each island)', 'BQ-KRALENDIJK'),
('en-US', 'Kralendijk', 'BQ-KRALENDIJK'),
('en-US', 'Oranjestad', 'BQ-KRALENDIJK'),
('en-US', 'Bottom', 'BQ-KRALENDIJK'),
('fr-FR', 'Sarajevo', 'BA-SARAJEVO'),
('es-ES', 'Sarajevo', 'BA-SARAJEVO'),
('en-US', 'Sarajevo', 'BA-SARAJEVO'),
('de-DE', 'Sarajevo', 'BA-SARAJEVO'),
('pt-PT', 'Sarajevo', 'BA-SARAJEVO'),
('es-ES', 'Gaborone', 'BW-GABORONE'),
('en-US', 'Gaborone', 'BW-GABORONE'),
('fr-FR', 'Gaborone', 'BW-GABORONE'),
('pt-PT', 'Gaborone', 'BW-GABORONE'),
('de-DE', 'Gaborone', 'BW-GABORONE'),
('es-ES', 'Bouvet (ninguna ciudad)', 'BV-BOUVET'),
('en-US', 'Bouvet (no city)', 'BV-BOUVET'),
('fr-FR', 'Bouvet (aucune ville)', 'BV-BOUVET'),
('pt-PT', 'Bouvet (nenhuma cidade)', 'BV-BOUVET'),
('de-DE', 'Bouvet (aucune ville)', 'BV-BOUVET'),
('es-ES', 'Brasilia', 'BR-BRASILIA'),
('de-DE', 'Brasília', 'BR-BRASILIA'),
('fr-FR', 'Brasilia', 'BR-BRASILIA'),
('pt-PT', 'Brasília', 'BR-BRASILIA'),
('en-US', 'Brasília', 'BR-BRASILIA'),
('en-US', 'Camp Thunder Cove (U.S military camp, no other inhabitants)', 'IO-CAMP-THUNDER-COVE'),
('en-US', 'Camp Thunder Cove', 'IO-CAMP-THUNDER-COVE'),
('fr-FR', 'Camp Thunder Cove (Camp militaire américain, pas d''autres habitants)', 'IO-CAMP-THUNDER-COVE'),
('fr-FR', 'Camp Thunder Cove', 'IO-CAMP-THUNDER-COVE'),
('es-ES', 'Camp Thunder Cove (Campo militar estadounidense, sin otros habitantes)', 'IO-CAMP-THUNDER-COVE'),
('es-ES', 'Camp Thunder Cove', 'IO-CAMP-THUNDER-COVE'),
('de-DE', 'Camp Thunder Cove (U.S.-Militärlager, keine anderen Bewohner)', 'IO-CAMP-THUNDER-COVE'),
('de-DE', 'Camp Thunder Cove', 'IO-CAMP-THUNDER-COVE'),
('pt-PT', 'Camp Thunder Cove (Campo militar dos E.U.A., sem outros habitantes)', 'IO-CAMP-THUNDER-COVE'),
('pt-PT', 'Camp Thunder Cove', 'IO-CAMP-THUNDER-COVE'),
('de-DE', 'Bandar Seri Begawan', 'BN-BANDAR-SERI-BEGAWAN'),
('pt-PT', 'Bandar Seri Begawan', 'BN-BANDAR-SERI-BEGAWAN'),
('en-US', 'Bandar Seri Begawan', 'BN-BANDAR-SERI-BEGAWAN'),
('fr-FR', 'Bandar Seri Begawan', 'BN-BANDAR-SERI-BEGAWAN'),
('es-ES', 'Bandar Seri Begawan', 'BN-BANDAR-SERI-BEGAWAN'),
('es-ES', 'Sofía', 'BG-SOFIA'),
('de-DE', 'Sofia', 'BG-SOFIA'),
('fr-FR', 'Sofia', 'BG-SOFIA'),
('en-US', 'Sofia', 'BG-SOFIA'),
('pt-PT', 'Sofía', 'BG-SOFIA'),
('de-DE', 'Ouagadougou', 'BF-OUAGADOUGOU'),
('en-US', 'Ouagadougou', 'BF-OUAGADOUGOU'),
('es-ES', 'Uagadugú', 'BF-OUAGADOUGOU'),
('pt-PT', 'Uagadugu', 'BF-OUAGADOUGOU'),
('fr-FR', 'Ouagadougou', 'BF-OUAGADOUGOU'),
('fr-FR', 'Gitega (politique) et Bujumbura (économique)', 'BI-GITEGA'),
('fr-FR', 'Gitega', 'BI-GITEGA'),
('fr-FR', 'Bujumbura', 'BI-GITEGA'),
('en-US', 'Gitega (political) and Bujumbura (economic)', 'BI-GITEGA'),
('en-US', 'Gitega', 'BI-GITEGA'),
('en-US', 'Bujumbura', 'BI-GITEGA'),
('pt-PT', 'Gitega (político) e Bujumbura (económico)', 'BI-GITEGA'),
('pt-PT', 'Gitega', 'BI-GITEGA'),
('pt-PT', 'Bujumbura', 'BI-GITEGA'),
('es-ES', 'Gitega (político) y Bujumbura (económico)', 'BI-GITEGA'),
('es-ES', 'Gitega', 'BI-GITEGA'),
('es-ES', 'Bujumbura', 'BI-GITEGA'),
('de-DE', 'Gitega (politique) et Bujumbura (économique)', 'BI-GITEGA'),
('de-DE', 'Gitega', 'BI-GITEGA'),
('de-DE', 'Bujumbura', 'BI-GITEGA'),
('en-US', 'Praia', 'CV-PRAIA'),
('de-DE', 'Praia', 'CV-PRAIA'),
('fr-FR', 'Praia', 'CV-PRAIA'),
('es-ES', 'Praia', 'CV-PRAIA'),
('pt-PT', 'Praia', 'CV-PRAIA'),
('fr-FR', 'Phnom Penh', 'KH-PHNOM-PENH'),
('es-ES', 'Nom Pen', 'KH-PHNOM-PENH'),
('pt-PT', 'Phnom Penh', 'KH-PHNOM-PENH'),
('en-US', 'Phnom Penh', 'KH-PHNOM-PENH'),
('de-DE', 'Phnom Penh', 'KH-PHNOM-PENH'),
('fr-FR', 'Yaoundé', 'CM-YAOUNDE'),
('en-US', 'Yaoundé', 'CM-YAOUNDE'),
('pt-PT', 'Iaundé', 'CM-YAOUNDE'),
('de-DE', 'Yaoundé', 'CM-YAOUNDE'),
('es-ES', 'Yaundé', 'CM-YAOUNDE'),
('pt-PT', 'Ottawa', 'CA-OTTAWA'),
('de-DE', 'Ottawa', 'CA-OTTAWA'),
('fr-FR', 'Ottawa', 'CA-OTTAWA'),
('en-US', 'Ottawa', 'CA-OTTAWA'),
('es-ES', 'Ottawa', 'CA-OTTAWA'),
('es-ES', 'George Town', 'KY-GEORGE-TOWN'),
('en-US', 'George Town', 'KY-GEORGE-TOWN'),
('fr-FR', 'George Town', 'KY-GEORGE-TOWN'),
('pt-PT', 'Grande Caimão', 'KY-GEORGE-TOWN'),
('de-DE', 'George Town', 'KY-GEORGE-TOWN'),
('pt-PT', 'Bangui', 'CF-BANGUI'),
('en-US', 'Bangui', 'CF-BANGUI'),
('fr-FR', 'Bangui', 'CF-BANGUI'),
('de-DE', 'Bangui', 'CF-BANGUI'),
('es-ES', 'Bangui', 'CF-BANGUI'),
('es-ES', 'Yamena', 'TD-N-DJAMENA'),
('en-US', 'N''Djaména', 'TD-N-DJAMENA'),
('fr-FR', 'N''Djaména', 'TD-N-DJAMENA'),
('pt-PT', 'Jamena', 'TD-N-DJAMENA'),
('de-DE', 'N''Djaména', 'TD-N-DJAMENA'),
('en-US', 'Santiago', 'CL-SANTIAGO'),
('en-US', 'Santiago de Chile', 'CL-SANTIAGO'),
('fr-FR', 'Santiago', 'CL-SANTIAGO'),
('fr-FR', 'Santiago du Chili', 'CL-SANTIAGO'),
('es-ES', 'Santiago', 'CL-SANTIAGO'),
('es-ES', 'Santiago de Chile', 'CL-SANTIAGO'),
('pt-PT', 'Santiago', 'CL-SANTIAGO'),
('pt-PT', 'Santiago do Chile', 'CL-SANTIAGO'),
('de-DE', 'Santiago', 'CL-SANTIAGO'),
('de-DE', 'Santiago de Chile', 'CL-SANTIAGO'),
('en-US', 'Beijing', 'CN-BEIJING'),
('en-US', 'Peking', 'CN-BEIJING'),
('fr-FR', 'Pékin', 'CN-BEIJING'),
('fr-FR', 'Beijing', 'CN-BEIJING'),
('es-ES', 'Pekín', 'CN-BEIJING'),
('es-ES', 'Beijing', 'CN-BEIJING'),
('pt-PT', 'Pequim', 'CN-BEIJING'),
('pt-PT', 'Beijing', 'CN-BEIJING'),
('de-DE', 'Peking', 'CN-BEIJING'),
('de-DE', 'Beijing', 'CN-BEIJING'),
('es-ES', 'Flying Fish Cove', 'CX-FLYING-FISH-COVE'),
('pt-PT', 'Flying Fish Cove', 'CX-FLYING-FISH-COVE'),
('fr-FR', 'Flying Fish Cove', 'CX-FLYING-FISH-COVE'),
('en-US', 'Flying Fish Cove', 'CX-FLYING-FISH-COVE'),
('de-DE', 'Flying Fish Cove', 'CX-FLYING-FISH-COVE'),
('en-US', 'West Island', 'CC-WEST-ISLAND'),
('fr-FR', 'West Island', 'CC-WEST-ISLAND'),
('pt-PT', 'Ilha Ocidental', 'CC-WEST-ISLAND'),
('es-ES', 'West Island', 'CC-WEST-ISLAND'),
('de-DE', 'West Island', 'CC-WEST-ISLAND'),
('pt-PT', 'Bogotá', 'CO-BOGOTA'),
('fr-FR', 'Bogota', 'CO-BOGOTA'),
('en-US', 'Bogotá', 'CO-BOGOTA'),
('de-DE', 'Bogotá', 'CO-BOGOTA'),
('es-ES', 'Bogotá', 'CO-BOGOTA'),
('fr-FR', 'Moroni', 'KM-MORONI'),
('en-US', 'Moroni', 'KM-MORONI'),
('es-ES', 'Moroni', 'KM-MORONI'),
('de-DE', 'Moroni', 'KM-MORONI'),
('pt-PT', 'Moroni', 'KM-MORONI'),
('pt-PT', 'Brazzaville (político) e Pointe-Noire (económico)', 'CG-BRAZZAVILLE'),
('fr-FR', 'Brazzaville (politique) et Pointe-Noire (économique)', 'CG-BRAZZAVILLE'),
('en-US', 'Brazzaville (political) and Pointe-Noire (economic)', 'CG-BRAZZAVILLE'),
('es-ES', 'Brazzaville (político) y Pointe-Noire (económico)', 'CG-BRAZZAVILLE'),
('de-DE', 'Brazzaville (politisch) und Pointe-Noire (wirtschaftlich)', 'CG-BRAZZAVILLE'),
('pt-PT', 'Quinxassa', 'CD-KINSHASA'),
('pt-PT', 'Quinxasa', 'CD-KINSHASA'),
('pt-PT', 'Kinshasa', 'CD-KINSHASA'),
('de-DE', 'Kinshasa', 'CD-KINSHASA'),
('fr-FR', 'Kinshasa', 'CD-KINSHASA'),
('en-US', 'Kinshasa', 'CD-KINSHASA'),
('es-ES', 'Kinsasa', 'CD-KINSHASA'),
('es-ES', 'Kinshasa', 'CD-KINSHASA'),
('de-DE', 'Avarua', 'CK-AVARUA'),
('pt-PT', 'Avarua', 'CK-AVARUA'),
('fr-FR', 'Avarua', 'CK-AVARUA'),
('es-ES', 'Avarua', 'CK-AVARUA'),
('en-US', 'Avarua', 'CK-AVARUA'),
('en-US', 'San José', 'CR-SAN-JOSE'),
('es-ES', 'San José', 'CR-SAN-JOSE'),
('pt-PT', 'San José', 'CR-SAN-JOSE'),
('pt-PT', 'São José', 'CR-SAN-JOSE'),
('fr-FR', 'San José', 'CR-SAN-JOSE'),
('de-DE', 'San José', 'CR-SAN-JOSE'),
('fr-FR', 'Yamoussoukro (politique) et Abidjan (économique)', 'CI-YAMOUSSOUKRO'),
('fr-FR', 'Yamoussoukro', 'CI-YAMOUSSOUKRO'),
('fr-FR', 'Abidjan', 'CI-YAMOUSSOUKRO'),
('de-DE', 'Yamoussoukro (politisch) und Abidjan (wirtschaftlich)', 'CI-YAMOUSSOUKRO'),
('de-DE', 'Yamoussoukro', 'CI-YAMOUSSOUKRO'),
('de-DE', 'Abidjan', 'CI-YAMOUSSOUKRO'),
('en-US', 'Yamoussoukro (political) and Abidjan (economic)', 'CI-YAMOUSSOUKRO'),
('en-US', 'Yamoussoukro', 'CI-YAMOUSSOUKRO'),
('en-US', 'Abidjan', 'CI-YAMOUSSOUKRO'),
('es-ES', 'Yamusukro (político) y Abiyán (económico)', 'CI-YAMOUSSOUKRO'),
('es-ES', 'Yamoussoukro', 'CI-YAMOUSSOUKRO'),
('es-ES', 'Abidjan', 'CI-YAMOUSSOUKRO'),
('pt-PT', 'Yamoussoukro (político) e Abidjan (económico)', 'CI-YAMOUSSOUKRO'),
('pt-PT', 'Yamoussoukro', 'CI-YAMOUSSOUKRO'),
('pt-PT', 'Abidjan', 'CI-YAMOUSSOUKRO'),
('en-US', 'Zagreb', 'HR-ZAGREB'),
('es-ES', 'Zagreb', 'HR-ZAGREB'),
('fr-FR', 'Zagreb', 'HR-ZAGREB'),
('pt-PT', 'Zagreb', 'HR-ZAGREB'),
('de-DE', 'Zagreb', 'HR-ZAGREB'),
('fr-FR', 'La Havane', 'CU-HAVANA'),
('de-DE', 'Havanna', 'CU-HAVANA'),
('pt-PT', 'Havana', 'CU-HAVANA'),
('es-ES', 'La Habana', 'CU-HAVANA'),
('en-US', 'Havana', 'CU-HAVANA'),
('pt-PT', 'Willemstad', 'CW-WILLEMSTAD'),
('de-DE', 'Willemstad', 'CW-WILLEMSTAD'),
('es-ES', 'Willemstad', 'CW-WILLEMSTAD'),
('en-US', 'Willemstad', 'CW-WILLEMSTAD'),
('fr-FR', 'Willemstad', 'CW-WILLEMSTAD'),
('pt-PT', 'Nicósia', 'CY-NICOSIA'),
('de-DE', 'Nikosia', 'CY-NICOSIA'),
('fr-FR', 'Nicosie', 'CY-NICOSIA'),
('en-US', 'Nicosia', 'CY-NICOSIA'),
('es-ES', 'Nicosia', 'CY-NICOSIA'),
('pt-PT', 'Praga', 'CZ-PRAGUE'),
('de-DE', 'Prag', 'CZ-PRAGUE'),
('en-US', 'Prague', 'CZ-PRAGUE'),
('fr-FR', 'Prague', 'CZ-PRAGUE'),
('es-ES', 'Praga', 'CZ-PRAGUE'),
('es-ES', 'Copenhague', 'DK-COPENHAGEN'),
('pt-PT', 'Copenhaga', 'DK-COPENHAGEN'),
('en-US', 'Copenhagen', 'DK-COPENHAGEN'),
('de-DE', 'Kopenhagen', 'DK-COPENHAGEN'),
('fr-FR', 'Copenhague', 'DK-COPENHAGEN'),
('pt-PT', 'Djibouti', 'DJ-DJIBOUTI'),
('es-ES', 'Yibuti', 'DJ-DJIBOUTI'),
('en-US', 'Djibouti', 'DJ-DJIBOUTI'),
('fr-FR', 'Djibouti', 'DJ-DJIBOUTI'),
('de-DE', 'Dschibuti', 'DJ-DJIBOUTI'),
('es-ES', 'Roseau', 'DM-ROSEAU'),
('pt-PT', 'Roseau', 'DM-ROSEAU'),
('de-DE', 'Roseau', 'DM-ROSEAU'),
('en-US', 'Roseau', 'DM-ROSEAU'),
('fr-FR', 'Roseau', 'DM-ROSEAU'),
('fr-FR', 'Saint-Domingue', 'DO-SANTO-DOMINGO'),
('de-DE', 'Santo Domingo', 'DO-SANTO-DOMINGO'),
('es-ES', 'Santo Domingo', 'DO-SANTO-DOMINGO'),
('en-US', 'Santo Domingo', 'DO-SANTO-DOMINGO'),
('pt-PT', 'São Domingos', 'DO-SANTO-DOMINGO'),
('de-DE', 'Quito', 'EC-QUITO'),
('en-US', 'Quito', 'EC-QUITO'),
('pt-PT', 'Quito', 'EC-QUITO'),
('es-ES', 'Quito', 'EC-QUITO'),
('fr-FR', 'Quito', 'EC-QUITO'),
('en-US', 'Cairo', 'EG-CAIRO'),
('fr-FR', 'Le Caire', 'EG-CAIRO'),
('de-DE', 'Kairo', 'EG-CAIRO'),
('es-ES', 'El Cairo', 'EG-CAIRO'),
('pt-PT', 'Cairo', 'EG-CAIRO'),
('es-ES', 'San Salvador', 'SV-SAN-SALVADOR'),
('fr-FR', 'San Salvador', 'SV-SAN-SALVADOR'),
('pt-PT', 'San Salvador', 'SV-SAN-SALVADOR'),
('de-DE', 'San Salvador', 'SV-SAN-SALVADOR'),
('en-US', 'San Salvador', 'SV-SAN-SALVADOR'),
('fr-FR', 'Malabo', 'GQ-MALABO'),
('en-US', 'Malabo', 'GQ-MALABO'),
('de-DE', 'Malabo', 'GQ-MALABO'),
('es-ES', 'Malabo', 'GQ-MALABO'),
('pt-PT', 'Malabo', 'GQ-MALABO'),
('es-ES', 'Asmara', 'ER-ASMARA'),
('pt-PT', 'Asmara', 'ER-ASMARA'),
('fr-FR', 'Asmara', 'ER-ASMARA'),
('en-US', 'Asmara', 'ER-ASMARA'),
('de-DE', 'Asmara', 'ER-ASMARA'),
('en-US', 'Tallinn', 'EE-TALLINN'),
('pt-PT', 'Tallinn', 'EE-TALLINN'),
('fr-FR', 'Tallinn', 'EE-TALLINN'),
('es-ES', 'Tallin', 'EE-TALLINN'),
('de-DE', 'Tallinn', 'EE-TALLINN'),
('de-DE', 'Mbabane (Verwaltungs- und Gerichtsbezirk) und Lobamba (königlicher und gesetzgebender Bezirk)', 'SZ-MBABANE'),
('de-DE', 'Mbabane', 'SZ-MBABANE'),
('de-DE', 'Lobamba', 'SZ-MBABANE'),
('es-ES', 'Mbabane (administrativo y judicial) y Lobamba (real y legislativo)', 'SZ-MBABANE'),
('es-ES', 'Mbabane', 'SZ-MBABANE'),
('es-ES', 'Lobamba', 'SZ-MBABANE'),
('en-US', 'Mbabane (administrative and judicial) and Lobamba (royal and legislative)', 'SZ-MBABANE'),
('en-US', 'Mbabane', 'SZ-MBABANE'),
('en-US', 'Lobamba', 'SZ-MBABANE'),
('fr-FR', 'Mbabane (administrative et judiciaire) et Lobamba (royale et législative)', 'SZ-MBABANE'),
('fr-FR', 'Mbabane', 'SZ-MBABANE'),
('fr-FR', 'Lobamba', 'SZ-MBABANE'),
('pt-PT', 'Mbabane (administrativo e judicial) e Lobamba (real e legislativo)', 'SZ-MBABANE'),
('pt-PT', 'Mbabane', 'SZ-MBABANE'),
('pt-PT', 'Lobamba', 'SZ-MBABANE'),
('en-US', 'Addis Ababa', 'ET-ADDIS-ABABA'),
('de-DE', 'Addis Abeba', 'ET-ADDIS-ABABA'),
('pt-PT', 'Adis Abeba', 'ET-ADDIS-ABABA'),
('fr-FR', 'Addis-Abeba', 'ET-ADDIS-ABABA'),
('es-ES', 'Adís Abeba', 'ET-ADDIS-ABABA'),
('es-ES', 'Puerto Stanley', 'FK-STANLEY'),
('es-ES', 'Puerto Argentino', 'FK-STANLEY'),
('en-US', 'Stanley', 'FK-STANLEY'),
('fr-FR', 'Stanley', 'FK-STANLEY'),
('pt-PT', 'Porto Stanley', 'FK-STANLEY'),
('de-DE', 'Stanley', 'FK-STANLEY'),
('es-ES', 'Tórshavn', 'FO-TORSHAVN'),
('pt-PT', 'Tórshavn', 'FO-TORSHAVN'),
('en-US', 'Torshavn', 'FO-TORSHAVN'),
('de-DE', 'Tórshavn', 'FO-TORSHAVN'),
('fr-FR', 'Tórshavn', 'FO-TORSHAVN'),
('en-US', 'Suva', 'FJ-SUVA'),
('pt-PT', 'Suva', 'FJ-SUVA'),
('de-DE', 'Suva', 'FJ-SUVA'),
('es-ES', 'Suva', 'FJ-SUVA'),
('fr-FR', 'Suva', 'FJ-SUVA'),
('pt-PT', 'Helsínquia', 'FI-HELSINKI'),
('en-US', 'Helsinki', 'FI-HELSINKI'),
('fr-FR', 'Helsinki', 'FI-HELSINKI'),
('es-ES', 'Helsinki', 'FI-HELSINKI'),
('de-DE', 'Helsinki', 'FI-HELSINKI'),
('fr-FR', 'Cayenne', 'GF-CAYENNE'),
('de-DE', 'Cayenne', 'GF-CAYENNE'),
('es-ES', 'Cayenne', 'GF-CAYENNE'),
('pt-PT', 'Caiena', 'GF-CAYENNE'),
('en-US', 'Cayenne', 'GF-CAYENNE'),
('en-US', 'Papeete', 'PF-PAPEETE'),
('de-DE', 'Papeete', 'PF-PAPEETE'),
('fr-FR', 'Papeete', 'PF-PAPEETE'),
('pt-PT', 'Papeete', 'PF-PAPEETE'),
('es-ES', 'Papeete', 'PF-PAPEETE'),
('en-US', 'Port-aux-Francais', 'TF-PORT-AUX-FRANCAIS'),
('de-DE', 'Port-aux-Français', 'TF-PORT-AUX-FRANCAIS'),
('es-ES', 'Port-aux-Français', 'TF-PORT-AUX-FRANCAIS'),
('fr-FR', 'Port-aux-Français', 'TF-PORT-AUX-FRANCAIS'),
('pt-PT', 'Port-aux-Français', 'TF-PORT-AUX-FRANCAIS'),
('en-US', 'Libreville', 'GA-LIBREVILLE'),
('fr-FR', 'Libreville', 'GA-LIBREVILLE'),
('de-DE', 'Libreville', 'GA-LIBREVILLE'),
('es-ES', 'Libreville', 'GA-LIBREVILLE'),
('pt-PT', 'Libreville', 'GA-LIBREVILLE'),
('en-US', 'Banjul', 'GM-BANJUL'),
('pt-PT', 'Banjul', 'GM-BANJUL'),
('es-ES', 'Banjul', 'GM-BANJUL'),
('de-DE', 'Banjul', 'GM-BANJUL'),
('fr-FR', 'Banjul', 'GM-BANJUL'),
('fr-FR', 'Tbilissi', 'GE-TBILISI'),
('es-ES', 'Tbilissi', 'GE-TBILISI'),
('de-DE', 'Tbilissi', 'GE-TBILISI'),
('en-US', 'Tbilisi', 'GE-TBILISI'),
('pt-PT', 'Tbilissi', 'GE-TBILISI'),
('fr-FR', 'Berlin', 'DE-BERLIN'),
('en-US', 'Berlin', 'DE-BERLIN'),
('de-DE', 'Berlin', 'DE-BERLIN'),
('pt-PT', 'Berlim', 'DE-BERLIN'),
('es-ES', 'Berlín', 'DE-BERLIN'),
('fr-FR', 'Accra', 'GH-ACCRA'),
('es-ES', 'Acra', 'GH-ACCRA'),
('en-US', 'Accra', 'GH-ACCRA'),
('pt-PT', 'Acra', 'GH-ACCRA'),
('de-DE', 'Accra', 'GH-ACCRA'),
('en-US', 'Gibraltar', 'GI-GIBRALTAR'),
('pt-PT', 'Gibraltar', 'GI-GIBRALTAR'),
('fr-FR', 'Gibraltar', 'GI-GIBRALTAR'),
('de-DE', 'Gibraltar', 'GI-GIBRALTAR'),
('es-ES', 'Gibraltar', 'GI-GIBRALTAR'),
('es-ES', 'Atenas', 'GR-ATHENS'),
('de-DE', 'Athen', 'GR-ATHENS'),
('en-US', 'Athens', 'GR-ATHENS'),
('pt-PT', 'Atenas', 'GR-ATHENS'),
('fr-FR', 'Athènes', 'GR-ATHENS'),
('fr-FR', 'Nuuk', 'GL-NUUK'),
('es-ES', 'Nuuk', 'GL-NUUK'),
('pt-PT', 'Nuuk', 'GL-NUUK'),
('de-DE', 'Nuuk', 'GL-NUUK'),
('en-US', 'Nuuk', 'GL-NUUK'),
('pt-PT', 'São Jorge', 'GD-ST-GEORGE-S'),
('es-ES', 'Saint George', 'GD-ST-GEORGE-S'),
('fr-FR', 'Saint-Georges', 'GD-ST-GEORGE-S'),
('en-US', 'St. George''s', 'GD-ST-GEORGE-S'),
('en-US', 'Saint George''s', 'GD-ST-GEORGE-S'),
('de-DE', 'St. George’s', 'GD-ST-GEORGE-S'),
('de-DE', 'Sankt George''s', 'GD-ST-GEORGE-S'),
('pt-PT', 'Basse-Terre', 'GP-BASSE-TERRE'),
('de-DE', 'Basse-Terre', 'GP-BASSE-TERRE'),
('fr-FR', 'Basse-Terre', 'GP-BASSE-TERRE'),
('es-ES', 'Basse-Terre', 'GP-BASSE-TERRE'),
('en-US', 'Basse-Terre', 'GP-BASSE-TERRE'),
('de-DE', 'Hagåtña', 'GU-HAGATNA'),
('es-ES', 'Agaña', 'GU-HAGATNA'),
('en-US', 'Hagatna', 'GU-HAGATNA'),
('pt-PT', 'Aganha', 'GU-HAGATNA'),
('fr-FR', 'Hagåtña', 'GU-HAGATNA'),
('fr-FR', 'Agana', 'GU-HAGATNA'),
('fr-FR', 'Agaña', 'GU-HAGATNA'),
('en-US', 'Guatemala City', 'GT-GUATEMALA-CITY'),
('pt-PT', 'Cidade da Guatemala', 'GT-GUATEMALA-CITY'),
('es-ES', 'Ciudad de Guatemala', 'GT-GUATEMALA-CITY'),
('de-DE', 'Guatemala-Stadt', 'GT-GUATEMALA-CITY'),
('fr-FR', 'Guatemala ', 'GT-GUATEMALA-CITY'),
('en-US', 'St Peter Port', 'GG-ST-PETER-PORT'),
('fr-FR', 'Saint-Pierre-Port', 'GG-ST-PETER-PORT'),
('es-ES', 'Saint Peter Port', 'GG-ST-PETER-PORT'),
('pt-PT', 'Porto de São Pedro', 'GG-ST-PETER-PORT'),
('de-DE', 'Saint Peter Port', 'GG-ST-PETER-PORT'),
('en-US', 'Conakry', 'GN-CONAKRY'),
('es-ES', 'Conakri', 'GN-CONAKRY'),
('de-DE', 'Conakry', 'GN-CONAKRY'),
('pt-PT', 'Conacri', 'GN-CONAKRY'),
('fr-FR', 'Conakry', 'GN-CONAKRY'),
('pt-PT', 'Bissau', 'GW-BISSAU'),
('es-ES', 'Bisáu', 'GW-BISSAU'),
('de-DE', 'Bissau', 'GW-BISSAU'),
('fr-FR', 'Bissau', 'GW-BISSAU'),
('en-US', 'Bissau', 'GW-BISSAU'),
('fr-FR', 'Georgetown ', 'GY-GEORGETOWN'),
('es-ES', 'Georgetown ', 'GY-GEORGETOWN'),
('de-DE', 'Georgetown ', 'GY-GEORGETOWN'),
('pt-PT', 'Georgetown ', 'GY-GEORGETOWN'),
('en-US', 'Georgetown', 'GY-GEORGETOWN'),
('en-US', 'Port-au-Prince', 'HT-PORT-AU-PRINCE'),
('es-ES', 'Puerto Príncipe', 'HT-PORT-AU-PRINCE'),
('fr-FR', 'Port-au-Prince', 'HT-PORT-AU-PRINCE'),
('pt-PT', 'Porto Príncipe', 'HT-PORT-AU-PRINCE'),
('de-DE', 'Port-au-Prince', 'HT-PORT-AU-PRINCE'),
('en-US', 'Heard (arbitrary name, no cities, uninhabited)', 'HM-HEARD'),
('fr-FR', 'Heard (nom arbitraire, pas de villes, inhabité)', 'HM-HEARD'),
('fr-FR', 'Heard', 'HM-HEARD'),
('de-DE', 'Heard (willkürlicher Name, keine Städte, unbewohnt)', 'HM-HEARD'),
('de-DE', 'Heard', 'HM-HEARD'),
('es-ES', 'Heard (nombre arbitrario, sin pueblos, deshabitado)', 'HM-HEARD'),
('pt-PT', 'Heard (nome arbitrário, sem cidades, desabitado)', 'HM-HEARD'),
('pt-PT', 'Cidade do Vaticano', 'VA-VATICAN-CITY'),
('es-ES', 'Cidade do Vaticano', 'VA-VATICAN-CITY'),
('en-US', 'Vatican City', 'VA-VATICAN-CITY'),
('fr-FR', 'Cité du Vatican', 'VA-VATICAN-CITY'),
('de-DE', 'Vatikanstadt', 'VA-VATICAN-CITY'),
('de-DE', 'Città del Vaticano', 'VA-VATICAN-CITY'),
('es-ES', 'Tegucigalpa', 'HN-TEGUCIGALPA'),
('pt-PT', 'Tegucigalpa', 'HN-TEGUCIGALPA'),
('fr-FR', 'Tegucigalpa', 'HN-TEGUCIGALPA'),
('de-DE', 'Tegucigalpa', 'HN-TEGUCIGALPA'),
('en-US', 'Tegucigalpa', 'HN-TEGUCIGALPA'),
('de-DE', 'Hong Kong', 'HK-HONG-KONG'),
('en-US', 'Hong Kong', 'HK-HONG-KONG'),
('fr-FR', 'Hong Kong', 'HK-HONG-KONG'),
('pt-PT', 'Hong Kong', 'HK-HONG-KONG'),
('es-ES', 'Hong Kong', 'HK-HONG-KONG'),
('es-ES', 'Budapest', 'HU-BUDAPEST'),
('pt-PT', 'Budapeste', 'HU-BUDAPEST'),
('en-US', 'Budapest', 'HU-BUDAPEST'),
('de-DE', 'Budapest', 'HU-BUDAPEST'),
('fr-FR', 'Budapest', 'HU-BUDAPEST'),
('fr-FR', 'Reykjavik', 'IS-REYKJAVIK'),
('de-DE', 'Reykjavík', 'IS-REYKJAVIK'),
('en-US', 'Reykjavik', 'IS-REYKJAVIK'),
('es-ES', 'Reikiavik', 'IS-REYKJAVIK'),
('pt-PT', 'Reiquiavique', 'IS-REYKJAVIK'),
('en-US', 'New Delhi', 'IN-NEW-DELHI'),
('de-DE', 'Neu-Delhi', 'IN-NEW-DELHI'),
('es-ES', 'Nueva Delhi', 'IN-NEW-DELHI'),
('pt-PT', 'Nova Deli', 'IN-NEW-DELHI'),
('fr-FR', 'New Delhi', 'IN-NEW-DELHI'),
('es-ES', 'Yakarta', 'ID-JAKARTA'),
('fr-FR', 'Jakarta', 'ID-JAKARTA'),
('de-DE', 'Jakarta', 'ID-JAKARTA'),
('en-US', 'Jakarta', 'ID-JAKARTA'),
('pt-PT', 'Jacarta', 'ID-JAKARTA'),
('en-US', 'Tehran', 'IR-TEHRAN'),
('es-ES', 'Teherán', 'IR-TEHRAN'),
('fr-FR', 'Téhéran', 'IR-TEHRAN'),
('pt-PT', 'Teerã', 'IR-TEHRAN'),
('de-DE', 'Teheran', 'IR-TEHRAN'),
('fr-FR', 'Bagdad', 'IQ-BAGHDAD'),
('pt-PT', 'Bagdá', 'IQ-BAGHDAD'),
('en-US', 'Baghdad', 'IQ-BAGHDAD'),
('es-ES', 'Bagdad', 'IQ-BAGHDAD'),
('de-DE', 'Bagdad', 'IQ-BAGHDAD'),
('pt-PT', 'Dublin', 'IE-DUBLIN'),
('de-DE', 'Dublin', 'IE-DUBLIN'),
('en-US', 'Dublin', 'IE-DUBLIN'),
('fr-FR', 'Dublin', 'IE-DUBLIN'),
('es-ES', 'Dublín', 'IE-DUBLIN'),
('es-ES', 'Douglas', 'IM-DOUGLAS'),
('en-US', 'Douglas', 'IM-DOUGLAS'),
('fr-FR', 'Douglas', 'IM-DOUGLAS'),
('de-DE', 'Douglas', 'IM-DOUGLAS'),
('pt-PT', 'Douglas', 'IM-DOUGLAS'),
('es-ES', 'Jerusalén', 'IL-JERUSALEM'),
('en-US', 'Jerusalem', 'IL-JERUSALEM'),
('fr-FR', 'Jérusalem', 'IL-JERUSALEM'),
('de-DE', 'Jerusalem', 'IL-JERUSALEM'),
('pt-PT', 'Jerusalém', 'IL-JERUSALEM'),
('es-ES', 'Roma', 'IT-ROME'),
('fr-FR', 'Rome', 'IT-ROME'),
('de-DE', 'Rom', 'IT-ROME'),
('pt-PT', 'Roma', 'IT-ROME'),
('en-US', 'Rome', 'IT-ROME'),
('fr-FR', 'Kingston', 'JM-KINGSTON'),
('de-DE', 'Kingston', 'JM-KINGSTON'),
('en-US', 'Kingston', 'JM-KINGSTON'),
('es-ES', 'Kingston', 'JM-KINGSTON'),
('pt-PT', 'Kingston', 'JM-KINGSTON'),
('es-ES', 'Saint Helier', 'JE-SAINT-HELIER'),
('en-US', 'Saint Helier', 'JE-SAINT-HELIER'),
('pt-PT', 'Santo Helério', 'JE-SAINT-HELIER'),
('fr-FR', 'Saint-Hélier', 'JE-SAINT-HELIER'),
('de-DE', 'Saint Helier', 'JE-SAINT-HELIER'),
('fr-FR', 'Amman', 'JO-AMMAN'),
('de-DE', 'Amán', 'JO-AMMAN'),
('es-ES', 'Amman', 'JO-AMMAN'),
('pt-PT', 'Amã', 'JO-AMMAN'),
('en-US', 'Amman', 'JO-AMMAN'),
('en-US', 'Nur-Sultan', 'KZ-NUR-SULTAN'),
('en-US', 'Astana', 'KZ-NUR-SULTAN'),
('de-DE', 'Nur-Sultan', 'KZ-NUR-SULTAN'),
('pt-PT', 'Nur-Sultã', 'KZ-NUR-SULTAN'),
('es-ES', 'Nursultán', 'KZ-NUR-SULTAN'),
('fr-FR', 'Nour-Soultan', 'KZ-NUR-SULTAN'),
('fr-FR', 'Nairobi', 'KE-NAIROBI'),
('en-US', 'Nairobi', 'KE-NAIROBI'),
('es-ES', 'Nairobi', 'KE-NAIROBI'),
('de-DE', 'Nairobi', 'KE-NAIROBI'),
('pt-PT', 'Nairóbi', 'KE-NAIROBI'),
('fr-FR', 'Tarawa-Sud', 'KI-SOUTH-TARAWA'),
('pt-PT', 'Taraua do Sul', 'KI-SOUTH-TARAWA'),
('es-ES', 'Tarawa Sur', 'KI-SOUTH-TARAWA'),
('de-DE', 'South Tarawa', 'KI-SOUTH-TARAWA'),
('en-US', 'South Tarawa', 'KI-SOUTH-TARAWA'),
('fr-FR', 'Pyongyang', 'KP-PYONGYANG'),
('es-ES', 'Pionyang', 'KP-PYONGYANG'),
('de-DE', 'Pjöngjang', 'KP-PYONGYANG'),
('pt-PT', 'Pyongyang', 'KP-PYONGYANG'),
('en-US', 'Pyongyang', 'KP-PYONGYANG'),
('fr-FR', 'Séoul', 'KR-SEOUL'),
('pt-PT', 'Seul', 'KR-SEOUL'),
('en-US', 'Seoul', 'KR-SEOUL'),
('de-DE', 'Seoul', 'KR-SEOUL'),
('es-ES', 'Seúl', 'KR-SEOUL'),
('pt-PT', 'Pristina', 'XK-PRISTINA'),
('en-US', 'Pristina', 'XK-PRISTINA'),
('de-DE', 'Pristina', 'XK-PRISTINA'),
('fr-FR', 'Pristina', 'XK-PRISTINA'),
('es-ES', 'Pristina', 'XK-PRISTINA'),
('pt-PT', 'Kuwait', 'KW-KUWAIT'),
('de-DE', 'Kuwait', 'KW-KUWAIT'),
('en-US', 'Kuwait', 'KW-KUWAIT'),
('es-ES', 'Kuwait', 'KW-KUWAIT'),
('fr-FR', 'Koweït', 'KW-KUWAIT'),
('es-ES', 'Biskek', 'KG-BISHKEK'),
('pt-PT', 'Bisqueque', 'KG-BISHKEK'),
('fr-FR', 'Bichkek', 'KG-BISHKEK'),
('de-DE', 'Bischkek', 'KG-BISHKEK'),
('en-US', 'Bishkek', 'KG-BISHKEK'),
('fr-FR', 'Vientiane', 'LA-VIENTIANE'),
('es-ES', 'Vientián', 'LA-VIENTIANE'),
('pt-PT', 'Vientiane', 'LA-VIENTIANE'),
('de-DE', 'Vientiane', 'LA-VIENTIANE'),
('en-US', 'Vientiane', 'LA-VIENTIANE'),
('es-ES', 'Riga', 'LV-RIGA'),
('de-DE', 'Riga', 'LV-RIGA'),
('pt-PT', 'Riga', 'LV-RIGA'),
('en-US', 'Riga', 'LV-RIGA'),
('fr-FR', 'Riga', 'LV-RIGA'),
('en-US', 'Beirut', 'LB-BEIRUT'),
('fr-FR', 'Beyrouth', 'LB-BEIRUT'),
('es-ES', 'Beirut', 'LB-BEIRUT'),
('pt-PT', 'Beirute', 'LB-BEIRUT'),
('de-DE', 'Beirut', 'LB-BEIRUT'),
('en-US', 'Maseru', 'LS-MASERU'),
('pt-PT', 'Maseru', 'LS-MASERU'),
('es-ES', 'Maseru', 'LS-MASERU'),
('fr-FR', 'Maseru', 'LS-MASERU'),
('de-DE', 'Maseru', 'LS-MASERU'),
('fr-FR', 'Monrovia', 'LR-MONROVIA'),
('pt-PT', 'Monróvia', 'LR-MONROVIA'),
('en-US', 'Monrovia', 'LR-MONROVIA'),
('de-DE', 'Monrovia', 'LR-MONROVIA'),
('es-ES', 'Monrovia', 'LR-MONROVIA'),
('es-ES', 'Trípoli', 'LY-TRIPOLIS'),
('fr-FR', 'Tripoli', 'LY-TRIPOLIS'),
('en-US', 'Tripolis', 'LY-TRIPOLIS'),
('pt-PT', 'Trípoli', 'LY-TRIPOLIS'),
('de-DE', 'Tripolis', 'LY-TRIPOLIS'),
('es-ES', 'Vaduz', 'LI-VADUZ'),
('en-US', 'Vaduz', 'LI-VADUZ'),
('fr-FR', 'Vaduz', 'LI-VADUZ'),
('pt-PT', 'Vaduz', 'LI-VADUZ'),
('de-DE', 'Vaduz', 'LI-VADUZ'),
('fr-FR', 'Vilnius', 'LT-VILNIUS'),
('en-US', 'Vilnius', 'LT-VILNIUS'),
('de-DE', 'Vilnius', 'LT-VILNIUS'),
('es-ES', 'Vilna', 'LT-VILNIUS'),
('pt-PT', 'Vilnius', 'LT-VILNIUS'),
('fr-FR', 'Luxembourg', 'LU-LUXEMBOURG'),
('de-DE', 'Luxembourg', 'LU-LUXEMBOURG'),
('en-US', 'Luxembourg', 'LU-LUXEMBOURG'),
('es-ES', 'Luxembourg', 'LU-LUXEMBOURG'),
('pt-PT', 'Luxembourg', 'LU-LUXEMBOURG'),
('en-US', 'Macao', 'MO-MACAO'),
('pt-PT', 'Macau', 'MO-MACAO'),
('es-ES', 'Macao', 'MO-MACAO'),
('fr-FR', 'Macao', 'MO-MACAO'),
('de-DE', 'Macau', 'MO-MACAO'),
('fr-FR', 'Antananarivo', 'MG-ANTANANARIVO'),
('en-US', 'Antananarivo', 'MG-ANTANANARIVO'),
('pt-PT', 'Antananarivo', 'MG-ANTANANARIVO'),
('de-DE', 'Antananarivo', 'MG-ANTANANARIVO'),
('es-ES', 'Antananarivo', 'MG-ANTANANARIVO'),
('pt-PT', 'Lilongué', 'MW-LILONGWE'),
('en-US', 'Lilongwe', 'MW-LILONGWE'),
('fr-FR', 'Lilongwe', 'MW-LILONGWE'),
('de-DE', 'Lilongwe', 'MW-LILONGWE'),
('es-ES', 'Lilongüe', 'MW-LILONGWE'),
('pt-PT', 'Kuala Lumpur e Putrajaya (capitais administrativas)', 'MY-KUALA-LUMPUR'),
('en-US', 'Kuala Lumpur and Putrajaya (administrative capitals)', 'MY-KUALA-LUMPUR'),
('de-DE', 'Kuala Lumpur und Putrajaya (Verwaltungshauptstädte)', 'MY-KUALA-LUMPUR'),
('es-ES', 'Kuala Lumpur y Putrajaya (capitales administrativas)', 'MY-KUALA-LUMPUR'),
('fr-FR', 'Kuala Lumpur et Putrajaya (capitales administratives)', 'MY-KUALA-LUMPUR'),
('es-ES', 'Malé', 'MV-MALE'),
('fr-FR', 'Malé', 'MV-MALE'),
('pt-PT', 'Malé', 'MV-MALE'),
('en-US', 'Male', 'MV-MALE'),
('de-DE', 'Malé', 'MV-MALE'),
('es-ES', 'Bamako', 'ML-BAMAKO'),
('fr-FR', 'Bamako', 'ML-BAMAKO'),
('pt-PT', 'Bamaco', 'ML-BAMAKO'),
('en-US', 'Bamako', 'ML-BAMAKO'),
('de-DE', 'Bamako', 'ML-BAMAKO'),
('de-DE', 'Valletta', 'MT-VALLETTA'),
('es-ES', 'La Valeta', 'MT-VALLETTA'),
('pt-PT', 'Valeta', 'MT-VALLETTA'),
('en-US', 'Valletta', 'MT-VALLETTA'),
('fr-FR', 'La Valette', 'MT-VALLETTA'),
('de-DE', 'Majuro', 'MH-MAJURO'),
('es-ES', 'Majuro', 'MH-MAJURO'),
('en-US', 'Majuro', 'MH-MAJURO'),
('fr-FR', 'Majuro', 'MH-MAJURO'),
('pt-PT', 'Majuro', 'MH-MAJURO'),
('de-DE', 'Fort-de-France', 'MQ-FORT-DE-FRANCE'),
('en-US', 'Fort-de-France', 'MQ-FORT-DE-FRANCE'),
('es-ES', 'Fort-de-France', 'MQ-FORT-DE-FRANCE'),
('fr-FR', 'Fort-de-France', 'MQ-FORT-DE-FRANCE'),
('pt-PT', 'Forte da França', 'MQ-FORT-DE-FRANCE'),
('en-US', 'Nouakchott', 'MR-NOUAKCHOTT'),
('pt-PT', 'Nuaquexote', 'MR-NOUAKCHOTT'),
('fr-FR', 'Nouakchott', 'MR-NOUAKCHOTT'),
('es-ES', 'Nuakchot', 'MR-NOUAKCHOTT'),
('de-DE', 'Nouakchott', 'MR-NOUAKCHOTT'),
('es-ES', 'Port-Louis', 'MU-PORT-LOUIS'),
('pt-PT', 'Porto Luís', 'MU-PORT-LOUIS'),
('en-US', 'Port Louis', 'MU-PORT-LOUIS'),
('fr-FR', 'Port-Louis', 'MU-PORT-LOUIS'),
('de-DE', 'Port-Louis', 'MU-PORT-LOUIS'),
('es-ES', 'Mamoudzou', 'YT-MAMOUDZOU'),
('fr-FR', 'Dzaoudzi (de jure) et Mamoudzou (de facto)', 'YT-MAMOUDZOU'),
('fr-FR', 'Dzaoudzi', 'YT-MAMOUDZOU'),
('fr-FR', 'Mamoudzou', 'YT-MAMOUDZOU'),
('pt-PT', 'Mamoudzou', 'YT-MAMOUDZOU'),
('de-DE', 'Mamoudzou', 'YT-MAMOUDZOU'),
('en-US', 'Mamoudzou', 'YT-MAMOUDZOU'),
('en-US', 'Mexico', 'MX-MEXICO'),
('en-US', 'Mexico City', 'MX-MEXICO'),
('fr-FR', 'Mexico', 'MX-MEXICO'),
('fr-FR', 'Ville de Mexico', 'MX-MEXICO'),
('de-DE', 'Mexiko-Stadt', 'MX-MEXICO'),
('es-ES', 'Ciudad de México', 'MX-MEXICO'),
('pt-PT', 'Cidade do México', 'MX-MEXICO'),
('es-ES', 'Palikir', 'FM-PALIKIR'),
('fr-FR', 'Palikir', 'FM-PALIKIR'),
('en-US', 'Palikir', 'FM-PALIKIR'),
('de-DE', 'Palikir', 'FM-PALIKIR'),
('pt-PT', 'Paliquir', 'FM-PALIKIR'),
('de-DE', 'Chișinău', 'MD-CHISINAU'),
('fr-FR', 'Chișinău', 'MD-CHISINAU'),
('es-ES', 'Chisináu', 'MD-CHISINAU'),
('en-US', 'Chisinau', 'MD-CHISINAU'),
('pt-PT', 'Quixinau', 'MD-CHISINAU'),
('de-DE', 'Monaco', 'MC-MONACO'),
('en-US', 'Monaco', 'MC-MONACO'),
('fr-FR', 'Monaco', 'MC-MONACO'),
('es-ES', 'Mónaco', 'MC-MONACO'),
('pt-PT', 'Mónaco', 'MC-MONACO'),
('pt-PT', 'Ulã Bator', 'MN-ULAN-BATOR'),
('de-DE', 'Ulaanbaatar', 'MN-ULAN-BATOR'),
('fr-FR', 'Oulan-Bator', 'MN-ULAN-BATOR'),
('es-ES', 'Ulán Bator', 'MN-ULAN-BATOR'),
('en-US', 'Ulan Bator', 'MN-ULAN-BATOR'),
('fr-FR', 'Podgorica', 'ME-PODGORICA'),
('en-US', 'Podgorica', 'ME-PODGORICA'),
('de-DE', 'Podgorica', 'ME-PODGORICA'),
('es-ES', 'Podgorica', 'ME-PODGORICA'),
('pt-PT', 'Podgoritza', 'ME-PODGORICA'),
('es-ES', 'Plymouth (de jure) y Brades (de facto)', 'MS-PLYMOUTH'),
('es-ES', 'Plymouth', 'MS-PLYMOUTH'),
('es-ES', 'Brades', 'MS-PLYMOUTH'),
('pt-PT', 'Plymouth (de jure) e Brades (de facto)', 'MS-PLYMOUTH'),
('pt-PT', 'Plymouth', 'MS-PLYMOUTH'),
('pt-PT', 'Brades', 'MS-PLYMOUTH'),
('en-US', 'Plymouth (de jure) and Brades (de facto)', 'MS-PLYMOUTH'),
('en-US', 'Plymouth', 'MS-PLYMOUTH'),
('en-US', 'Brades', 'MS-PLYMOUTH'),
('fr-FR', 'Plymouth (de jure) et Brades (de facto)', 'MS-PLYMOUTH'),
('fr-FR', 'Plymouth', 'MS-PLYMOUTH'),
('fr-FR', 'Brades', 'MS-PLYMOUTH'),
('de-DE', 'Plymouth (de jure) und Brades (de facto)', 'MS-PLYMOUTH'),
('de-DE', 'Plymouth', 'MS-PLYMOUTH'),
('de-DE', 'Brades', 'MS-PLYMOUTH'),
('en-US', 'Rabat', 'MA-RABAT'),
('fr-FR', 'Rabat', 'MA-RABAT'),
('es-ES', 'Rabat', 'MA-RABAT'),
('pt-PT', 'Rabat', 'MA-RABAT'),
('de-DE', 'Rabat', 'MA-RABAT'),
('pt-PT', 'Maputo', 'MZ-MAPUTO'),
('de-DE', 'Maputo', 'MZ-MAPUTO'),
('fr-FR', 'Maputo', 'MZ-MAPUTO'),
('es-ES', 'Maputo', 'MZ-MAPUTO'),
('en-US', 'Maputo', 'MZ-MAPUTO'),
('es-ES', 'Naipyidó', 'MM-NAY-PYI-TAW'),
('de-DE', 'Naypyidaw', 'MM-NAY-PYI-TAW'),
('pt-PT', 'Nepiedó', 'MM-NAY-PYI-TAW'),
('fr-FR', 'Naypyidaw', 'MM-NAY-PYI-TAW'),
('en-US', 'Nay Pyi Taw', 'MM-NAY-PYI-TAW'),
('de-DE', 'Windhoek', 'NA-WINDHOEK'),
('fr-FR', 'Windhoek', 'NA-WINDHOEK'),
('es-ES', 'Windhoek', 'NA-WINDHOEK'),
('pt-PT', 'Vinduque', 'NA-WINDHOEK'),
('en-US', 'Windhoek', 'NA-WINDHOEK'),
('en-US', 'Yaren', 'NR-YAREN'),
('es-ES', 'Yaren', 'NR-YAREN'),
('pt-PT', 'Yaren', 'NR-YAREN'),
('fr-FR', 'Yaren', 'NR-YAREN'),
('de-DE', 'Yaren', 'NR-YAREN'),
('de-DE', 'Kathmandu', 'NP-KATHMANDU'),
('pt-PT', 'Catmandu', 'NP-KATHMANDU'),
('fr-FR', 'Katmandou', 'NP-KATHMANDU'),
('es-ES', 'Katmandú', 'NP-KATHMANDU'),
('en-US', 'Kathmandu', 'NP-KATHMANDU'),
('pt-PT', 'Amesterdão (capital) e Haia (sede do governo)', 'NL-AMSTERDAM'),
('pt-PT', 'Amesterdão', 'NL-AMSTERDAM'),
('pt-PT', 'Haia', 'NL-AMSTERDAM'),
('es-ES', 'Ámsterdam (capital) y La Haya (sede del gobierno)', 'NL-AMSTERDAM'),
('es-ES', 'Ámsterdam', 'NL-AMSTERDAM'),
('es-ES', 'La Haya', 'NL-AMSTERDAM'),
('de-DE', 'Amsterdam (Hauptstadt) und Den Haag (Regierungssitz)', 'NL-AMSTERDAM'),
('de-DE', 'Amsterdam', 'NL-AMSTERDAM'),
('de-DE', 'Den Haag', 'NL-AMSTERDAM'),
('fr-FR', 'Amsterdam (capitale) et La Haye (siège du gouvernement)', 'NL-AMSTERDAM'),
('fr-FR', 'Amsterdam', 'NL-AMSTERDAM'),
('fr-FR', 'La Haye', 'NL-AMSTERDAM'),
('en-US', 'Amsterdam (capital) and The Hague (seat of government)', 'NL-AMSTERDAM'),
('en-US', 'Amsterdam', 'NL-AMSTERDAM'),
('en-US', 'The Hague', 'NL-AMSTERDAM'),
('fr-FR', 'Nouméa', 'NC-NOUMEA'),
('en-US', 'Noumea', 'NC-NOUMEA'),
('pt-PT', 'Numeá', 'NC-NOUMEA'),
('es-ES', 'Numea', 'NC-NOUMEA'),
('de-DE', 'Nouméa', 'NC-NOUMEA'),
('fr-FR', 'Wellington', 'NZ-WELLINGTON'),
('de-DE', 'Wellington', 'NZ-WELLINGTON'),
('pt-PT', 'Wellington', 'NZ-WELLINGTON'),
('en-US', 'Wellington', 'NZ-WELLINGTON'),
('es-ES', 'Wellington', 'NZ-WELLINGTON'),
('es-ES', 'Managua', 'NI-MANAGUA'),
('de-DE', 'Managua', 'NI-MANAGUA'),
('pt-PT', 'Manágua', 'NI-MANAGUA'),
('fr-FR', 'Managua', 'NI-MANAGUA'),
('en-US', 'Managua', 'NI-MANAGUA'),
('fr-FR', 'Niamey', 'NE-NIAMEY'),
('en-US', 'Niamey', 'NE-NIAMEY'),
('de-DE', 'Niamey', 'NE-NIAMEY'),
('es-ES', 'Niamey', 'NE-NIAMEY'),
('pt-PT', 'Niamei', 'NE-NIAMEY'),
('es-ES', 'Abuya', 'NG-ABUJA'),
('de-DE', 'Abuja', 'NG-ABUJA'),
('en-US', 'Abuja', 'NG-ABUJA'),
('pt-PT', 'Abuja', 'NG-ABUJA'),
('fr-FR', 'Abuja', 'NG-ABUJA'),
('es-ES', 'Alofi', 'NU-ALOFI'),
('de-DE', 'Alofi', 'NU-ALOFI'),
('en-US', 'Alofi', 'NU-ALOFI'),
('fr-FR', 'Alofi', 'NU-ALOFI'),
('pt-PT', 'Alofi', 'NU-ALOFI'),
('fr-FR', 'Kingston ', 'NF-KINGSTON'),
('de-DE', 'Kingston ', 'NF-KINGSTON'),
('es-ES', 'Kingston ', 'NF-KINGSTON'),
('pt-PT', 'Kingston ', 'NF-KINGSTON'),
('en-US', 'Kingston', 'NF-KINGSTON'),
('pt-PT', 'Escópia', 'MK-SKOPJE'),
('en-US', 'Skopje', 'MK-SKOPJE'),
('fr-FR', 'Skopje', 'MK-SKOPJE'),
('es-ES', 'Skopie', 'MK-SKOPJE'),
('de-DE', 'Skopje', 'MK-SKOPJE'),
('es-ES', 'Saipan', 'MP-SAIPAN'),
('fr-FR', 'Saipan', 'MP-SAIPAN'),
('de-DE', 'Saipán', 'MP-SAIPAN'),
('pt-PT', 'Saipã', 'MP-SAIPAN'),
('en-US', 'Saipan', 'MP-SAIPAN'),
('en-US', 'Oslo', 'NO-OSLO'),
('de-DE', 'Oslo', 'NO-OSLO'),
('es-ES', 'Oslo', 'NO-OSLO'),
('pt-PT', 'Oslo', 'NO-OSLO'),
('fr-FR', 'Oslo', 'NO-OSLO'),
('de-DE', 'Muskat', 'OM-MUSCAT'),
('en-US', 'Muscat', 'OM-MUSCAT'),
('es-ES', 'Mascate', 'OM-MUSCAT'),
('pt-PT', 'Mascate', 'OM-MUSCAT'),
('fr-FR', 'Mascate', 'OM-MUSCAT'),
('pt-PT', 'Mascate', 'PK-ISLAMABAD'),
('en-US', 'Islamabad', 'PK-ISLAMABAD'),
('de-DE', 'Maskat', 'PK-ISLAMABAD'),
('es-ES', 'Mascate', 'PK-ISLAMABAD'),
('fr-FR', 'Mascate', 'PK-ISLAMABAD'),
('en-US', 'Melekeok', 'PW-MELEKEOK'),
('fr-FR', 'Melekeok', 'PW-MELEKEOK'),
('de-DE', 'Melekeok', 'PW-MELEKEOK'),
('es-ES', 'Melekeok', 'PW-MELEKEOK'),
('pt-PT', 'Melequeoque', 'PW-MELEKEOK'),
('en-US', 'East Jerusalem (proclaimed) and Ramallah (de facto)', 'PS-EAST-JERUSALEM'),
('en-US', 'East Jerusalem', 'PS-EAST-JERUSALEM'),
('en-US', 'Ramallah', 'PS-EAST-JERUSALEM'),
('es-ES', 'Jerusalén Este (proclamada) y Ramallah (de facto)', 'PS-EAST-JERUSALEM'),
('es-ES', 'Jerusalén Este', 'PS-EAST-JERUSALEM'),
('es-ES', 'Ramallah', 'PS-EAST-JERUSALEM'),
('pt-PT', 'Jerusalém Oriental (proclamada) e Ramallah (de facto)', 'PS-EAST-JERUSALEM'),
('pt-PT', 'Jerusalém Oriental', 'PS-EAST-JERUSALEM'),
('pt-PT', 'Ramallah', 'PS-EAST-JERUSALEM'),
('fr-FR', 'Jérusalem-Est (proclamée) et Ramallah (de facto)', 'PS-EAST-JERUSALEM'),
('fr-FR', 'Jérusalem-Est', 'PS-EAST-JERUSALEM'),
('fr-FR', 'Ramallah', 'PS-EAST-JERUSALEM'),
('de-DE', 'Ost-Jerusalem (proklamiert) und Ramallah (de facto)', 'PS-EAST-JERUSALEM'),
('de-DE', 'Ost-Jerusalem', 'PS-EAST-JERUSALEM'),
('de-DE', 'Ramallah', 'PS-EAST-JERUSALEM'),
('es-ES', 'Ciudad de Panamá', 'PA-PANAMA-CITY'),
('fr-FR', 'Panama', 'PA-PANAMA-CITY'),
('en-US', 'Panama City', 'PA-PANAMA-CITY'),
('de-DE', 'Panama-Stadt', 'PA-PANAMA-CITY'),
('pt-PT', 'Cidade do Panamá', 'PA-PANAMA-CITY'),
('pt-PT', 'Porto Moresby', 'PG-PORT-MORESBY'),
('fr-FR', 'Port Moresby', 'PG-PORT-MORESBY'),
('de-DE', 'Port Moresby', 'PG-PORT-MORESBY'),
('es-ES', 'Puerto Moresby', 'PG-PORT-MORESBY'),
('en-US', 'Port Moresby', 'PG-PORT-MORESBY'),
('de-DE', 'Asunción', 'PY-ASUNCION'),
('en-US', 'Asuncion', 'PY-ASUNCION'),
('fr-FR', 'Asuncion', 'PY-ASUNCION'),
('es-ES', 'Asunción', 'PY-ASUNCION'),
('pt-PT', 'Assunção', 'PY-ASUNCION'),
('en-US', 'Lima', 'PE-LIMA'),
('de-DE', 'Lima', 'PE-LIMA'),
('es-ES', 'Lima', 'PE-LIMA'),
('pt-PT', 'Lima', 'PE-LIMA'),
('fr-FR', 'Lima', 'PE-LIMA'),
('de-DE', 'Manila', 'PH-MANILA'),
('pt-PT', 'Manila', 'PH-MANILA'),
('fr-FR', 'Manille', 'PH-MANILA'),
('en-US', 'Manila', 'PH-MANILA'),
('es-ES', 'Manila', 'PH-MANILA'),
('en-US', 'Adamstown', 'PN-ADAMSTOWN'),
('de-DE', 'Adamstown', 'PN-ADAMSTOWN'),
('es-ES', 'Adamstown', 'PN-ADAMSTOWN'),
('pt-PT', 'Adamstown', 'PN-ADAMSTOWN'),
('fr-FR', 'Adamstown', 'PN-ADAMSTOWN'),
('de-DE', 'Warschau', 'PL-WARSAW'),
('fr-FR', 'Varsovie', 'PL-WARSAW'),
('pt-PT', 'Varsóvia', 'PL-WARSAW'),
('es-ES', 'Varsovia', 'PL-WARSAW'),
('en-US', 'Warsaw', 'PL-WARSAW'),
('pt-PT', 'Lisboa', 'PT-LISBON'),
('de-DE', 'Lissabon', 'PT-LISBON'),
('en-US', 'Lisbon', 'PT-LISBON'),
('es-ES', 'Lisboa', 'PT-LISBON'),
('fr-FR', 'Lisbonne', 'PT-LISBON'),
('de-DE', 'San Juan', 'PR-SAN-JUAN'),
('en-US', 'San Juan', 'PR-SAN-JUAN'),
('pt-PT', 'San Juan', 'PR-SAN-JUAN'),
('es-ES', 'San Juan', 'PR-SAN-JUAN'),
('fr-FR', 'San Juan', 'PR-SAN-JUAN'),
('pt-PT', 'Doha', 'QA-DOHA'),
('de-DE', 'Doha', 'QA-DOHA'),
('en-US', 'Doha', 'QA-DOHA'),
('fr-FR', 'Doha', 'QA-DOHA'),
('es-ES', 'Doha', 'QA-DOHA'),
('fr-FR', 'Saint-Denis', 'RE-SAINT-DENIS'),
('pt-PT', 'São Dinis', 'RE-SAINT-DENIS'),
('en-US', 'Saint-Denis', 'RE-SAINT-DENIS'),
('de-DE', 'Saint-Denis', 'RE-SAINT-DENIS'),
('es-ES', 'Saint-Denis', 'RE-SAINT-DENIS'),
('pt-PT', 'Bucareste', 'RO-BUCHAREST'),
('es-ES', 'Bucarest', 'RO-BUCHAREST'),
('en-US', 'Bucharest', 'RO-BUCHAREST'),
('fr-FR', 'Bucarest', 'RO-BUCHAREST'),
('de-DE', 'Bukarest', 'RO-BUCHAREST'),
('en-US', 'Moscow', 'RU-MOSCOW'),
('de-DE', 'Moskau', 'RU-MOSCOW'),
('es-ES', 'Moscú', 'RU-MOSCOW'),
('pt-PT', 'Moscovo', 'RU-MOSCOW'),
('fr-FR', 'Moscou', 'RU-MOSCOW'),
('de-DE', 'Kigali', 'RW-KIGALI'),
('es-ES', 'Kigali', 'RW-KIGALI'),
('pt-PT', 'Quigali', 'RW-KIGALI'),
('fr-FR', 'Kigali', 'RW-KIGALI'),
('en-US', 'Kigali', 'RW-KIGALI'),
('es-ES', 'Gustavia', 'BL-GUSTAVIA'),
('pt-PT', 'Gustávia', 'BL-GUSTAVIA'),
('en-US', 'Gustavia', 'BL-GUSTAVIA'),
('fr-FR', 'Gustavia', 'BL-GUSTAVIA'),
('de-DE', 'Gustavia', 'BL-GUSTAVIA'),
('fr-FR', 'Jamestown', 'SH-JAMESTOWN'),
('es-ES', 'Jamestown', 'SH-JAMESTOWN'),
('en-US', 'Jamestown', 'SH-JAMESTOWN'),
('pt-PT', 'Jamestown', 'SH-JAMESTOWN'),
('de-DE', 'Jamestown', 'SH-JAMESTOWN'),
('en-US', 'Basseterre', 'KN-BASSETERRE'),
('fr-FR', 'Basseterre', 'KN-BASSETERRE'),
('pt-PT', 'Basseterre', 'KN-BASSETERRE'),
('de-DE', 'Basseterre', 'KN-BASSETERRE'),
('es-ES', 'Basseterre', 'KN-BASSETERRE'),
('fr-FR', 'Castries', 'LC-CASTRIES'),
('de-DE', 'Castries', 'LC-CASTRIES'),
('en-US', 'Castries', 'LC-CASTRIES'),
('pt-PT', 'Castries', 'LC-CASTRIES'),
('es-ES', 'Castries', 'LC-CASTRIES'),
('es-ES', 'Marigot', 'MF-MARIGOT'),
('de-DE', 'Marigot', 'MF-MARIGOT'),
('fr-FR', 'Marigot', 'MF-MARIGOT'),
('pt-PT', 'Marigot', 'MF-MARIGOT'),
('en-US', 'Marigot', 'MF-MARIGOT'),
('fr-FR', 'Saint-Pierre', 'PM-SAINT-PIERRE'),
('de-DE', 'Saint-Pierre', 'PM-SAINT-PIERRE'),
('pt-PT', 'São Pedro', 'PM-SAINT-PIERRE'),
('en-US', 'Saint-Pierre', 'PM-SAINT-PIERRE'),
('es-ES', 'San Pedro', 'PM-SAINT-PIERRE'),
('de-DE', 'Kingstown', 'VC-KINGSTOWN'),
('en-US', 'Kingstown', 'VC-KINGSTOWN'),
('es-ES', 'Kingstown', 'VC-KINGSTOWN'),
('pt-PT', 'Kingstown', 'VC-KINGSTOWN'),
('fr-FR', 'Kingstown', 'VC-KINGSTOWN'),
('es-ES', 'Apia', 'WS-APIA'),
('pt-PT', 'Apia', 'WS-APIA'),
('en-US', 'Apia', 'WS-APIA'),
('de-DE', 'Apia', 'WS-APIA'),
('fr-FR', 'Apia', 'WS-APIA'),
('es-ES', 'Ciudad de San Marino', 'SM-SAN-MARINO'),
('es-ES', 'San Marino', 'SM-SAN-MARINO'),
('de-DE', 'Stadt San Marino', 'SM-SAN-MARINO'),
('de-DE', 'San Marino', 'SM-SAN-MARINO'),
('pt-PT', 'São Marino', 'SM-SAN-MARINO'),
('pt-PT', 'República de San Marino', 'SM-SAN-MARINO'),
('pt-PT', 'São Marinho', 'SM-SAN-MARINO'),
('pt-PT', 'Sereníssima República de San Marino', 'SM-SAN-MARINO'),
('fr-FR', 'Ville de Saint-Marin', 'SM-SAN-MARINO'),
('en-US', 'San Marino', 'SM-SAN-MARINO'),
('de-DE', 'São Tomé', 'ST-SAO-TOME'),
('pt-PT', 'São Tomé', 'ST-SAO-TOME'),
('fr-FR', 'São Tomé', 'ST-SAO-TOME'),
('en-US', 'Sao Tome', 'ST-SAO-TOME'),
('es-ES', 'Santo Tomé', 'ST-SAO-TOME'),
('es-ES', 'Riad', 'SA-RIYADH'),
('pt-PT', 'Riade', 'SA-RIYADH'),
('de-DE', 'Riad', 'SA-RIYADH'),
('en-US', 'Riyadh', 'SA-RIYADH'),
('fr-FR', 'Riyad', 'SA-RIYADH'),
('fr-FR', 'Dakar', 'SN-DAKAR'),
('en-US', 'Dakar', 'SN-DAKAR'),
('de-DE', 'Dakar', 'SN-DAKAR'),
('es-ES', 'Dakar', 'SN-DAKAR'),
('pt-PT', 'Dacar', 'SN-DAKAR'),
('es-ES', 'Belgrado', 'RS-BELGRADE'),
('de-DE', 'Belgrad', 'RS-BELGRADE'),
('fr-FR', 'Belgrade', 'RS-BELGRADE'),
('pt-PT', 'Belgrado', 'RS-BELGRADE'),
('en-US', 'Belgrade', 'RS-BELGRADE'),
('de-DE', 'Victoria', 'SC-VICTORIA'),
('en-US', 'Victoria', 'SC-VICTORIA'),
('pt-PT', 'Vitória', 'SC-VICTORIA'),
('es-ES', 'Victoria', 'SC-VICTORIA'),
('fr-FR', 'Victoria', 'SC-VICTORIA'),
('en-US', 'Freetown', 'SL-FREETOWN'),
('de-DE', 'Freetown', 'SL-FREETOWN'),
('es-ES', 'Freetown', 'SL-FREETOWN'),
('pt-PT', 'Freetown', 'SL-FREETOWN'),
('fr-FR', 'Freetown', 'SL-FREETOWN'),
('fr-FR', 'Singapour', 'SG-SINGAPUR'),
('de-DE', 'Singapur', 'SG-SINGAPUR'),
('pt-PT', 'Singapura', 'SG-SINGAPUR'),
('en-US', 'Singapur', 'SG-SINGAPUR'),
('es-ES', 'Singapur', 'SG-SINGAPUR'),
('de-DE', 'Philipsburg', 'SX-PHILIPSBURG'),
('fr-FR', 'Philipsburg ', 'SX-PHILIPSBURG'),
('es-ES', 'Philipsburg', 'SX-PHILIPSBURG'),
('pt-PT', 'Philipsburg', 'SX-PHILIPSBURG'),
('en-US', 'Philipsburg', 'SX-PHILIPSBURG'),
('de-DE', 'Bratislava', 'SK-BRATISLAVA'),
('es-ES', 'Bratislava', 'SK-BRATISLAVA'),
('en-US', 'Bratislava', 'SK-BRATISLAVA'),
('pt-PT', 'Bratislava', 'SK-BRATISLAVA'),
('fr-FR', 'Bratislava', 'SK-BRATISLAVA'),
('de-DE', 'Ljubljana', 'SI-LJUBLJANA'),
('en-US', 'Ljubljana', 'SI-LJUBLJANA'),
('es-ES', 'Liubliana', 'SI-LJUBLJANA'),
('pt-PT', 'Liubliana', 'SI-LJUBLJANA'),
('fr-FR', 'Ljubljana', 'SI-LJUBLJANA'),
('fr-FR', 'Honiara', 'SB-HONIARA'),
('es-ES', 'Honiara', 'SB-HONIARA'),
('en-US', 'Honiara', 'SB-HONIARA'),
('de-DE', 'Honiara', 'SB-HONIARA'),
('pt-PT', 'Honiara', 'SB-HONIARA'),
('es-ES', 'Mogadiscio', 'SO-MOGADISHU'),
('fr-FR', 'Mogadiscio', 'SO-MOGADISHU'),
('en-US', 'Mogadishu', 'SO-MOGADISHU'),
('de-DE', 'Mogadischu', 'SO-MOGADISHU'),
('pt-PT', 'Mogadíscio', 'SO-MOGADISHU'),
('fr-FR', 'Mogadiscio', 'ZA-PRETORIA'),
('de-DE', 'Mogadischu', 'ZA-PRETORIA'),
('es-ES', 'Mogadiscio', 'ZA-PRETORIA'),
('en-US', 'Pretoria', 'ZA-PRETORIA'),
('pt-PT', 'Mogadíscio', 'ZA-PRETORIA'),
('de-DE', 'King Edward Point', 'GS-KING-EDWARD-POINT'),
('fr-FR', 'King Edward Point', 'GS-KING-EDWARD-POINT'),
('es-ES', 'Base King Edward Point', 'GS-KING-EDWARD-POINT'),
('pt-PT', 'Cabo Rei Eduardo', 'GS-KING-EDWARD-POINT'),
('en-US', 'King Edward Point', 'GS-KING-EDWARD-POINT'),
('de-DE', 'Juba', 'SS-JUBA'),
('fr-FR', 'Djouba', 'SS-JUBA'),
('es-ES', 'Yuba', 'SS-JUBA'),
('en-US', 'Juba', 'SS-JUBA'),
('pt-PT', 'Juba', 'SS-JUBA'),
('de-DE', 'Madrid', 'ES-MADRID'),
('fr-FR', 'Madrid', 'ES-MADRID'),
('en-US', 'Madrid', 'ES-MADRID'),
('es-ES', 'Madrid', 'ES-MADRID'),
('pt-PT', 'Madrid', 'ES-MADRID'),
('es-ES', 'Sri Jayawardenapura Kotte (político y administrativo) y Colombo (económico)', 'LK-SRI-JAYAWARDENAPURA-KOTTE'),
('es-ES', 'Sri Jayawardenapura Kotte', 'LK-SRI-JAYAWARDENAPURA-KOTTE'),
('es-ES', 'Colombo', 'LK-SRI-JAYAWARDENAPURA-KOTTE'),
('fr-FR', 'Sri Jayawardenapura Kotte (politique et administrative) et Colombo (économique)', 'LK-SRI-JAYAWARDENAPURA-KOTTE'),
('fr-FR', 'Sri Jayawardenapura Kotte', 'LK-SRI-JAYAWARDENAPURA-KOTTE'),
('fr-FR', 'Colombo', 'LK-SRI-JAYAWARDENAPURA-KOTTE'),
('pt-PT', 'Sri Jayawardenapura Kotte (político e administrativo) e Colombo (económico)', 'LK-SRI-JAYAWARDENAPURA-KOTTE'),
('pt-PT', 'Sri Jayawardenapura Kotte', 'LK-SRI-JAYAWARDENAPURA-KOTTE'),
('pt-PT', 'Colombo', 'LK-SRI-JAYAWARDENAPURA-KOTTE'),
('de-DE', 'Sri Jayawardenapura Kotte (Politik und Verwaltung) und Colombo (Wirtschaft)', 'LK-SRI-JAYAWARDENAPURA-KOTTE'),
('de-DE', 'Sri Jayawardenapura Kotte', 'LK-SRI-JAYAWARDENAPURA-KOTTE'),
('de-DE', 'Colombo', 'LK-SRI-JAYAWARDENAPURA-KOTTE'),
('en-US', 'Sri Jayawardenapura Kotte (political and administrative) and Colombo (economic)', 'LK-SRI-JAYAWARDENAPURA-KOTTE'),
('en-US', 'Sri Jayawardenapura Kotte', 'LK-SRI-JAYAWARDENAPURA-KOTTE'),
('en-US', 'Colombo', 'LK-SRI-JAYAWARDENAPURA-KOTTE'),
('fr-FR', 'Khartoum', 'SD-KHARTOUM'),
('es-ES', 'Jartum', 'SD-KHARTOUM'),
('de-DE', 'Khartum', 'SD-KHARTOUM'),
('en-US', 'Khartoum', 'SD-KHARTOUM'),
('pt-PT', 'Cartum', 'SD-KHARTOUM'),
('fr-FR', 'Paramaribo', 'SR-PARAMARIBO'),
('es-ES', 'Paramaribo', 'SR-PARAMARIBO'),
('en-US', 'Paramaribo', 'SR-PARAMARIBO'),
('de-DE', 'Paramaribo', 'SR-PARAMARIBO'),
('pt-PT', 'Paramaribo', 'SR-PARAMARIBO'),
('fr-FR', 'Longyearbyen', 'SJ-LONGYEARBYEN'),
('es-ES', 'Longyearbyen', 'SJ-LONGYEARBYEN'),
('pt-PT', 'Longyearbyen', 'SJ-LONGYEARBYEN'),
('en-US', 'Longyearbyen', 'SJ-LONGYEARBYEN'),
('de-DE', 'Longyearbyen', 'SJ-LONGYEARBYEN'),
('pt-PT', 'Estocolmo', 'SE-STOCKHOLM'),
('fr-FR', 'Stockholm', 'SE-STOCKHOLM'),
('de-DE', 'Stockholm', 'SE-STOCKHOLM'),
('en-US', 'Stockholm', 'SE-STOCKHOLM'),
('es-ES', 'Estocolmo', 'SE-STOCKHOLM'),
('en-US', 'Berne', 'CH-BERNE'),
('pt-PT', 'Estocolmo', 'CH-BERNE'),
('fr-FR', 'Stockholm', 'CH-BERNE'),
('es-ES', 'Estocolmo', 'CH-BERNE'),
('de-DE', 'Stockholm', 'CH-BERNE'),
('fr-FR', 'Damas', 'SY-DAMASCUS'),
('es-ES', 'Damasco', 'SY-DAMASCUS'),
('de-DE', 'Damaskus', 'SY-DAMASCUS'),
('en-US', 'Damascus', 'SY-DAMASCUS'),
('pt-PT', 'Damasco', 'SY-DAMASCUS'),
('fr-FR', 'Taipei', 'TW-TAIPEI'),
('en-US', 'Taipei', 'TW-TAIPEI'),
('de-DE', 'Taipeh', 'TW-TAIPEI'),
('es-ES', 'Taipéi', 'TW-TAIPEI'),
('pt-PT', 'Taipé', 'TW-TAIPEI'),
('es-ES', 'Dusambé', 'TJ-DUSHANBE'),
('de-DE', 'Duschanbe', 'TJ-DUSHANBE'),
('en-US', 'Dushanbe', 'TJ-DUSHANBE'),
('fr-FR', 'Douchanbé', 'TJ-DUSHANBE'),
('pt-PT', 'Duxambé', 'TJ-DUSHANBE'),
('fr-FR', 'Dodoma', 'TZ-DODOMA'),
('en-US', 'Dodoma', 'TZ-DODOMA'),
('pt-PT', 'Dodoma', 'TZ-DODOMA'),
('de-DE', 'Dodoma', 'TZ-DODOMA'),
('es-ES', 'Dodoma', 'TZ-DODOMA'),
('fr-FR', 'Bangkok', 'TH-BANGKOK'),
('es-ES', 'Bangkok', 'TH-BANGKOK'),
('en-US', 'Bangkok', 'TH-BANGKOK'),
('pt-PT', 'Banguecoque', 'TH-BANGKOK'),
('de-DE', 'Bangkok', 'TH-BANGKOK'),
('en-US', 'Dili', 'TL-DILI'),
('fr-FR', 'Dili', 'TL-DILI'),
('pt-PT', 'Díli', 'TL-DILI'),
('de-DE', 'Dili', 'TL-DILI'),
('es-ES', 'Dili', 'TL-DILI'),
('en-US', 'Lome', 'TG-LOME'),
('fr-FR', 'Lomé', 'TG-LOME'),
('es-ES', 'Lomé', 'TG-LOME'),
('pt-PT', 'Lomé', 'TG-LOME'),
('de-DE', 'Lomé', 'TG-LOME'),
('de-DE', 'Keine. Jedes der drei Atolle (Atafu, Nukunonu und Fakaofo) hat sein eigenes Verwaltungszentrum', 'TK-ATAFU'),
('de-DE', 'Atafu', 'TK-ATAFU'),
('de-DE', 'Nukunonu', 'TK-ATAFU'),
('de-DE', 'Fakaofo', 'TK-ATAFU'),
('es-ES', 'Ninguna. Cada uno de los tres atolones (Atafu, Nukunonu y Fakaofo) tiene su propio centro administrativo', 'TK-ATAFU'),
('es-ES', 'Atafu', 'TK-ATAFU'),
('es-ES', 'Nukunonu', 'TK-ATAFU'),
('es-ES', 'Fakaofo', 'TK-ATAFU'),
('pt-PT', 'Nenhuma. Cada um dos três atóis (Atafu, Nukunonu e Fakaofo) tem o seu próprio centro administrativo', 'TK-ATAFU'),
('pt-PT', 'Atafu', 'TK-ATAFU'),
('pt-PT', 'Nukunonu', 'TK-ATAFU'),
('pt-PT', 'Fakaofo', 'TK-ATAFU'),
('en-US', 'None. Each of the three atolls (Atafu, Nukunonu and Fakaofo) has its own administrative center', 'TK-ATAFU'),
('en-US', 'Atafu', 'TK-ATAFU'),
('en-US', 'Nukunonu', 'TK-ATAFU'),
('en-US', 'Fakaofo', 'TK-ATAFU'),
('fr-FR', 'Aucune. Chacun des trois atolls (Atafu, Nukunonu et Fakaofo) possède son propre centre administratif', 'TK-ATAFU'),
('fr-FR', 'Atafu', 'TK-ATAFU'),
('fr-FR', 'Nukunonu', 'TK-ATAFU'),
('fr-FR', 'Fakaofo', 'TK-ATAFU'),
('pt-PT', 'Nucualofa', 'TO-NUKU-ALOFA'),
('es-ES', 'Nukualofa', 'TO-NUKU-ALOFA'),
('fr-FR', 'Nukuʻalofa', 'TO-NUKU-ALOFA'),
('en-US', 'Nuku''alofa', 'TO-NUKU-ALOFA'),
('de-DE', 'Nukuʻalofa', 'TO-NUKU-ALOFA'),
('es-ES', 'Puerto España', 'TT-PORT-OF-SPAIN'),
('de-DE', 'Port of Spain', 'TT-PORT-OF-SPAIN'),
('en-US', 'Port of Spain', 'TT-PORT-OF-SPAIN'),
('pt-PT', 'Port of Spain', 'TT-PORT-OF-SPAIN'),
('fr-FR', 'Port-d''Espagne', 'TT-PORT-OF-SPAIN'),
('fr-FR', 'Port of Spain', 'TT-PORT-OF-SPAIN'),
('de-DE', 'Tunis', 'TN-TUNIS'),
('en-US', 'Tunis', 'TN-TUNIS'),
('es-ES', 'Túnez', 'TN-TUNIS'),
('pt-PT', 'Tunes', 'TN-TUNIS'),
('fr-FR', 'Tunis', 'TN-TUNIS'),
('pt-PT', 'Ancara', 'TR-ANKARA'),
('en-US', 'Ankara', 'TR-ANKARA'),
('es-ES', 'Ankara', 'TR-ANKARA'),
('fr-FR', 'Ankara', 'TR-ANKARA'),
('de-DE', 'Ankara', 'TR-ANKARA'),
('de-DE', 'Aşgabat', 'TM-ASHGABAT'),
('en-US', 'Ashgabat', 'TM-ASHGABAT'),
('es-ES', 'Asjabad', 'TM-ASHGABAT'),
('pt-PT', 'Asgabade', 'TM-ASHGABAT'),
('fr-FR', 'Achgabat', 'TM-ASHGABAT'),
('fr-FR', 'Cockburn Town', 'TC-COCKBURN-TOWN'),
('es-ES', 'Cockburn Town', 'TC-COCKBURN-TOWN'),
('pt-PT', 'Cockburn Town', 'TC-COCKBURN-TOWN'),
('en-US', 'Cockburn Town', 'TC-COCKBURN-TOWN'),
('de-DE', 'Cockburn Town', 'TC-COCKBURN-TOWN'),
('de-DE', 'Funafuti', 'TV-FUNAFUTI'),
('es-ES', 'Funafuti', 'TV-FUNAFUTI'),
('en-US', 'Funafuti', 'TV-FUNAFUTI'),
('fr-FR', 'Funafuti', 'TV-FUNAFUTI'),
('pt-PT', 'Funafuti', 'TV-FUNAFUTI'),
('en-US', 'Kampala', 'UG-KAMPALA'),
('pt-PT', 'Campala', 'UG-KAMPALA'),
('fr-FR', 'Kampala', 'UG-KAMPALA'),
('de-DE', 'Kampala', 'UG-KAMPALA'),
('es-ES', 'Kampala', 'UG-KAMPALA'),
('de-DE', 'Kyiv', 'UA-KYIV'),
('de-DE', 'Kiev', 'UA-KYIV'),
('fr-FR', 'Kyiv', 'UA-KYIV'),
('fr-FR', 'Kiev', 'UA-KYIV'),
('fr-FR', 'Kyjiw', 'UA-KYIV'),
('fr-FR', 'Kyïv', 'UA-KYIV'),
('en-US', 'Kyiv', 'UA-KYIV'),
('en-US', 'Kiev', 'UA-KYIV'),
('es-ES', 'Kyiv', 'UA-KYIV'),
('es-ES', 'Kiev', 'UA-KYIV'),
('pt-PT', 'Kyiv', 'UA-KYIV'),
('pt-PT', 'Kiev', 'UA-KYIV'),
('pt-PT', 'Quieve', 'UA-KYIV'),
('de-DE', 'Abu Dhabi', 'AE-ABU-DHABI'),
('pt-PT', 'Abu Dhabi', 'AE-ABU-DHABI'),
('es-ES', 'Abu Dabi', 'AE-ABU-DHABI'),
('fr-FR', 'Abou Dabi', 'AE-ABU-DHABI'),
('fr-FR', 'Abu Dhabi', 'AE-ABU-DHABI'),
('fr-FR', 'Abou Dhabi', 'AE-ABU-DHABI'),
('fr-FR', 'Aboû Dabî', 'AE-ABU-DHABI'),
('en-US', 'Abu Dhabi', 'AE-ABU-DHABI'),
('pt-PT', 'Londres', 'GB-LONDON'),
('es-ES', 'Londres', 'GB-LONDON'),
('en-US', 'London', 'GB-LONDON'),
('fr-FR', 'Londres', 'GB-LONDON'),
('de-DE', 'London', 'GB-LONDON'),
('fr-FR', 'Washington D.C.', 'US-WASHINGTON-DC'),
('fr-FR', 'Washington', 'US-WASHINGTON-DC'),
('es-ES', 'Washington D.C.', 'US-WASHINGTON-DC'),
('es-ES', 'Washington', 'US-WASHINGTON-DC'),
('pt-PT', 'Washington D.C.', 'US-WASHINGTON-DC'),
('pt-PT', 'Washington', 'US-WASHINGTON-DC'),
('en-US', 'Washington D.C.', 'US-WASHINGTON-DC'),
('en-US', 'Washington', 'US-WASHINGTON-DC'),
('de-DE', 'Washington D.C.', 'US-WASHINGTON-DC'),
('de-DE', 'Washington', 'US-WASHINGTON-DC'),
('fr-FR', 'Atoll Johnston (seule ile habitée)', 'UM-JOHNSTON-ATOLL'),
('fr-FR', 'Atoll Johnston', 'UM-JOHNSTON-ATOLL'),
('de-DE', 'Johnston-Atoll (einzige bewohnte Insel)', 'UM-JOHNSTON-ATOLL'),
('de-DE', 'Johnston-Atoll', 'UM-JOHNSTON-ATOLL'),
('es-ES', 'Atolón Johnston (única isla habitada)', 'UM-JOHNSTON-ATOLL'),
('es-ES', 'Atolón Johnston', 'UM-JOHNSTON-ATOLL'),
('en-US', 'Johnston Atoll (only inhabited island)', 'UM-JOHNSTON-ATOLL'),
('en-US', 'Johnston Atoll', 'UM-JOHNSTON-ATOLL'),
('pt-PT', 'Johnston Atoll (apenas ilha habitada)', 'UM-JOHNSTON-ATOLL'),
('pt-PT', 'Atol Johnston', 'UM-JOHNSTON-ATOLL'),
('pt-PT', 'Montevidéu', 'UY-MONTEVIDEO'),
('es-ES', 'Montevideo', 'UY-MONTEVIDEO'),
('en-US', 'Montevideo', 'UY-MONTEVIDEO'),
('de-DE', 'Montevideo', 'UY-MONTEVIDEO'),
('fr-FR', 'Montevideo', 'UY-MONTEVIDEO'),
('es-ES', 'Uzbekistán', 'UZ-TASHKENT'),
('en-US', 'Tashkent', 'UZ-TASHKENT'),
('fr-FR', 'Ouzbékistan', 'UZ-TASHKENT'),
('pt-PT', 'Uzbequistão', 'UZ-TASHKENT'),
('de-DE', 'Usbekistan', 'UZ-TASHKENT'),
('en-US', 'Port Vila', 'VU-PORT-VILA'),
('pt-PT', 'Porto Vila', 'VU-PORT-VILA'),
('fr-FR', 'Port-Vila', 'VU-PORT-VILA'),
('de-DE', 'Port Vila', 'VU-PORT-VILA'),
('es-ES', 'Port Vila', 'VU-PORT-VILA'),
('pt-PT', 'Caracas', 'VE-CARACAS'),
('fr-FR', 'Caracas', 'VE-CARACAS'),
('de-DE', 'Caracas', 'VE-CARACAS'),
('en-US', 'Caracas', 'VE-CARACAS'),
('es-ES', 'Caracas', 'VE-CARACAS'),
('es-ES', 'Hanói', 'VN-HANOI'),
('fr-FR', 'Hanoï', 'VN-HANOI'),
('en-US', 'Hanoi', 'VN-HANOI'),
('pt-PT', 'Hanói', 'VN-HANOI'),
('de-DE', 'Hanoi', 'VN-HANOI'),
('en-US', 'Road Town', 'VG-ROAD-TOWN'),
('fr-FR', 'Road Town', 'VG-ROAD-TOWN'),
('pt-PT', 'Road Town', 'VG-ROAD-TOWN'),
('de-DE', 'Road Town', 'VG-ROAD-TOWN'),
('es-ES', 'Road Town', 'VG-ROAD-TOWN'),
('fr-FR', 'Charlotte-Amélie', 'VI-CHARLOTTE-AMALIE'),
('es-ES', 'Charlotte Amalie', 'VI-CHARLOTTE-AMALIE'),
('es-ES', 'Carlota Amalia', 'VI-CHARLOTTE-AMALIE'),
('de-DE', 'Charlotte Amalie', 'VI-CHARLOTTE-AMALIE'),
('pt-PT', 'Charlotte Amalie', 'VI-CHARLOTTE-AMALIE'),
('pt-PT', 'Carlota Amália)', 'VI-CHARLOTTE-AMALIE'),
('en-US', 'Charlotte Amalie', 'VI-CHARLOTTE-AMALIE'),
('fr-FR', 'Mata Utu', 'WF-MATA-UTU'),
('es-ES', 'Mata Utu', 'WF-MATA-UTU'),
('pt-PT', 'Mata Utu', 'WF-MATA-UTU'),
('en-US', 'Mata Utu', 'WF-MATA-UTU'),
('de-DE', 'Mata Utu', 'WF-MATA-UTU'),
('es-ES', 'El Aaiún', 'EH-EL-AAIUN'),
('es-ES', 'Laâyoune', 'EH-EL-AAIUN'),
('en-US', 'El-Aaiun', 'EH-EL-AAIUN'),
('en-US', 'Laâyoune', 'EH-EL-AAIUN'),
('de-DE', 'El Aaiún', 'EH-EL-AAIUN'),
('de-DE', 'Laâyoune', 'EH-EL-AAIUN'),
('pt-PT', 'El Aiune', 'EH-EL-AAIUN'),
('pt-PT', 'Laâyoune', 'EH-EL-AAIUN'),
('fr-FR', 'Laâyoune', 'EH-EL-AAIUN'),
('pt-PT', 'Sana''a (governo de Houthi) e Aden (governo internacionalmente reconhecido)', 'YE-SANA-A'),
('pt-PT', 'Sana''a', 'YE-SANA-A'),
('pt-PT', 'Aden', 'YE-SANA-A'),
('fr-FR', 'Sanaa (gouvernement houthi) et Aden (gouvernement internationalement reconnu)', 'YE-SANA-A'),
('fr-FR', 'Sanaa', 'YE-SANA-A'),
('fr-FR', 'Aden', 'YE-SANA-A'),
('en-US', 'Sana''a (Houthi government) and Aden (internationally recognized government)', 'YE-SANA-A'),
('en-US', 'Sana''a', 'YE-SANA-A'),
('en-US', 'Aden', 'YE-SANA-A'),
('es-ES', 'Sana''a (gobierno Houthi) y Aden (gobierno reconocido internacionalmente)', 'YE-SANA-A'),
('es-ES', 'Sana''a', 'YE-SANA-A'),
('es-ES', 'Aden', 'YE-SANA-A'),
('de-DE', 'Sanaa (Huthi-Regierung) und Aden (international anerkannte Regierung)', 'YE-SANA-A'),
('de-DE', 'Sanaa', 'YE-SANA-A'),
('de-DE', 'Aden', 'YE-SANA-A'),
('de-DE', 'Lusaka', 'ZM-LUSAKA'),
('es-ES', 'Lusaka', 'ZM-LUSAKA'),
('fr-FR', 'Lusaka', 'ZM-LUSAKA'),
('en-US', 'Lusaka', 'ZM-LUSAKA'),
('pt-PT', 'Lusaca', 'ZM-LUSAKA'),
('fr-FR', 'Harare', 'ZW-HARARE'),
('es-ES', 'Harare', 'ZW-HARARE'),
('pt-PT', 'Harare', 'ZW-HARARE'),
('de-DE', 'Harare', 'ZW-HARARE'),
('en-US', 'Harare', 'ZW-HARARE'),
('en-US', 'Afghanistan', 'AF'),
('en-US', 'Islamic Republic of Afghanistan', 'AF'),
('en-US', 'Islamic Emirate of Afghanistan', 'AF'),
('de-DE', 'Afghanistan', 'AF'),
('de-DE', 'Islamische Republik Afghanistan', 'AF'),
('de-DE', 'Islamisches Emirat Afghanistan', 'AF'),
('pt-PT', 'Afeganistão', 'AF'),
('pt-PT', 'Emirado Islâmico do Afeganistão', 'AF'),
('fr-FR', 'Afghanistan', 'AF'),
('fr-FR', 'République islamique d''Afghanistan', 'AF'),
('fr-FR', 'Émirat Islamique d''Afghanistan', 'AF'),
('es-ES', 'Afganistán', 'AF'),
('es-ES', 'Emirato Islámico de Afganistán', 'AF'),
('es-ES', 'República Democrática de Afganistán', 'AF'),
('pt-PT', 'Ilhas Åland', 'AX'),
('pt-PT', 'Aland', 'AX'),
('pt-PT', 'Alanda', 'AX'),
('fr-FR', 'Åland', 'AX'),
('en-US', 'Åland', 'AX'),
('en-US', 'Åland Islands', 'AX'),
('es-ES', 'Åland', 'AX'),
('de-DE', 'Åland', 'AX'),
('de-DE', 'Landskapet Åland', 'AX'),
('en-US', 'Albania', 'AL'),
('en-US', 'Republic of Albania', 'AL'),
('de-DE', 'Albanien', 'AL'),
('de-DE', 'Republika e Shqipërisë', 'AL'),
('es-ES', 'Albania', 'AL'),
('es-ES', 'República de Albania', 'AL'),
('pt-PT', 'Albânia', 'AL'),
('pt-PT', 'República da Albânia', 'AL'),
('fr-FR', 'Albanie', 'AL'),
('fr-FR', 'République d''Albanie', 'AL'),
('es-ES', 'Argelia', 'DZ'),
('es-ES', 'República Argelina Democrática y Popular', 'DZ'),
('de-DE', 'Algerien', 'DZ'),
('de-DE', 'Demokratische Volksrepublik Algerien', 'DZ'),
('pt-PT', 'Argélia', 'DZ'),
('pt-PT', 'República Argelina Democrática e Popular', 'DZ'),
('en-US', 'Algeria', 'DZ'),
('en-US', 'People''s Democratic Republic of Algeria', 'DZ'),
('fr-FR', 'Algérie', 'DZ'),
('fr-FR', 'République algérienne démocratique et populaire', 'DZ'),
('fr-FR', 'Samoa Américaines', 'AS'),
('es-ES', 'Samoa Americana', 'AS'),
('en-US', 'American Samoa', 'AS'),
('pt-PT', 'Samoa Americana', 'AS'),
('de-DE', 'Amerikanisch-Samoa', 'AS'),
('pt-PT', 'Andorra', 'AD'),
('pt-PT', 'Principado de Andorra', 'AD'),
('pt-PT', 'Principado dos Vales de Andorra', 'AD'),
('en-US', 'Andorra', 'AD'),
('de-DE', 'Andorra', 'AD'),
('fr-FR', 'Andorre', 'AD'),
('es-ES', 'Andorra', 'AD'),
('de-DE', 'Angola', 'AO'),
('en-US', 'Angola', 'AO'),
('fr-FR', 'Angola', 'AO'),
('es-ES', 'Angola', 'AO'),
('pt-PT', 'Angola', 'AO'),
('pt-PT', 'República de Angola', 'AO'),
('pt-PT', 'Anguila', 'AI'),
('en-US', 'Anguilla', 'AI'),
('fr-FR', 'Anguilla', 'AI'),
('de-DE', 'Anguilla', 'AI'),
('es-ES', 'Anguila', 'AI'),
('en-US', 'Antarctica', 'AQ'),
('es-ES', 'Antártida', 'AQ'),
('fr-FR', 'Antarctique', 'AQ'),
('de-DE', 'Antarktis', 'AQ'),
('pt-PT', 'Antártida', 'AQ'),
('pt-PT', 'Antártica', 'AQ'),
('en-US', 'Antigua and Barbuda', 'AG'),
('fr-FR', 'Antigua-et-Barbuda', 'AG'),
('de-DE', 'Antigua und Barbuda', 'AG'),
('es-ES', 'Antigua y Barbuda', 'AG'),
('pt-PT', 'Antígua e Barbuda', 'AG'),
('pt-PT', 'República Argentina', 'AR'),
('pt-PT', 'Argentina', 'AR'),
('de-DE', 'Argentinien', 'AR'),
('en-US', 'Argentina', 'AR'),
('fr-FR', 'Argentine', 'AR'),
('es-ES', 'Argentina', 'AR'),
('de-DE', 'Armenien', 'AM'),
('fr-FR', 'Arménie', 'AM'),
('pt-PT', 'República da Arménia', 'AM'),
('pt-PT', 'Armênia', 'AM'),
('en-US', 'Armenia', 'AM'),
('es-ES', 'Armenia', 'AM'),
('en-US', 'Aruba', 'AW'),
('de-DE', 'Aruba', 'AW'),
('es-ES', 'Aruba', 'AW'),
('fr-FR', 'Aruba', 'AW'),
('pt-PT', 'Aruba', 'AW'),
('es-ES', 'Australia', 'AU'),
('fr-FR', 'Australie', 'AU'),
('en-US', 'Australia', 'AU'),
('pt-PT', 'Comunidade da Austrália', 'AU'),
('pt-PT', 'Austrália', 'AU'),
('de-DE', 'Australien', 'AU'),
('en-US', 'Austria', 'AT'),
('de-DE', 'Österreich', 'AT'),
('fr-FR', 'Autriche', 'AT'),
('es-ES', 'Austria', 'AT'),
('pt-PT', 'República da Áustria', 'AT'),
('pt-PT', 'Áustria', 'AT'),
('es-ES', 'Azerbaiyán', 'AZ'),
('pt-PT', 'República do Azerbaijão', 'AZ'),
('pt-PT', 'Azerbaijão', 'AZ'),
('fr-FR', 'Azerbaïdjan', 'AZ'),
('en-US', 'Azerbaijan', 'AZ'),
('de-DE', 'Aserbaidschan', 'AZ'),
('en-US', 'Bahamas', 'BS'),
('fr-FR', 'Bahamas', 'BS'),
('de-DE', 'Bahamas', 'BS'),
('es-ES', 'Bahamas', 'BS'),
('pt-PT', 'Comunidade das Bahamas', 'BS'),
('pt-PT', 'Bahamas', 'BS'),
('pt-PT', 'Baamas', 'BS'),
('en-US', 'Bahrain', 'BH'),
('fr-FR', 'Bahrain', 'BH'),
('pt-PT', 'Reino do Barém', 'BH'),
('pt-PT', 'Barém', 'BH'),
('pt-PT', 'Bahrein', 'BH'),
('pt-PT', 'Barein', 'BH'),
('pt-PT', 'Bareine', 'BH'),
('es-ES', 'Baréin', 'BH'),
('de-DE', 'Bahrain', 'BH'),
('es-ES', 'Bangladés', 'BD'),
('pt-PT', 'República Popular do Bangladexe', 'BD'),
('pt-PT', 'Bangladexe', 'BD'),
('pt-PT', 'Bangladesh', 'BD'),
('de-DE', 'Bangladesch', 'BD'),
('en-US', 'Bangladesh', 'BD'),
('fr-FR', 'Bangladesh', 'BD'),
('pt-PT', 'Barbados', 'BB'),
('fr-FR', 'Barbade', 'BB'),
('en-US', 'Barbados', 'BB'),
('de-DE', 'Barbados', 'BB'),
('es-ES', 'Barbados', 'BB'),
('es-ES', 'Bielorrusia', 'BY'),
('fr-FR', 'Biélorussie', 'BY'),
('fr-FR', 'Bélarus', 'BY'),
('de-DE', 'Belarus', 'BY'),
('de-DE', 'Republik Belarus', 'BY'),
('en-US', 'Belarus', 'BY'),
('pt-PT', 'República de Belarus', 'BY'),
('pt-PT', 'República da Bielorrússia', 'BY'),
('pt-PT', 'Bielorrússia', 'BY'),
('pt-PT', 'Belarus', 'BY'),
('en-US', 'Belgium', 'BE'),
('de-DE', 'Belgien', 'BE'),
('es-ES', 'Bélgica', 'BE'),
('fr-FR', 'Belgique', 'BE'),
('pt-PT', 'Reino da Bélgica', 'BE'),
('pt-PT', 'Bélgica', 'BE'),
('en-US', 'Belize', 'BZ'),
('fr-FR', 'Belize', 'BZ'),
('de-DE', 'Belize', 'BZ'),
('es-ES', 'Belice', 'BZ'),
('pt-PT', 'Belize', 'BZ'),
('fr-FR', 'Bénin', 'BJ'),
('en-US', 'Benin', 'BJ'),
('de-DE', 'Benin', 'BJ'),
('es-ES', 'Benín', 'BJ'),
('pt-PT', 'Benim', 'BJ'),
('pt-PT', 'República do Benim', 'BJ'),
('es-ES', 'Bermudas', 'BM'),
('pt-PT', 'Bermudas', 'BM'),
('fr-FR', 'Bermudes', 'BM'),
('en-US', 'Bermuda', 'BM'),
('de-DE', 'Bermuda', 'BM'),
('en-US', 'Bhutan', 'BT'),
('de-DE', 'Bhutan', 'BT'),
('pt-PT', 'Reino do Butão', 'BT'),
('pt-PT', 'Butão', 'BT'),
('fr-FR', 'Bhoutan', 'BT'),
('es-ES', 'Bután', 'BT'),
('es-ES', 'Bolivia', 'BO'),
('pt-PT', 'Bolívia', 'BO'),
('pt-PT', 'Estado Plurinacional da Bolívia', 'BO'),
('en-US', 'Bolivia', 'BO'),
('en-US', 'Plurinational State of Bolivia', 'BO'),
('fr-FR', 'Bolivie', 'BO'),
('de-DE', 'Bolivien', 'BO'),
('fr-FR', 'Bonaire, Saint-Eustache et Saba', 'BQ'),
('fr-FR', 'Bonaire', 'BQ'),
('fr-FR', 'Pays-Bas caribéens', 'BQ'),
('es-ES', 'Bonaire, San Eustaquio y Saba', 'BQ'),
('es-ES', 'Caribe Neerlandés', 'BQ'),
('pt-PT', 'Bonaire, Santo Eustáquio e Saba', 'BQ'),
('pt-PT', 'Países Baixos Caribenhos', 'BQ'),
('de-DE', 'Bonaire, Saba, Sint Eustatius', 'BQ'),
('de-DE', 'Bonaire', 'BQ'),
('de-DE', 'Karibische Niederlande', 'BQ'),
('en-US', 'Bonaire, Sint Eustatius and Saba', 'BQ'),
('en-US', 'Caribbean Netherlands', 'BQ'),
('en-US', 'Bonaire', 'BQ'),
('en-US', 'Bosnia and Herzegovina', 'BA'),
('fr-FR', 'Bosnie-Herzégovine', 'BA'),
('de-DE', 'Bosnien und Herzegowina', 'BA'),
('es-ES', 'Bosnia y Herzegovina', 'BA'),
('pt-PT', 'Bósnia e Herzegovina', 'BA'),
('en-US', 'Botswana', 'BW'),
('de-DE', 'Botswana', 'BW'),
('pt-PT', 'República do Botsuana', 'BW'),
('pt-PT', 'República do Botswana', 'BW'),
('pt-PT', 'Botsuana', 'BW'),
('pt-PT', 'Botswana', 'BW'),
('fr-FR', 'Botswana', 'BW'),
('es-ES', 'Botsuana', 'BW'),
('pt-PT', 'Ilha Bouvet', 'BV'),
('en-US', 'Bouvet Island', 'BV'),
('en-US', 'Bouvet', 'BV'),
('de-DE', 'Bouvetinsel', 'BV'),
('es-ES', 'Isla Bouvet', 'BV'),
('es-ES', 'Bouvet', 'BV'),
('fr-FR', 'Île Bouvet', 'BV'),
('fr-FR', 'Bouvet', 'BV'),
('en-US', 'Brazil', 'BR'),
('pt-PT', 'Brasil', 'BR'),
('pt-PT', 'República Federativa do Brasil', 'BR'),
('fr-FR', 'Brésil', 'BR'),
('de-DE', 'Brasilien', 'BR'),
('es-ES', 'Brasil', 'BR'),
('de-DE', 'Britisches Territorium im Indischen Ozean', 'IO'),
('en-US', 'British Indian Ocean Territory', 'IO'),
('es-ES', 'Territorio Británico del Océano Índico', 'IO'),
('pt-PT', 'Território Britânico do Oceano Índico', 'IO'),
('fr-FR', 'Territoire britannique de l''océan Indien', 'IO'),
('fr-FR', 'Brunei', 'BN'),
('fr-FR', 'Brunei Darussalam', 'BN'),
('es-ES', 'Brunéi', 'BN'),
('es-ES', 'Estado de Brunéi Darussalam', 'BN'),
('pt-PT', 'Brunei', 'BN'),
('pt-PT', 'Nação de Brunei, a Morada da Paz', 'BN'),
('pt-PT', 'Estado de Brunei Darussalam', 'BN'),
('pt-PT', 'Darussalã', 'BN'),
('en-US', 'Brunei', 'BN'),
('en-US', 'Brunei Darussalam', 'BN'),
('de-DE', 'Brunei', 'BN'),
('de-DE', 'Brunei Darussalam', 'BN'),
('fr-FR', 'Bulgarie', 'BG'),
('pt-PT', 'Bulgária', 'BG'),
('pt-PT', 'República da Bulgária', 'BG'),
('en-US', 'Bulgaria', 'BG'),
('es-ES', 'Bulgaria', 'BG'),
('de-DE', 'Bulgarien', 'BG'),
('es-ES', 'Burkina Faso', 'BF'),
('pt-PT', 'Burquina Fasso', 'BF'),
('pt-PT', 'Burquina Faso', 'BF'),
('en-US', 'Burkina Faso', 'BF'),
('fr-FR', 'Burkina Faso', 'BF'),
('de-DE', 'Burkina Faso', 'BF'),
('fr-FR', 'Burundi', 'BI'),
('de-DE', 'Burundi', 'BI'),
('en-US', 'Burundi', 'BI'),
('es-ES', 'Burundi', 'BI'),
('pt-PT', 'Burundi', 'BI'),
('pt-PT', 'República do Burúndi', 'BI'),
('es-ES', 'Cabo Verde', 'CV'),
('en-US', 'Cabo Verde', 'CV'),
('en-US', 'Cape Verde', 'CV'),
('pt-PT', 'Cabo Verde', 'CV'),
('pt-PT', 'República de Cabo Verde', 'CV'),
('de-DE', 'Kap Verde', 'CV'),
('de-DE', 'Cabo Verde', 'CV'),
('fr-FR', 'Cap-Vert', 'CV'),
('en-US', 'Cambodia', 'KH'),
('fr-FR', 'Cambodge', 'KH'),
('de-DE', 'Kambodscha', 'KH'),
('es-ES', 'Camboya', 'KH'),
('pt-PT', 'Reino do Camboja', 'KH'),
('pt-PT', 'Camboja', 'KH'),
('pt-PT', 'Cambodja', 'KH'),
('fr-FR', 'Cameroun', 'CM'),
('pt-PT', 'República dos Camarões', 'CM'),
('pt-PT', 'Camarões', 'CM'),
('en-US', 'Cameroon', 'CM'),
('de-DE', 'Kamerun', 'CM'),
('es-ES', 'Camerún', 'CM'),
('fr-FR', 'Canada', 'CA'),
('de-DE', 'Kanada', 'CA'),
('es-ES', 'Canadá', 'CA'),
('en-US', 'Canada', 'CA'),
('pt-PT', 'Canadá', 'CA'),
('fr-FR', 'Îles Cayman', 'KY'),
('de-DE', 'Cayman Islands', 'KY'),
('de-DE', 'Kaimaninseln', 'KY'),
('es-ES', 'Islas Caimán', 'KY'),
('pt-PT', 'ilhas Caimã', 'KY'),
('pt-PT', 'Ilhas Caimão', 'KY'),
('pt-PT', 'Ilhas Cayman', 'KY'),
('en-US', 'Cayman Islands', 'KY'),
('de-DE', 'Zentralafrikanische Republik', 'CF'),
('en-US', 'Central African Republic', 'CF'),
('pt-PT', 'República Centro-Africana', 'CF'),
('pt-PT', 'República da África-Central e Centráfrica', 'CF'),
('es-ES', 'República Centroafricana', 'CF'),
('fr-FR', 'République Centrafricaine', 'CF'),
('fr-FR', 'Tchad', 'TD'),
('de-DE', 'Tschad', 'TD'),
('pt-PT', 'Chade', 'TD'),
('es-ES', 'Chad', 'TD'),
('en-US', 'Chad', 'TD'),
('es-ES', 'Chile', 'CL'),
('en-US', 'Chile', 'CL'),
('de-DE', 'Chile', 'CL'),
('fr-FR', 'Chili', 'CL'),
('pt-PT', 'República do Chile', 'CL'),
('pt-PT', 'Chile', 'CL'),
('fr-FR', 'Chine', 'CN'),
('fr-FR', 'République populaire de Chine', 'CN'),
('pt-PT', 'China', 'CN'),
('pt-PT', 'República Popular da China', 'CN'),
('es-ES', 'China', 'CN'),
('de-DE', 'China', 'CN'),
('de-DE', 'Volksrepublik China', 'CN'),
('en-US', 'China', 'CN'),
('pt-PT', 'Ilha Christmas', 'CX'),
('pt-PT', 'Território da Ilha Christmas', 'CX'),
('pt-PT', 'Território da Ilha do Natal', 'CX'),
('pt-PT', 'Ilha do Nata', 'CX'),
('es-ES', 'Isla de Navidad', 'CX'),
('fr-FR', 'Ïle Christmas', 'CX'),
('en-US', 'Christmas Island', 'CX'),
('de-DE', 'Weihnachtsinsel', 'CX'),
('de-DE', 'Kokosinseln', 'CC'),
('de-DE', 'Keelinginseln', 'CC'),
('fr-FR', 'Îles Cocos', 'CC'),
('fr-FR', 'îles Keeling', 'CC'),
('es-ES', 'Islas Cocos', 'CC'),
('es-ES', 'Islas Keeling', 'CC'),
('en-US', 'Cocos Islands', 'CC'),
('en-US', 'Keeling Islands', 'CC'),
('pt-PT', 'Território das Ilhas Cocos', 'CC'),
('pt-PT', 'Ilhas Cocos', 'CC'),
('pt-PT', 'Ilhas dos Cocos', 'CC'),
('pt-PT', 'Ilhas Keeling', 'CC'),
('en-US', 'Colombia', 'CO'),
('de-DE', 'Kolumbien', 'CO'),
('fr-FR', 'Colombie', 'CO'),
('pt-PT', 'República da Colômbia', 'CO'),
('pt-PT', 'Colômbia', 'CO'),
('es-ES', 'Colombia', 'CO'),
('de-DE', 'Komoren', 'KM'),
('pt-PT', 'União das Comores', 'KM'),
('pt-PT', 'Comores', 'KM'),
('es-ES', 'Comoras', 'KM'),
('en-US', 'Comoros', 'KM'),
('fr-FR', 'Comores', 'KM'),
('fr-FR', 'République du Congo', 'CG'),
('fr-FR', 'Congo', 'CG'),
('es-ES', 'República del Congo', 'CG'),
('es-ES', 'Congo', 'CG'),
('pt-PT', 'República do Congo', 'CG'),
('pt-PT', 'Congo-Brazavile', 'CG'),
('pt-PT', 'Congo-Brazzaville', 'CG'),
('de-DE', 'Republik Kongo', 'CG'),
('en-US', 'Republic of the Congo', 'CG'),
('en-US', 'Congo', 'CG'),
('de-DE', 'Demokratische Republik Kongo', 'CD'),
('de-DE', 'Kongo-Kinshasa', 'CD'),
('de-DE', 'Congo-Léopoldville', 'CD'),
('fr-FR', 'République démocratique du Congo', 'CD'),
('fr-FR', 'Congo-Kinshasa', 'CD'),
('en-US', 'Democratic Republic of the Congo', 'CD'),
('en-US', 'Congo-Kinshasa', 'CD'),
('pt-PT', 'República Democrática do Congo', 'CD'),
('pt-PT', 'Congo-Quinxassa', 'CD'),
('pt-PT', 'Congo-Kinshasa', 'CD'),
('es-ES', 'República Democrática del Congo', 'CD'),
('es-ES', 'Congo-Kinsasa', 'CD'),
('es-ES', 'Congo Democrático', 'CD'),
('es-ES', 'Congo del Este', 'CD'),
('de-DE', 'Cookinseln', 'CK'),
('es-ES', 'Islas Cook', 'CK'),
('en-US', 'Cook Islands', 'CK'),
('fr-FR', 'Ïles Cook', 'CK'),
('pt-PT', 'Ilhas Cook', 'CK'),
('de-DE', 'Costa Rica', 'CR'),
('en-US', 'Costa Rica', 'CR'),
('pt-PT', 'República da Costa Rica', 'CR'),
('pt-PT', 'Costa Rica', 'CR'),
('fr-FR', 'Costa Rica', 'CR'),
('es-ES', 'Costa Rica', 'CR'),
('pt-PT', 'República da Costa do Marfim', 'CI'),
('pt-PT', 'Costa do Marfim', 'CI'),
('de-DE', 'Elfenbeinküste', 'CI'),
('es-ES', 'Costa de Marfil', 'CI'),
('en-US', 'Côte d''Ivoire', 'CI'),
('fr-FR', 'Côte d''Ivoire', 'CI'),
('de-DE', 'Kroatien', 'HR'),
('de-DE', 'Republik Kroatien', 'HR'),
('fr-FR', 'Croatie', 'HR'),
('fr-FR', 'République de Croatie', 'HR'),
('en-US', 'Croatia', 'HR'),
('es-ES', 'Croacia', 'HR'),
('pt-PT', 'República da Croácia', 'HR'),
('pt-PT', 'Croácia', 'HR'),
('pt-PT', 'República de Cuba', 'CU'),
('pt-PT', 'Cuba', 'CU'),
('es-ES', 'Cuba', 'CU'),
('es-ES', 'República de Cuba', 'CU'),
('de-DE', 'Kuba', 'CU'),
('de-DE', 'República de Cuba', 'CU'),
('fr-FR', 'Cuba', 'CU'),
('fr-FR', 'République de Cuba', 'CU'),
('en-US', 'Cuba', 'CU'),
('pt-PT', 'Curaçau', 'CW'),
('en-US', 'Curaçao', 'CW'),
('fr-FR', 'Curaçao', 'CW'),
('es-ES', 'Curazao', 'CW'),
('de-DE', 'Curaçao', 'CW'),
('fr-FR', 'Chypre', 'CY'),
('de-DE', 'Zypern', 'CY'),
('es-ES', 'Chipre', 'CY'),
('en-US', 'Cyprus', 'CY'),
('pt-PT', 'República de Chipre', 'CY'),
('pt-PT', 'Chipre', 'CY'),
('fr-FR', 'République tchèque', 'CZ'),
('fr-FR', 'Tchéquie', 'CZ'),
('en-US', 'Czechia', 'CZ'),
('pt-PT', 'República Checa', 'CZ'),
('pt-PT', 'República Tcheca', 'CZ'),
('pt-PT', 'Chéquia', 'CZ'),
('pt-PT', 'Tchéquia', 'CZ'),
('de-DE', 'Tschechien', 'CZ'),
('de-DE', 'Tschechische Republik', 'CZ'),
('es-ES', 'República Checa', 'CZ'),
('es-ES', 'Dinamarca', 'DK'),
('pt-PT', 'Reino da Dinamarca', 'DK'),
('pt-PT', 'Dinamarca', 'DK'),
('de-DE', 'Dänemark', 'DK'),
('fr-FR', 'Danemark', 'DK'),
('en-US', 'Denmark', 'DK'),
('pt-PT', 'República do Djibuti', 'DJ'),
('pt-PT', 'Djibuti', 'DJ'),
('pt-PT', 'Jibuti', 'DJ'),
('de-DE', 'Dschibuti', 'DJ'),
('es-ES', 'Yibuti', 'DJ'),
('fr-FR', 'Djibouti', 'DJ'),
('en-US', 'Djibouti', 'DJ'),
('pt-PT', 'Comunidade da Dominica', 'DM'),
('pt-PT', 'Dominica', 'DM'),
('fr-FR', 'Dominique', 'DM'),
('de-DE', 'Dominica', 'DM'),
('en-US', 'Dominica', 'DM'),
('es-ES', 'Dominica', 'DM'),
('en-US', 'Dominican Republic', 'DO'),
('fr-FR', 'République Dominicaine', 'DO'),
('de-DE', 'Dominikanische Republik', 'DO'),
('es-ES', 'República Dominicana', 'DO'),
('pt-PT', 'República Dominicana', 'DO'),
('es-ES', 'Ecuador', 'EC'),
('en-US', 'Ecuador', 'EC'),
('pt-PT', 'República do Equador', 'EC'),
('pt-PT', 'Equador', 'EC'),
('fr-FR', 'Équateur', 'EC'),
('de-DE', 'Ecuador', 'EC'),
('pt-PT', 'Egito', 'EG'),
('pt-PT', 'República Árabe do Egito', 'EG'),
('en-US', 'Egypt', 'EG'),
('de-DE', 'Ägypten', 'EG'),
('es-ES', 'Egipto', 'EG'),
('fr-FR', 'Égypte', 'EG'),
('es-ES', 'El Salvador', 'SV'),
('pt-PT', 'El Salvador', 'SV'),
('pt-PT', 'República de El Salvador', 'SV'),
('pt-PT', 'República do Salvador', 'SV'),
('pt-PT', 'Salvador', 'SV'),
('en-US', 'El Salvador', 'SV'),
('fr-FR', 'El Salvardor', 'SV'),
('fr-FR', 'Salvador', 'SV'),
('de-DE', 'El Salvador', 'SV'),
('de-DE', 'Äquatorialguinea', 'GQ'),
('pt-PT', 'República da Guiné Equatorial', 'GQ'),
('pt-PT', 'Guiné Equatorial', 'GQ'),
('fr-FR', 'Guinée Équatoriale', 'GQ'),
('en-US', 'Equatorial Guinea', 'GQ'),
('es-ES', 'Guinea Ecuatorial', 'GQ'),
('de-DE', 'Eritrea', 'ER'),
('fr-FR', 'Érythrée', 'ER'),
('es-ES', 'Eritrea', 'ER'),
('pt-PT', 'Estado da Eritreia', 'ER'),
('pt-PT', 'Eritreia', 'ER'),
('en-US', 'Eritrea', 'ER'),
('en-US', 'Estonia', 'EE'),
('fr-FR', 'Estonie', 'EE'),
('de-DE', 'Estland', 'EE'),
('es-ES', 'Estonia', 'EE'),
('pt-PT', 'República da Estónia', 'EE'),
('pt-PT', 'Estónia', 'EE'),
('en-US', 'Eswatini', 'SZ'),
('en-US', 'Swaziland', 'SZ'),
('es-ES', 'Esuatini', 'SZ'),
('es-ES', 'Suazilandia', 'SZ'),
('es-ES', 'Eswatini', 'SZ'),
('es-ES', 'Reino de Suazilandia', 'SZ'),
('es-ES', 'Reino de Esuatini', 'SZ'),
('de-DE', 'Eswatini', 'SZ'),
('de-DE', 'Königreich Eswatini', 'SZ'),
('pt-PT', 'Essuatíni', 'SZ'),
('pt-PT', 'Reino de Essuatíni', 'SZ'),
('fr-FR', 'Eswatini', 'SZ'),
('fr-FR', 'Royaume d''Eswatini', 'SZ'),
('fr-FR', 'Swaziland', 'SZ'),
('en-US', 'Ethiopia', 'ET'),
('de-DE', 'Äthiopien', 'ET'),
('fr-FR', 'Éthiopie', 'ET'),
('pt-PT', 'República Democrática Federal da Etiópia', 'ET'),
('pt-PT', 'Etiópia', 'ET'),
('es-ES', 'Etiopía', 'ET'),
('pt-PT', 'Ilhas Malvinas', 'FK'),
('pt-PT', 'Ilhas Falkland', 'FK'),
('pt-PT', 'Falklands', 'FK'),
('fr-FR', 'Îles Falkland', 'FK'),
('fr-FR', 'Îles Malouines', 'FK'),
('de-DE', 'Falklandinseln', 'FK'),
('de-DE', 'Malwinen', 'FK'),
('en-US', 'Falkland Islands', 'FK'),
('en-US', 'Malvinas', 'FK'),
('es-ES', 'Islas Malvinas', 'FK'),
('fr-FR', 'Îles Féroé', 'FO'),
('es-ES', 'Islas Feroe', 'FO'),
('de-DE', 'Färöer', 'FO'),
('pt-PT', 'Ilhas Feroé', 'FO'),
('pt-PT', 'Ilhas Féroe', 'FO'),
('en-US', 'Faroe Islands', 'FO'),
('de-DE', 'Fidschi', 'FJ'),
('fr-FR', 'Fidji', 'FJ'),
('en-US', 'Fiji', 'FJ'),
('es-ES', 'Fiyi', 'FJ'),
('pt-PT', 'República das Fíji', 'FJ'),
('pt-PT', 'Fiji', 'FJ'),
('es-ES', 'Finlandia', 'FI'),
('pt-PT', 'República da Finlândia', 'FI'),
('pt-PT', 'Finlândia', 'FI'),
('en-US', 'Finland', 'FI'),
('fr-FR', 'Finlande', 'FI'),
('de-DE', 'Finnland', 'FI'),
('de-DE', 'Republik Finnland', 'FI'),
('es-ES', 'Francia', 'FR'),
('de-DE', 'Frankreich', 'FR'),
('pt-PT', 'República Francesa', 'FR'),
('pt-PT', 'França', 'FR'),
('en-US', 'France', 'FR'),
('fr-FR', 'France', 'FR'),
('es-ES', 'Guayana Francesa', 'GF'),
('de-DE', 'Französisch-Guayana', 'GF'),
('pt-PT', 'Guiana Francesa', 'GF'),
('en-US', 'French Guiana', 'GF'),
('fr-FR', 'Guyane', 'GF'),
('en-US', 'French Polynesia', 'PF'),
('pt-PT', 'Polinésia Francesa', 'PF'),
('es-ES', 'Polinesia Francesa', 'PF'),
('fr-FR', 'Polynésie française', 'PF'),
('de-DE', 'Französisch-Polynesien', 'PF'),
('fr-FR', 'Terres australes et antarctiques françaises', 'TF'),
('fr-FR', 'Terres australes et antarctiques', 'TF'),
('de-DE', 'Französische Süd- und Antarktisgebiete', 'TF'),
('es-ES', 'Tierras Australes y Antárticas Francesas', 'TF'),
('pt-PT', 'Território das Terras Austrais e Antárcticas Francesas', 'TF'),
('pt-PT', 'Terras Austrais e Antárticas Francesas', 'TF'),
('en-US', 'French Southern Territories', 'TF'),
('en-US', 'Gabon', 'GA'),
('pt-PT', 'República Gabonesa', 'GA'),
('pt-PT', 'Gabão', 'GA'),
('fr-FR', 'Gabon', 'GA'),
('de-DE', 'Gabun', 'GA'),
('es-ES', 'Gabón', 'GA'),
('pt-PT', 'República da Gâmbia', 'GM'),
('pt-PT', 'Gâmbia', 'GM'),
('de-DE', 'Gambia', 'GM'),
('fr-FR', 'Gambie', 'GM'),
('en-US', 'Gambia', 'GM'),
('es-ES', 'Gambia', 'GM'),
('fr-FR', 'Géorgie', 'GE'),
('pt-PT', 'Geórgia', 'GE'),
('en-US', 'Georgia', 'GE'),
('de-DE', 'Georgien', 'GE'),
('es-ES', 'Georgia', 'GE'),
('en-US', 'Germany', 'DE'),
('fr-FR', 'Allemagne', 'DE'),
('de-DE', 'Deutschland', 'DE'),
('pt-PT', 'República Federal da Alemanha', 'DE'),
('pt-PT', 'Alemanha', 'DE'),
('es-ES', 'Alemania', 'DE'),
('de-DE', 'Ghana', 'GH'),
('fr-FR', 'Ghana', 'GH'),
('pt-PT', 'Gana', 'GH'),
('pt-PT', 'República do Gana', 'GH'),
('es-ES', 'Ghana', 'GH'),
('en-US', 'Ghana', 'GH'),
('fr-FR', 'Gibraltar', 'GI'),
('es-ES', 'Gibraltar', 'GI'),
('en-US', 'Gibraltar', 'GI'),
('de-DE', 'Gibraltar', 'GI'),
('pt-PT', 'Gibraltar', 'GI'),
('en-US', 'Greece', 'GR'),
('de-DE', 'Griechenland', 'GR'),
('fr-FR', 'Grèce', 'GR'),
('es-ES', 'Grecia', 'GR'),
('pt-PT', 'República Helênica', 'GR'),
('pt-PT', 'Grécia', 'GR'),
('fr-FR', 'Groenland', 'GL'),
('de-DE', 'Grönland', 'GL'),
('es-ES', 'Groenlandia', 'GL'),
('pt-PT', 'Groenlândia', 'GL'),
('pt-PT', 'Gronelândia', 'GL'),
('pt-PT', 'Groelândia', 'GL'),
('en-US', 'Greenland', 'GL'),
('de-DE', 'Grenada', 'GD'),
('fr-FR', 'Grenade', 'GD'),
('en-US', 'Grenada', 'GD'),
('es-ES', 'Granada', 'GD'),
('pt-PT', 'Granada', 'GD'),
('pt-PT', 'Guadalupe', 'GP'),
('es-ES', 'Guadalupe', 'GP'),
('fr-FR', 'Guadeloupe', 'GP'),
('de-DE', 'Guadeloupe', 'GP'),
('en-US', 'Guadeloupe', 'GP'),
('es-ES', 'Guam', 'GU'),
('en-US', 'Guam', 'GU'),
('de-DE', 'Guam', 'GU'),
('fr-FR', 'Guam', 'GU'),
('pt-PT', 'Guam', 'GU'),
('pt-PT', 'Guão', 'GU'),
('pt-PT', 'Guame', 'GU'),
('pt-PT', 'Guatemala', 'GT'),
('pt-PT', 'República da Guatemala', 'GT'),
('es-ES', 'Guatemala', 'GT'),
('fr-FR', 'Guatemala', 'GT'),
('de-DE', 'Guatemala', 'GT'),
('en-US', 'Guatemala', 'GT'),
('en-US', 'Guernsey', 'GG'),
('de-DE', 'Guernsey', 'GG'),
('de-DE', 'Kanalinsel', 'GG'),
('es-ES', 'Guernsey', 'GG'),
('pt-PT', 'Guernsey', 'GG'),
('pt-PT', 'Guernesey', 'GG'),
('pt-PT', 'Bailiado de Guernsey', 'GG'),
('pt-PT', 'Bailiado de Guernesey', 'GG'),
('pt-PT', 'Guernesei', 'GG'),
('fr-FR', 'Guernesey', 'GG'),
('es-ES', 'Guinea', 'GN'),
('en-US', 'Guinea', 'GN'),
('fr-FR', 'Guinée', 'GN'),
('de-DE', 'Guinea', 'GN'),
('pt-PT', 'Guiné-Conacri', 'GN'),
('pt-PT', 'República da Guiné', 'GN'),
('pt-PT', 'Guiné-Bissau', 'GW'),
('pt-PT', 'República da Guiné-Bissau', 'GW'),
('es-ES', 'Guinea-Bisáu', 'GW'),
('en-US', 'Guinea-Bissau', 'GW'),
('de-DE', 'Guinea-Bissau', 'GW'),
('fr-FR', 'Guinée-Bissau', 'GW'),
('pt-PT', 'Guyana', 'GY'),
('pt-PT', 'República Cooperativa da Guiana', 'GY'),
('pt-PT', 'Guiana', 'GY'),
('en-US', 'Guyana', 'GY'),
('fr-FR', 'Guyane', 'GY'),
('de-DE', 'Guyana', 'GY'),
('es-ES', 'Guyana', 'GY'),
('pt-PT', 'Haiti', 'HT'),
('pt-PT', 'República do Haiti', 'HT'),
('de-DE', 'Haiti', 'HT'),
('fr-FR', 'Haïti', 'HT'),
('en-US', 'Haiti', 'HT'),
('es-ES', 'Haití', 'HT'),
('en-US', 'Heard Island and McDonald Islands', 'HM'),
('fr-FR', 'Ïles Heard-et-MacDonald', 'HM'),
('pt-PT', 'Ilha Heard e Ilhas McDonald', 'HM'),
('pt-PT', 'Território das Ilhas Heard e McDonald', 'HM'),
('de-DE', 'Heard und McDonaldinseln', 'HM'),
('es-ES', 'Islas Heard y McDonald', 'HM'),
('en-US', 'Vatican', 'VA'),
('en-US', 'Holy See', 'VA'),
('es-ES', 'Ciudad del Vaticano', 'VA'),
('pt-PT', 'Vaticano', 'VA'),
('pt-PT', 'Estado da Cidade do Vaticano', 'VA'),
('pt-PT', 'Cidade do Vaticano', 'VA'),
('fr-FR', 'Vatican', 'VA'),
('de-DE', 'Vatikanstadt', 'VA'),
('fr-FR', 'Honduras', 'HN'),
('es-ES', 'Honduras', 'HN'),
('en-US', 'Honduras', 'HN'),
('de-DE', 'Honduras', 'HN'),
('pt-PT', 'Honduras', 'HN'),
('pt-PT', 'República das Honduras', 'HN'),
('pt-PT', 'República de Honduras', 'HN'),
('fr-FR', 'Hong Kong', 'HK'),
('es-ES', 'Hong Kong', 'HK'),
('de-DE', 'Hongkong', 'HK'),
('pt-PT', 'Hong Kong', 'HK'),
('en-US', 'Hong Kong', 'HK'),
('es-ES', 'Hungría', 'HU'),
('en-US', 'Hungary', 'HU'),
('pt-PT', 'Hungria', 'HU'),
('fr-FR', 'Hongrie', 'HU'),
('de-DE', 'Ungarn', 'HU'),
('en-US', 'Iceland', 'IS'),
('fr-FR', 'Islande', 'IS'),
('es-ES', 'Islandia', 'IS'),
('pt-PT', 'Islândia', 'IS'),
('de-DE', 'Island', 'IS'),
('en-US', 'India', 'IN'),
('de-DE', 'Indien', 'IN'),
('pt-PT', 'República da Índia', 'IN'),
('pt-PT', 'Índia', 'IN'),
('fr-FR', 'Inde', 'IN'),
('es-ES', 'India', 'IN'),
('de-DE', 'Indonesien', 'ID'),
('en-US', 'Indonesia', 'ID'),
('pt-PT', 'República da Indonésia', 'ID'),
('pt-PT', 'Indonésia', 'ID'),
('es-ES', 'Indonesia', 'ID'),
('fr-FR', 'Indonésie', 'ID'),
('de-DE', 'Iran', 'IR'),
('de-DE', 'Islamische Republik Iran', 'IR'),
('en-US', 'Iran', 'IR'),
('en-US', 'Islamic Republic of Iran', 'IR'),
('fr-FR', 'Iran', 'IR'),
('fr-FR', 'République islamique d''Iran', 'IR'),
('es-ES', 'Irán', 'IR'),
('es-ES', 'República Islámica de Irán', 'IR'),
('pt-PT', 'Irã', 'IR'),
('pt-PT', 'República Islâmica do Irã', 'IR'),
('pt-PT', 'República Islâmica do Irão', 'IR'),
('pt-PT', 'Irão', 'IR'),
('fr-FR', 'Irak', 'IQ'),
('fr-FR', 'République d''Irak', 'IQ'),
('pt-PT', 'Iraque', 'IQ'),
('pt-PT', 'República do Iraque', 'IQ'),
('en-US', 'Iraq', 'IQ'),
('es-ES', 'Irak', 'IQ'),
('de-DE', 'Irak', 'IQ'),
('de-DE', 'Republik Irak', 'IQ'),
('es-ES', 'Irlanda', 'IE'),
('en-US', 'Ireland', 'IE'),
('pt-PT', 'Irlanda', 'IE'),
('pt-PT', 'República da Irlanda', 'IE'),
('de-DE', 'Irland', 'IE'),
('fr-FR', 'Irlande', 'IE'),
('de-DE', 'Isle of Man', 'IM'),
('es-ES', 'Isla de Man', 'IM'),
('fr-FR', 'Île de Man', 'IM'),
('en-US', 'Isle of Man', 'IM'),
('pt-PT', 'Ilha de Man', 'IM'),
('de-DE', 'Israel', 'IL'),
('en-US', 'Israel', 'IL'),
('fr-FR', 'Israël', 'IL'),
('pt-PT', 'Israel', 'IL'),
('pt-PT', 'Estado de Israel', 'IL'),
('es-ES', 'Israel', 'IL'),
('es-ES', 'Italia', 'IT'),
('de-DE', 'Italien', 'IT'),
('pt-PT', 'República Italiana', 'IT'),
('pt-PT', 'Itália', 'IT'),
('en-US', 'Italy', 'IT'),
('fr-FR', 'Italie', 'IT'),
('pt-PT', 'Jamaica', 'JM'),
('en-US', 'Jamaica', 'JM'),
('de-DE', 'Jamaika', 'JM'),
('fr-FR', 'Jamaïque', 'JM'),
('es-ES', 'Jamaica', 'JM'),
('de-DE', 'Japan', 'JP'),
('fr-FR', 'Japon', 'JP'),
('pt-PT', 'Japão', 'JP'),
('es-ES', 'Japón', 'JP'),
('en-US', 'Japan', 'JP'),
('en-US', 'Jersey', 'JE'),
('fr-FR', 'Jersey', 'JE'),
('de-DE', 'Jersey', 'JE'),
('es-ES', 'Jersey', 'JE'),
('pt-PT', 'Bailiado de Jersey', 'JE'),
('pt-PT', 'Jersey', 'JE'),
('en-US', 'Jordan', 'JO'),
('fr-FR', 'Jordanie', 'JO'),
('de-DE', 'Jordanien', 'JO'),
('pt-PT', 'Reino Haxemita da Jordânia', 'JO'),
('pt-PT', 'Jordânia', 'JO'),
('es-ES', 'Jordania', 'JO'),
('fr-FR', 'Kazakhstan', 'KZ'),
('de-DE', 'Kasachstan', 'KZ'),
('es-ES', 'Kazajistán', 'KZ'),
('pt-PT', 'República do Cazaquistão', 'KZ'),
('pt-PT', 'Cazaquistão', 'KZ'),
('en-US', 'Kazakhstan', 'KZ'),
('en-US', 'Kenya', 'KE'),
('es-ES', 'Kenia', 'KE'),
('fr-FR', 'Kenya', 'KE'),
('de-DE', 'Kenia', 'KE'),
('pt-PT', 'República do Quênia', 'KE'),
('pt-PT', 'Quênia', 'KE'),
('es-ES', 'Kiribati', 'KI'),
('en-US', 'Kiribati', 'KI'),
('fr-FR', 'Kiribati', 'KI'),
('de-DE', 'Kiribati', 'KI'),
('pt-PT', 'República de Kiribati', 'KI'),
('pt-PT', 'Quiribáti', 'KI'),
('pt-PT', 'Kiribati', 'KI'),
('pt-PT', 'República Popular Democrática da Coreia', 'KP'),
('pt-PT', 'Coreia do Norte', 'KP'),
('fr-FR', 'Corée du Nord', 'KP'),
('en-US', 'North Korea', 'KP'),
('en-US', 'Democratic People''s Republic of Korea', 'KP'),
('es-ES', 'Corea del Norte', 'KP'),
('es-ES', 'República Popular Democrática de Corea', 'KP'),
('de-DE', 'Nordkorea', 'KP'),
('de-DE', 'Demokratische Volksrepublik Korea', 'KP'),
('en-US', 'South Korea', 'KR'),
('fr-FR', 'Corée du sud', 'KR'),
('es-ES', 'Corea del Sur', 'KR'),
('de-DE', 'Südkorea', 'KR'),
('pt-PT', 'República da Coreia', 'KR'),
('pt-PT', 'Coreia do Sul', 'KR'),
('de-DE', 'Kosovo', 'XK'),
('es-ES', 'Kósovo', 'XK'),
('es-ES', 'República de Kosovo', 'XK'),
('en-US', 'Kosovo', 'XK'),
('pt-PT', 'República do Kosovo', 'XK'),
('pt-PT', 'Kosovo', 'XK'),
('pt-PT', 'Kossovo', 'XK'),
('pt-PT', 'Cossovo', 'XK'),
('pt-PT', 'Cosovo', 'XK'),
('fr-FR', 'Kosovo', 'XK'),
('de-DE', 'Kuwait', 'KW'),
('pt-PT', 'Kuwait', 'KW'),
('pt-PT', 'Estado do Kuwait', 'KW'),
('fr-FR', 'Koweït', 'KW'),
('en-US', 'Kuwait', 'KW'),
('es-ES', 'Kuwait', 'KW'),
('fr-FR', 'Kirghizistan', 'KG'),
('en-US', 'Kyrgyzstan', 'KG'),
('de-DE', 'Kirgisistan', 'KG'),
('es-ES', 'Kirguistán', 'KG'),
('pt-PT', 'Quirguízia', 'KG'),
('pt-PT', 'República Quirguiz', 'KG'),
('pt-PT', 'Quirguistão', 'KG'),
('pt-PT', 'Quirguizistão', 'KG'),
('es-ES', 'Laos', 'LA'),
('es-ES', 'República Democrática Popular Lao', 'LA'),
('pt-PT', 'Laos', 'LA'),
('pt-PT', 'República Democrática Popular do Laos', 'LA'),
('fr-FR', 'Laos', 'LA'),
('de-DE', 'Laos', 'LA'),
('de-DE', 'Demokratische Volksrepublik Laos', 'LA'),
('en-US', 'Laos', 'LA'),
('en-US', 'Lao People''s Democratic Republic', 'LA'),
('fr-FR', 'Lettonie', 'LV'),
('de-DE', 'Lettland', 'LV'),
('en-US', 'Latvia', 'LV'),
('es-ES', 'Letonia', 'LV'),
('pt-PT', 'República da Letônia', 'LV'),
('pt-PT', 'Letônia', 'LV'),
('fr-FR', 'Liban', 'LB'),
('de-DE', 'Libanon', 'LB'),
('es-ES', 'Líbano', 'LB'),
('pt-PT', 'República do Líbano', 'LB'),
('pt-PT', 'Líbano', 'LB'),
('en-US', 'Lebanon', 'LB'),
('es-ES', 'Lesoto', 'LS'),
('de-DE', 'Lesotho', 'LS'),
('en-US', 'Lesotho', 'LS'),
('pt-PT', 'Reino do Lesoto', 'LS'),
('pt-PT', 'Lesoto', 'LS'),
('pt-PT', 'Lessoto', 'LS'),
('fr-FR', 'Lesotho', 'LS'),
('fr-FR', 'Libéria', 'LR'),
('de-DE', 'Liberia', 'LR'),
('pt-PT', 'Libéria', 'LR'),
('pt-PT', 'República da Libéria', 'LR'),
('en-US', 'Liberia', 'LR'),
('es-ES', 'Liberia', 'LR'),
('en-US', 'Libya', 'LY'),
('es-ES', 'Libia', 'LY'),
('pt-PT', 'Estado da Líbia', 'LY'),
('pt-PT', 'Líbia', 'LY'),
('de-DE', 'Libyen', 'LY'),
('fr-FR', 'Libye', 'LY'),
('de-DE', 'Liechtenstein', 'LI'),
('fr-FR', 'Liechtenstein', 'LI'),
('es-ES', 'Liechtenstein', 'LI'),
('en-US', 'Liechtenstein', 'LI'),
('pt-PT', 'Principado de Liechtenstein', 'LI'),
('pt-PT', 'Listenstaine', 'LI'),
('pt-PT', 'Liechtenstein', 'LI'),
('pt-PT', 'República da Lituânia', 'LT'),
('pt-PT', 'Lituânia', 'LT'),
('es-ES', 'Lituania', 'LT'),
('en-US', 'Lithuania', 'LT'),
('fr-FR', 'Lituanie', 'LT'),
('de-DE', 'Litauen', 'LT'),
('de-DE', 'Luxemburg', 'LU'),
('fr-FR', 'Luxembourg', 'LU'),
('es-ES', 'Luxemburgo', 'LU'),
('pt-PT', 'Luxemburgo', 'LU'),
('pt-PT', 'Grão-Ducado do Luxemburgo', 'LU'),
('en-US', 'Luxembourg', 'LU'),
('en-US', 'Macao', 'MO'),
('fr-FR', 'Macao', 'MO'),
('es-ES', 'Macao', 'MO'),
('pt-PT', 'Macau', 'MO'),
('de-DE', 'Macau', 'MO'),
('en-US', 'Madagascar', 'MG'),
('de-DE', 'Madagaskar', 'MG'),
('fr-FR', 'Madagascar', 'MG'),
('pt-PT', 'Madagáscar', 'MG'),
('pt-PT', 'República de Madagáscar', 'MG'),
('es-ES', 'Madagascar', 'MG'),
('fr-FR', 'Malawi', 'MW'),
('es-ES', 'Malaui', 'MW'),
('en-US', 'Malawi', 'MW'),
('de-DE', 'Malawi', 'MW'),
('pt-PT', 'República do Malawi', 'MW'),
('pt-PT', 'Maláui', 'MW'),
('pt-PT', 'Malawi', 'MW'),
('pt-PT', 'Malásia', 'MY'),
('en-US', 'Malaysia', 'MY'),
('fr-FR', 'Malaisie', 'MY'),
('es-ES', 'Malasia', 'MY'),
('de-DE', 'Malaysia', 'MY'),
('es-ES', 'Maldivas', 'MV'),
('pt-PT', 'República das Maldivas', 'MV'),
('pt-PT', 'Maldivas', 'MV'),
('en-US', 'Maldives', 'MV'),
('de-DE', 'Malediven', 'MV'),
('fr-FR', 'Maldives', 'MV'),
('en-US', 'Mali', 'ML'),
('es-ES', 'Malí', 'ML'),
('de-DE', 'Mali', 'ML'),
('pt-PT', 'República do Mali', 'ML'),
('pt-PT', 'Mali', 'ML'),
('fr-FR', 'Mali', 'ML'),
('es-ES', 'Malta', 'MT'),
('en-US', 'Malta', 'MT'),
('de-DE', 'Malta', 'MT'),
('pt-PT', 'República de Malta', 'MT'),
('pt-PT', 'Malta', 'MT'),
('fr-FR', 'Malte', 'MT'),
('en-US', 'Marshall Islands', 'MH'),
('es-ES', 'Islas Marshall', 'MH'),
('de-DE', 'Marshallinseln', 'MH'),
('pt-PT', 'República das Ilhas Marshall', 'MH'),
('pt-PT', 'Ilhas Marshall', 'MH'),
('fr-FR', 'Îles  Marshall', 'MH'),
('en-US', 'Martinique', 'MQ'),
('de-DE', 'Martinique', 'MQ'),
('es-ES', 'Martinica', 'MQ'),
('pt-PT', 'Martinica', 'MQ'),
('fr-FR', 'Martinique', 'MQ'),
('fr-FR', 'Mauritanie', 'MR'),
('es-ES', 'Mauritania', 'MR'),
('pt-PT', 'República Islâmica da Mauritânia', 'MR'),
('pt-PT', 'Mauritânia', 'MR'),
('en-US', 'Mauritania', 'MR'),
('de-DE', 'Mauretanien', 'MR'),
('de-DE', 'Mauritius', 'MU'),
('en-US', 'Mauritius', 'MU'),
('pt-PT', 'Maurícia', 'MU'),
('pt-PT', 'República da Maurícia', 'MU'),
('pt-PT', 'República de Maurício', 'MU'),
('pt-PT', 'Maurício', 'MU'),
('es-ES', 'Mauricio', 'MU'),
('fr-FR', 'Maurice', 'MU'),
('es-ES', 'Mayotte', 'YT'),
('fr-FR', 'Mayotte', 'YT'),
('en-US', 'Mayotte', 'YT'),
('de-DE', 'Mayotte', 'YT'),
('pt-PT', 'Departamento de Maiote', 'YT'),
('pt-PT', 'Maiote', 'YT'),
('de-DE', 'Mexiko', 'MX'),
('en-US', 'Mexico', 'MX'),
('fr-FR', 'Mexique', 'MX'),
('es-ES', 'México', 'MX'),
('pt-PT', 'Estados Unidos Mexicanos', 'MX'),
('pt-PT', 'México', 'MX'),
('fr-FR', 'Micronésie', 'FM'),
('pt-PT', 'Micronésia', 'FM'),
('pt-PT', 'Estados Federados da Micronésia', 'FM'),
('en-US', 'Micronesia', 'FM'),
('en-US', 'Federated States of Micronesia', 'FM'),
('es-ES', 'Micronesia', 'FM'),
('de-DE', 'Mikronesien', 'FM'),
('es-ES', 'Moldavia', 'MD'),
('es-ES', 'República de Moldavia', 'MD'),
('pt-PT', 'República da Moldávia', 'MD'),
('pt-PT', 'Moldávia', 'MD'),
('pt-PT', 'Moldova', 'MD'),
('en-US', 'Moldova', 'MD'),
('en-US', 'Republic of Moldova', 'MD'),
('de-DE', 'Moldau', 'MD'),
('de-DE', 'Moldawien', 'MD'),
('fr-FR', 'Moldavie', 'MD'),
('en-US', 'Monaco', 'MC'),
('fr-FR', 'Monaco', 'MC'),
('de-DE', 'Monaco', 'MC'),
('es-ES', 'Mónaco', 'MC'),
('pt-PT', 'Principado do Mónaco', 'MC'),
('pt-PT', 'Mônaco', 'MC'),
('es-ES', 'Mongolia', 'MN'),
('en-US', 'Mongolia', 'MN'),
('pt-PT', 'Mongólia', 'MN'),
('fr-FR', 'Mongolie', 'MN'),
('de-DE', 'Mongolei', 'MN'),
('en-US', 'Montenegro', 'ME'),
('pt-PT', 'Montenegro', 'ME'),
('es-ES', 'Montenegro', 'ME'),
('fr-FR', 'Monténégro', 'ME'),
('de-DE', 'Montenegro', 'ME'),
('es-ES', 'Montserrat', 'MS'),
('en-US', 'Montserrat', 'MS'),
('fr-FR', 'Montserrat', 'MS'),
('de-DE', 'Montserrat', 'MS'),
('pt-PT', 'Monserrate', 'MS'),
('en-US', 'Morocco', 'MA'),
('de-DE', 'Marokko', 'MA'),
('pt-PT', 'Reino de Marrocos', 'MA'),
('pt-PT', 'Marrocos', 'MA'),
('fr-FR', 'Maroc', 'MA'),
('es-ES', 'Marruecos', 'MA'),
('fr-FR', 'Mozambique', 'MZ'),
('es-ES', 'Mozambique', 'MZ'),
('en-US', 'Mozambique', 'MZ'),
('de-DE', 'Mosambik', 'MZ'),
('pt-PT', 'República de Moçambique', 'MZ'),
('pt-PT', 'Moçambique', 'MZ'),
('fr-FR', 'Myanmar', 'MM'),
('fr-FR', 'Birmanie', 'MM'),
('pt-PT', 'Mianmar', 'MM'),
('pt-PT', 'Birmânia', 'MM'),
('pt-PT', 'República da União de Myanmar', 'MM'),
('de-DE', 'Myanmar', 'MM'),
('de-DE', 'Burma', 'MM'),
('en-US', 'Myanmar', 'MM'),
('es-ES', 'Birmania', 'MM'),
('es-ES', 'Myanmar', 'MM'),
('es-ES', 'República de la Unión de Myanmar', 'MM'),
('de-DE', 'Namibia', 'NA'),
('es-ES', 'Namibia', 'NA'),
('en-US', 'Namibia', 'NA'),
('fr-FR', 'Namibie', 'NA'),
('pt-PT', 'República da Namíbia', 'NA'),
('pt-PT', 'Namíbia', 'NA'),
('fr-FR', 'Nauru', 'NR'),
('pt-PT', 'República de Nauru', 'NR'),
('pt-PT', 'Nauru', 'NR'),
('es-ES', 'Nauru', 'NR'),
('en-US', 'Nauru', 'NR'),
('de-DE', 'Nauru', 'NR'),
('fr-FR', 'Népal', 'NP'),
('de-DE', 'Nepal', 'NP'),
('en-US', 'Nepal', 'NP'),
('pt-PT', 'República Democrática Federal do Nepal', 'NP'),
('pt-PT', 'Nepal', 'NP'),
('es-ES', 'Nepal', 'NP'),
('es-ES', 'Países Bajos', 'NL'),
('en-US', 'Netherlands', 'NL'),
('pt-PT', 'Países Baixos', 'NL'),
('de-DE', 'Niederlande', 'NL'),
('fr-FR', 'Pays-Bas', 'NL'),
('de-DE', 'Neukaledonien', 'NC'),
('fr-FR', 'Nouvelle-Calédonie', 'NC'),
('pt-PT', 'Nova Caledônia', 'NC'),
('en-US', 'New Caledonia', 'NC'),
('es-ES', 'Nueva Caledonia', 'NC'),
('es-ES', 'Nueva Zelanda', 'NZ'),
('pt-PT', 'Nova Zelândia', 'NZ'),
('en-US', 'New Zealand', 'NZ'),
('fr-FR', 'Nouvelle-Zélande', 'NZ'),
('de-DE', 'Neuseeland', 'NZ'),
('fr-FR', 'Nicaragua', 'NI'),
('en-US', 'Nicaragua', 'NI'),
('de-DE', 'Nicaragua', 'NI'),
('es-ES', 'Nicaragua', 'NI'),
('pt-PT', 'República da Nicarágua', 'NI'),
('pt-PT', 'Nicarágua', 'NI'),
('pt-PT', 'República do Níger', 'NE'),
('pt-PT', 'Níger', 'NE'),
('es-ES', 'Níger', 'NE'),
('fr-FR', 'Niger', 'NE'),
('en-US', 'Niger', 'NE'),
('de-DE', 'Niger', 'NE'),
('pt-PT', 'República Federal da Nigéria', 'NG'),
('pt-PT', 'Nigéria', 'NG'),
('de-DE', 'Nigeria', 'NG'),
('es-ES', 'Nigeria', 'NG'),
('en-US', 'Nigeria', 'NG'),
('fr-FR', 'Nigéria', 'NG'),
('es-ES', 'Niue', 'NU'),
('fr-FR', 'Niue', 'NU'),
('pt-PT', 'Niue', 'NU'),
('en-US', 'Niue', 'NU'),
('de-DE', 'Niue', 'NU'),
('en-US', 'Norfolk Island', 'NF'),
('de-DE', 'Norfolkinsel', 'NF'),
('es-ES', 'Isla Norfolk', 'NF'),
('fr-FR', 'Île Norfolk', 'NF'),
('pt-PT', 'Território da Ilha Norfolk', 'NF'),
('pt-PT', 'Ilha Norfolque', 'NF'),
('pt-PT', 'Ilha Norfolk', 'NF'),
('fr-FR', 'Macédoine du Nord', 'MK'),
('en-US', 'North Macedonia', 'MK'),
('de-DE', 'Nordmazedonien', 'MK'),
('es-ES', 'Macedonia del Norte', 'MK'),
('pt-PT', 'Macedônia do Norte', 'MK'),
('de-DE', 'Nördliche Marianen', 'MP'),
('fr-FR', 'Îles Mariannes du Nord', 'MP'),
('en-US', 'Northern Mariana Islands', 'MP'),
('pt-PT', 'Ilhas Marianas do Norte', 'MP'),
('pt-PT', 'Comunidade das Ilhas Marianas do Norte', 'MP'),
('pt-PT', 'Ilhas Marianas Setentrionais', 'MP'),
('es-ES', 'Islas Marianas del Norte', 'MP'),
('fr-FR', 'Norvège', 'NO'),
('es-ES', 'Noruega', 'NO'),
('en-US', 'Norway', 'NO'),
('pt-PT', 'Reino da Noruega', 'NO'),
('pt-PT', 'Noruega', 'NO'),
('de-DE', 'Norwegen', 'NO'),
('en-US', 'Oman', 'OM'),
('fr-FR', 'Oman', 'OM'),
('de-DE', 'Oman', 'OM'),
('es-ES', 'Omán', 'OM'),
('pt-PT', 'Omã', 'OM'),
('pt-PT', 'Sultanato de Omã', 'OM'),
('es-ES', 'Pakistán', 'PK'),
('de-DE', 'Pakistan', 'PK'),
('en-US', 'Pakistan', 'PK'),
('pt-PT', 'República Islâmica do Paquistão', 'PK'),
('pt-PT', 'Paquistão', 'PK'),
('fr-FR', 'Pakistan', 'PK'),
('pt-PT', 'República de Palau', 'PW'),
('pt-PT', 'Palau', 'PW'),
('en-US', 'Palau', 'PW'),
('fr-FR', 'Palau', 'PW'),
('es-ES', 'Palaos', 'PW'),
('de-DE', 'Palau', 'PW'),
('fr-FR', 'Palestine', 'PS'),
('en-US', 'Palestine', 'PS'),
('en-US', 'State of Palestine', 'PS'),
('es-ES', 'Palestina', 'PS'),
('de-DE', 'Palästina', 'PS'),
('pt-PT', 'Palestina', 'PS'),
('pt-PT', 'República do Panamá', 'PA'),
('pt-PT', 'Panamá', 'PA'),
('de-DE', 'Panama', 'PA'),
('fr-FR', 'Panama', 'PA'),
('en-US', 'Panama', 'PA'),
('es-ES', 'Panamá', 'PA'),
('en-US', 'Papua New Guinea', 'PG'),
('es-ES', 'Papúa Nueva Guinea', 'PG'),
('pt-PT', 'Papuásia-Nova Guiné', 'PG'),
('pt-PT', 'Estado Independente da Papua-Nova Guiné', 'PG'),
('pt-PT', 'Papua-Nova Guiné', 'PG'),
('de-DE', 'Papua-Neuguinea', 'PG'),
('fr-FR', 'Papouasie-Nouvelle-Guinée', 'PG'),
('es-ES', 'Paraguay', 'PY'),
('fr-FR', 'Paraguay', 'PY'),
('en-US', 'Paraguay', 'PY'),
('pt-PT', 'República do Paraguai', 'PY'),
('pt-PT', 'Paraguai', 'PY'),
('de-DE', 'Paraguay', 'PY'),
('fr-FR', 'Pérou', 'PE'),
('de-DE', 'Peru', 'PE'),
('en-US', 'Peru', 'PE'),
('es-ES', 'Perú', 'PE'),
('pt-PT', 'República do Peru', 'PE'),
('pt-PT', 'Peru', 'PE'),
('es-ES', 'Filipinas', 'PH'),
('en-US', 'Philippines', 'PH'),
('fr-FR', 'Philippines', 'PH'),
('de-DE', 'Philippinen', 'PH'),
('pt-PT', 'República das Filipinas', 'PH'),
('pt-PT', 'Filipinas', 'PH'),
('es-ES', 'Islas Pitcairn', 'PN'),
('en-US', 'Pitcairn', 'PN'),
('pt-PT', 'Ilhas Picárnia', 'PN'),
('pt-PT', 'Ilhas Pitcairn, Henderson, Ducie e Oeno', 'PN'),
('pt-PT', 'Grupo de Ilhas Pitcairn', 'PN'),
('pt-PT', 'Ilhas Pitcairn', 'PN'),
('fr-FR', 'Pitcairn', 'PN'),
('de-DE', 'Pitcairninseln', 'PN'),
('es-ES', 'Polonia', 'PL'),
('pt-PT', 'República da Polónia', 'PL'),
('pt-PT', 'Polônia', 'PL'),
('en-US', 'Poland', 'PL'),
('de-DE', 'Polen', 'PL'),
('fr-FR', 'Pologne', 'PL'),
('de-DE', 'Portugal', 'PT'),
('pt-PT', 'República Portuguesa', 'PT'),
('pt-PT', 'Portugal', 'PT'),
('es-ES', 'Portugal', 'PT'),
('en-US', 'Portugal', 'PT'),
('fr-FR', 'Portugal', 'PT'),
('en-US', 'Puerto Rico', 'PR'),
('fr-FR', 'Porto Rico', 'PR'),
('fr-FR', 'Puerto Rico', 'PR'),
('es-ES', 'Puerto Rico', 'PR'),
('de-DE', 'Puerto Rico', 'PR'),
('pt-PT', 'Estado Livre Associado de Porto Rico', 'PR'),
('pt-PT', 'Porto Rico', 'PR'),
('en-US', 'Qatar', 'QA'),
('pt-PT', 'Estado do Catar', 'QA'),
('pt-PT', 'Catar', 'QA'),
('pt-PT', 'Qatar', 'QA'),
('fr-FR', 'Qatar', 'QA'),
('es-ES', 'Catar', 'QA'),
('de-DE', 'Katar', 'QA'),
('es-ES', 'Reunión', 'RE'),
('en-US', 'Réunion', 'RE'),
('de-DE', 'Réunion', 'RE'),
('fr-FR', 'Réunion', 'RE'),
('pt-PT', 'Reunião', 'RE'),
('fr-FR', 'Roumanie', 'RO'),
('pt-PT', 'Romênia', 'RO'),
('en-US', 'Romania', 'RO'),
('de-DE', 'Rumänien', 'RO'),
('es-ES', 'Rumania', 'RO'),
('en-US', 'Russia', 'RU'),
('en-US', 'Russian Federation', 'RU'),
('fr-FR', 'Russie', 'RU'),
('de-DE', 'Russland', 'RU'),
('es-ES', 'Rusia', 'RU'),
('pt-PT', 'Federação da Rússia', 'RU'),
('pt-PT', 'Rússia', 'RU'),
('fr-FR', 'Rwanda', 'RW'),
('de-DE', 'Ruanda', 'RW'),
('en-US', 'Rwanda', 'RW'),
('es-ES', 'Ruanda', 'RW'),
('pt-PT', 'Ruanda', 'RW'),
('pt-PT', 'República de Ruanda', 'RW'),
('pt-PT', 'República do Ruanda', 'RW'),
('pt-PT', 'Coletividade de São Bartolomeu', 'BL'),
('pt-PT', 'São Bartolomeu', 'BL'),
('de-DE', 'Saint-Barthélemy', 'BL'),
('fr-FR', 'Saint-Barthélémy', 'BL'),
('es-ES', 'San Bartolomé', 'BL'),
('en-US', 'Saint Barthélemy', 'BL'),
('pt-PT', 'Santa Helena, Ascensão e Tristão da Cunha', 'SH'),
('pt-PT', 'Santa Helena', 'SH'),
('pt-PT', 'Ascensão', 'SH'),
('pt-PT', 'Tristão da Cunha', 'SH'),
('fr-FR', 'Sainte-Hélène, Ascension et Tristan da Cunha', 'SH'),
('fr-FR', 'Sainte-Hélène', 'SH'),
('fr-FR', 'Ascension', 'SH'),
('fr-FR', 'Tristan da Cunha', 'SH'),
('en-US', 'Saint Helena, Ascension and Tristan da Cunha', 'SH'),
('en-US', 'Saint Helena', 'SH'),
('en-US', 'Ascension', 'SH'),
('en-US', 'Tristan da Cunha', 'SH'),
('es-ES', 'Santa Elena, Ascensión y Tristán de Acuña', 'SH'),
('es-ES', 'Santa Elena', 'SH'),
('es-ES', 'Ascensión', 'SH'),
('es-ES', 'Tristán de Acuña', 'SH'),
('de-DE', 'Sankt Helena, Ascension und Tristan da Cunha', 'SH'),
('de-DE', 'St. Helena, Ascension und Tristan da Cunha', 'SH'),
('de-DE', 'Sankt Helena', 'SH'),
('de-DE', 'St. Helena', 'SH'),
('de-DE', 'Ascension', 'SH'),
('de-DE', 'Tristan da Cunha', 'SH'),
('pt-PT', 'São Cristóvão e Névis', 'KN'),
('pt-PT', 'Federação de São Cristóvão e Neves', 'KN'),
('pt-PT', 'São Cristóvão e Neves', 'KN'),
('en-US', 'Saint Kitts and Nevis', 'KN'),
('fr-FR', 'Saint-Kitts-et-Nevis', 'KN'),
('fr-FR', 'Saint-Christophe-et-Nevis', 'KN'),
('fr-FR', 'Saint-Kitts-et-Nevis', 'KN'),
('fr-FR', 'Fédération de Saint-Christophe-et-Niévès', 'KN'),
('de-DE', 'Saint Kitts und Nevis', 'KN'),
('de-DE', 'Sankt Christopher und Nevis', 'KN'),
('es-ES', 'San Cristóbal y Nieves', 'KN'),
('pt-PT', 'Santa Lúcia', 'LC'),
('en-US', 'Saint Lucia', 'LC'),
('es-ES', 'Santa Lucía', 'LC'),
('de-DE', 'Saint Lucia', 'LC'),
('fr-FR', 'Sainte-Lucie', 'LC'),
('es-ES', 'San Martín', 'MF'),
('en-US', 'Saint Martin', 'MF'),
('pt-PT', 'Coletividade de São Martinho', 'MF'),
('pt-PT', 'São Martinho', 'MF'),
('de-DE', 'Saint-Martin', 'MF'),
('fr-FR', 'Saint Martin - Partie française', 'MF'),
('fr-FR', 'Saint Martin - France', 'MF'),
('fr-FR', 'Saint-Pierre-et-Miquelon', 'PM'),
('de-DE', 'Saint-Pierre und Miquelon', 'PM'),
('pt-PT', 'Saint-Pierre e Miquelon', 'PM'),
('pt-PT', 'São Pedro e Miquelão', 'PM'),
('pt-PT', 'Coletividade de Ultramar de São Pedro e Miquelão', 'PM'),
('en-US', 'Saint Pierre and Miquelon', 'PM'),
('es-ES', 'San Pedro y Miquelón', 'PM'),
('en-US', 'Saint Vincent and the Grenadines', 'VC'),
('fr-FR', 'Saint-Vincent-et-les Grenadines', 'VC'),
('pt-PT', 'São Vicente e Granadinas', 'VC'),
('de-DE', 'San Vincent und die Grenadinen', 'VC'),
('es-ES', 'San Vicente y las Granadinas', 'VC'),
('de-DE', 'Samoa', 'WS'),
('en-US', 'Samoa', 'WS'),
('fr-FR', 'Samoa', 'WS'),
('es-ES', 'Samoa', 'WS'),
('pt-PT', 'Samoa', 'WS'),
('pt-PT', 'Estado Independente de Samoa', 'WS'),
('fr-FR', 'Saint-Marin', 'SM'),
('pt-PT', 'São Marino', 'SM'),
('pt-PT', 'República de San Marino', 'SM'),
('pt-PT', 'São Marinho', 'SM'),
('pt-PT', 'Sereníssima República de San Marino', 'SM'),
('pt-PT', 'São Marino', 'SM'),
('pt-PT', 'República de San Marino', 'SM'),
('pt-PT', 'São Marinho', 'SM'),
('pt-PT', 'Sereníssima República de San Marino', 'SM'),
('en-US', 'San Marino', 'SM'),
('es-ES', 'San Marino', 'SM'),
('de-DE', 'San Marino', 'SM'),
('de-DE', 'São Tomé und Príncipe', 'ST'),
('fr-FR', 'Sao Tomé-et-Principe', 'ST'),
('es-ES', 'Santo Tomé y Príncipe', 'ST'),
('pt-PT', 'São Tomé e Príncipe', 'ST'),
('pt-PT', 'República Democrática de São Tomé e Príncipe', 'ST'),
('en-US', 'Sao Tome and Principe', 'ST'),
('pt-PT', 'Reino da Arábia Saudita', 'SA'),
('pt-PT', 'Arábia Saudita', 'SA'),
('fr-FR', 'Arabie Saoudite', 'SA'),
('de-DE', 'Saudi-Arabien', 'SA'),
('es-ES', 'Arabia Saudita', 'SA'),
('en-US', 'Saudi Arabia', 'SA'),
('de-DE', 'Senegal', 'SN'),
('fr-FR', 'Sénégal', 'SN'),
('es-ES', 'Senegal', 'SN'),
('pt-PT', 'República do Senegal', 'SN'),
('pt-PT', 'Senegal', 'SN'),
('en-US', 'Senegal', 'SN'),
('fr-FR', 'Serbie', 'RS'),
('en-US', 'Serbia', 'RS'),
('de-DE', 'Serbien', 'RS'),
('es-ES', 'Serbia', 'RS'),
('pt-PT', 'República da Sérvia', 'RS'),
('pt-PT', 'Sérvia', 'RS'),
('fr-FR', 'Seychelles', 'SC'),
('de-DE', 'Seychellen', 'SC'),
('pt-PT', 'Seychelles', 'SC'),
('pt-PT', 'República das Seicheles', 'SC'),
('pt-PT', 'República das Seychelles', 'SC'),
('pt-PT', 'Seicheles', 'SC'),
('en-US', 'Seychelles', 'SC'),
('es-ES', 'Seychelles', 'SC'),
('de-DE', 'Sierra Leone', 'SL'),
('fr-FR', 'Sierra Leone', 'SL'),
('en-US', 'Sierra Leone', 'SL'),
('es-ES', 'Sierra Leona', 'SL'),
('pt-PT', 'República da Serra Leoa', 'SL'),
('pt-PT', 'Serra Leoa', 'SL'),
('es-ES', 'Singapur', 'SG'),
('pt-PT', 'Singapura', 'SG'),
('pt-PT', 'República de Singapura', 'SG'),
('de-DE', 'Singapur', 'SG'),
('fr-FR', 'Singapour', 'SG'),
('en-US', 'Singapore', 'SG'),
('en-US', 'Sint Maarten', 'SX'),
('es-ES', 'San Martín', 'SX'),
('fr-FR', 'Saint Martin - Pays-Bas', 'SX'),
('de-DE', 'Sint Maarten', 'SX'),
('pt-PT', 'São Martinho', 'SX'),
('fr-FR', 'Slovaquie', 'SK'),
('de-DE', 'Slowakei', 'SK'),
('en-US', 'Slovakia', 'SK'),
('es-ES', 'Eslovaquia', 'SK'),
('pt-PT', 'República Eslovaca', 'SK'),
('pt-PT', 'Eslováquia', 'SK'),
('es-ES', 'Eslovenia', 'SI'),
('pt-PT', 'República da Eslovénia', 'SI'),
('pt-PT', 'Eslovênia', 'SI'),
('en-US', 'Slovenia', 'SI'),
('fr-FR', 'Slovénie', 'SI'),
('de-DE', 'Slowenien', 'SI'),
('pt-PT', 'Ilhas Salomão', 'SB'),
('es-ES', 'Islas Salomón', 'SB'),
('en-US', 'Solomon Islands', 'SB'),
('fr-FR', 'Îles Salomon', 'SB'),
('de-DE', 'Salomonen', 'SB'),
('fr-FR', 'Somalie', 'SO'),
('es-ES', 'Somalia', 'SO'),
('de-DE', 'Somalia', 'SO'),
('pt-PT', 'República Federal da Somália', 'SO'),
('pt-PT', 'Somália', 'SO'),
('en-US', 'Somalia', 'SO'),
('en-US', 'South Africa', 'ZA'),
('es-ES', 'Sudáfrica', 'ZA'),
('pt-PT', 'República da África do Sul', 'ZA'),
('pt-PT', 'África do Sul', 'ZA'),
('de-DE', 'Südafrika', 'ZA'),
('fr-FR', 'Afrique du Sud', 'ZA'),
('en-US', 'South Georgia and the South Sandwich Islands', 'GS'),
('es-ES', 'Islas Georgias del Sur y Sandwich del Sur', 'GS'),
('pt-PT', 'Ilhas Geórgia do Sul e Sandwich do Sul', 'GS'),
('pt-PT', 'Ilhas Geórgias do Sul e Sandwich do Sul', 'GS'),
('pt-PT', 'Ilhas Geórgia do Sul e Sanduíche do Sul', 'GS'),
('fr-FR', 'Géorgie du Sud et les îles Sandwich du Sud', 'GS'),
('fr-FR', 'Géorgie du Sud', 'GS'),
('fr-FR', 'Îles Sandwich du Sud', 'GS'),
('de-DE', 'Südgeorgien und die Südlichen Sandwichinseln', 'GS'),
('de-DE', 'Südsudan', 'SS'),
('fr-FR', 'Soudan du sud', 'SS'),
('pt-PT', 'República do Sudão do Sul', 'SS'),
('pt-PT', 'Sudão do Sul', 'SS'),
('pt-PT', 'Sudão Meridional', 'SS'),
('es-ES', 'Sudán del Sur', 'SS'),
('en-US', 'South Sudan', 'SS'),
('fr-FR', 'Espagne', 'ES'),
('es-ES', 'España', 'ES'),
('en-US', 'Spain', 'ES'),
('pt-PT', 'Reino de Espanha', 'ES'),
('pt-PT', 'Espanha', 'ES'),
('de-DE', 'Spanien', 'ES'),
('es-ES', 'Sri Lanka', 'LK'),
('de-DE', 'Sri Lanka', 'LK'),
('fr-FR', 'Sri Lanka', 'LK'),
('pt-PT', 'Sri Lanka', 'LK'),
('pt-PT', 'República Democrática Socialista do Sri Lanka', 'LK'),
('pt-PT', 'Sri Lanca', 'LK'),
('pt-PT', 'Seri Lanca', 'LK'),
('en-US', 'Sri Lanka', 'LK'),
('de-DE', 'Sudan', 'SD'),
('fr-FR', 'Soudan', 'SD'),
('es-ES', 'Sudán', 'SD'),
('pt-PT', 'República do Sudão', 'SD'),
('pt-PT', 'Sudão', 'SD'),
('en-US', 'Sudan', 'SD'),
('fr-FR', 'Suriname', 'SR'),
('pt-PT', 'República do Suriname', 'SR'),
('pt-PT', 'Suriname', 'SR'),
('es-ES', 'Surinam', 'SR'),
('en-US', 'Suriname', 'SR'),
('de-DE', 'Suriname', 'SR'),
('es-ES', 'Svalbard y Jan Mayen', 'SJ'),
('en-US', 'Svalbard and Jan Mayen', 'SJ'),
('fr-FR', 'Svalbard and Jan Mayen', 'SJ'),
('de-DE', 'Spitzbergen und Jan Mayen', 'SJ'),
('pt-PT', 'Esvalbarde e Jan Mayen', 'SJ'),
('fr-FR', 'Suède', 'SE'),
('en-US', 'Sweden', 'SE'),
('de-DE', 'Schweden', 'SE'),
('es-ES', 'Suecia', 'SE'),
('pt-PT', 'Reino da Suécia', 'SE'),
('pt-PT', 'Suécia', 'SE'),
('en-US', 'Switzerland', 'CH'),
('es-ES', 'Suiza', 'CH'),
('de-DE', 'Schweiz', 'CH'),
('fr-FR', 'Suisse', 'CH'),
('pt-PT', 'Confederação Suíça', 'CH'),
('pt-PT', 'Suíça', 'CH'),
('es-ES', 'Siria', 'SY'),
('es-ES', 'República Árabe Siria', 'SY'),
('fr-FR', 'Syrie', 'SY'),
('de-DE', 'Syrien', 'SY'),
('de-DE', 'Syrische Arabische Republik', 'SY'),
('pt-PT', 'Síria', 'SY'),
('pt-PT', 'República Árabe Síria', 'SY'),
('en-US', 'Syria', 'SY'),
('en-US', 'Syrian Arab Republic', 'SY'),
('de-DE', 'Taiwan', 'TW'),
('en-US', 'Taiwan', 'TW'),
('en-US', 'Taiwan Province of China', 'TW'),
('pt-PT', 'República da China', 'TW'),
('pt-PT', 'Taiwan', 'TW'),
('fr-FR', 'Taiwan', 'TW'),
('es-ES', 'Taiwán', 'TW'),
('de-DE', 'Tadschikistan', 'TJ'),
('es-ES', 'Tayikistán', 'TJ'),
('pt-PT', 'República do Tajiquistão', 'TJ'),
('pt-PT', 'Tajiquistão', 'TJ'),
('pt-PT', 'Tadjiquistão', 'TJ'),
('en-US', 'Tajikistan', 'TJ'),
('fr-FR', 'Tadjikistan', 'TJ'),
('pt-PT', 'República Unida da Tanzânia', 'TZ'),
('pt-PT', 'Tanzânia', 'TZ'),
('de-DE', 'Tansania', 'TZ'),
('de-DE', 'Vereinigte Republik Tansania', 'TZ'),
('en-US', 'Tanzania', 'TZ'),
('en-US', 'United Republic of Tanzania', 'TZ'),
('fr-FR', 'Tanzanie', 'TZ'),
('es-ES', 'Tanzania', 'TZ'),
('es-ES', 'Tailandia', 'TH'),
('pt-PT', 'Reino da Tailândia', 'TH'),
('pt-PT', 'Tailândia', 'TH'),
('de-DE', 'Thailand', 'TH'),
('fr-FR', 'Thaïland', 'TH'),
('en-US', 'Thailand', 'TH'),
('fr-FR', 'Timor-Leste', 'TL'),
('en-US', 'Timor-Leste', 'TL'),
('es-ES', 'Timor Oriental', 'TL'),
('de-DE', 'Osttimor', 'TL'),
('de-DE', 'Demokratische Republik Timor-Leste', 'TL'),
('pt-PT', 'República Democrática de Timor-Leste', 'TL'),
('pt-PT', 'Timor-Leste', 'TL'),
('en-US', 'Togo', 'TG'),
('fr-FR', 'Togo', 'TG'),
('pt-PT', 'Togo', 'TG'),
('pt-PT', 'República Togolesa', 'TG'),
('de-DE', 'Togo', 'TG'),
('es-ES', 'Togo', 'TG'),
('fr-FR', 'Tokelau', 'TK'),
('pt-PT', 'Toquelau', 'TK'),
('en-US', 'Tokelau', 'TK'),
('es-ES', 'Tokelau', 'TK'),
('de-DE', 'Tokelau', 'TK'),
('pt-PT', 'Reino de Tonga', 'TO'),
('pt-PT', 'Tonga', 'TO'),
('fr-FR', 'Tonga', 'TO'),
('es-ES', 'Tonga', 'TO'),
('de-DE', 'Tonga', 'TO'),
('en-US', 'Tonga', 'TO'),
('de-DE', 'Trinidad und Tobago', 'TT'),
('fr-FR', 'Trinité-et-Tobago', 'TT'),
('pt-PT', 'República de Trindade e Tobago', 'TT'),
('pt-PT', 'Trindade e Tobago', 'TT'),
('en-US', 'Trinidad and Tobago', 'TT'),
('es-ES', 'Trinidad y Tobago', 'TT'),
('es-ES', 'Túnez', 'TN'),
('pt-PT', 'República Tunisina', 'TN'),
('pt-PT', 'Tunísia', 'TN'),
('fr-FR', 'Tunisie', 'TN'),
('en-US', 'Tunisia', 'TN'),
('de-DE', 'Tunesien', 'TN'),
('pt-PT', 'República da Turquia', 'TR'),
('pt-PT', 'Turquia', 'TR'),
('es-ES', 'Turquía', 'TR'),
('en-US', 'Turkey', 'TR'),
('fr-FR', 'Turquie', 'TR'),
('de-DE', 'Türkei', 'TR'),
('es-ES', 'Turkmenistán', 'TM'),
('de-DE', 'Turkmenistan', 'TM'),
('pt-PT', 'Turcomenistão', 'TM'),
('pt-PT', 'República do Turquemenistão', 'TM'),
('pt-PT', 'República do Turcomenistão', 'TM'),
('pt-PT', 'Turquemenistão', 'TM'),
('fr-FR', 'Turkménistan', 'TM'),
('en-US', 'Turkmenistan', 'TM'),
('de-DE', 'Turks- und Caicosinseln', 'TC'),
('en-US', 'Turks and Caicos Islands', 'TC'),
('fr-FR', 'Îles Turques-et-Caïques', 'TC'),
('pt-PT', 'Turcas e Caicos', 'TC'),
('es-ES', 'Islas Turcas y Caicos', 'TC'),
('es-ES', 'Tuvalu', 'TV'),
('de-DE', 'Tuvalu', 'TV'),
('en-US', 'Tuvalu', 'TV'),
('pt-PT', 'Tuvalu', 'TV'),
('fr-FR', 'Tuvalu', 'TV'),
('de-DE', 'Uganda', 'UG'),
('es-ES', 'Uganda', 'UG'),
('en-US', 'Uganda', 'UG'),
('pt-PT', 'República de Uganda', 'UG'),
('pt-PT', 'Uganda', 'UG'),
('fr-FR', 'Ouganda', 'UG'),
('de-DE', 'Ukraine', 'UA'),
('en-US', 'Ukraine', 'UA'),
('es-ES', 'Ucrania', 'UA'),
('pt-PT', 'Ucrânia', 'UA'),
('fr-FR', 'Ukraine', 'UA'),
('en-US', 'United Arab Emirates', 'AE'),
('es-ES', 'Emiratos Árabes Unidos', 'AE'),
('pt-PT', 'Emirados Árabes Unidos', 'AE'),
('de-DE', 'Vereinigte Arabische Emirate', 'AE'),
('fr-FR', 'Émirats Arabes Unis', 'AE'),
('es-ES', 'Reino Unido', 'GB'),
('es-ES', 'Reino Unido de Gran Bretaña e Irlanda del Norte', 'GB'),
('pt-PT', 'Reino Unido da Grã-Bretanha e Irlanda do Norte', 'GB'),
('pt-PT', 'Reino Unido', 'GB'),
('en-US', 'United Kingdom', 'GB'),
('en-US', 'United Kingdom of Great Britain and Northern Ireland', 'GB'),
('fr-FR', 'Royaume-Unis', 'GB'),
('fr-FR', 'Royaume-Unis de Grande Bretagne et d''Irlande du Nord', 'GB'),
('de-DE', 'Vereinigtes Königreich', 'GB'),
('de-DE', 'Vereinigtes Königreich von Großbritannien und Irland', 'GB'),
('en-US', 'United States of America', 'US'),
('en-US', 'USA', 'US'),
('en-US', 'United-States', 'US'),
('es-ES', 'Estados Unidos de América', 'US'),
('es-ES', 'Estados Unidos', 'US'),
('de-DE', 'Vereinigte Staaten von Amerika', 'US'),
('de-DE', 'Vereinigte Staaten', 'US'),
('fr-FR', 'États-Unis d''Amérique', 'US'),
('fr-FR', 'USA', 'US'),
('fr-FR', 'États-Unis', 'US'),
('pt-PT', 'Estados Unidos da América', 'US'),
('pt-PT', 'Estados Unidos', 'US'),
('es-ES', 'Islas Ultramarinas Menores de los Estados Unidos', 'UM'),
('fr-FR', 'Îles mineures éloignées des États-Unis', 'UM'),
('pt-PT', 'Ilhas Menores Distantes dos Estados Unidos', 'UM'),
('pt-PT', 'Ilhas Menores Afastadas dos Estados Unidos', 'UM'),
('de-DE', 'United States Minor Outlying Islands', 'UM'),
('en-US', 'United States Minor Outlying Islands', 'UM'),
('de-DE', 'Uruguay', 'UY'),
('pt-PT', 'República Oriental do Uruguai', 'UY'),
('pt-PT', 'Uruguai', 'UY'),
('es-ES', 'Uruguay', 'UY'),
('fr-FR', 'Uruguay', 'UY'),
('en-US', 'Uruguay', 'UY'),
('es-ES', 'Uzbekistán', 'UZ'),
('fr-FR', 'Ouzbékistan', 'UZ'),
('pt-PT', 'República do Uzbequistão', 'UZ'),
('pt-PT', 'Uzbequistão', 'UZ'),
('pt-PT', 'Usbequistão', 'UZ'),
('de-DE', 'Usbekistan', 'UZ'),
('en-US', 'Uzbekistan', 'UZ'),
('es-ES', 'Vanuatu', 'VU'),
('en-US', 'Vanuatu', 'VU'),
('pt-PT', 'Vanuatu', 'VU'),
('pt-PT', 'República de Vanuatu', 'VU'),
('de-DE', 'Vanuatu', 'VU'),
('fr-FR', 'Vanuatu', 'VU'),
('fr-FR', 'Vénézuéla', 'VE'),
('fr-FR', 'Venezuela', 'VE'),
('en-US', 'Venezuela', 'VE'),
('en-US', 'Bolivarian Republic of Venezuela', 'VE'),
('de-DE', 'Venezuela', 'VE'),
('de-DE', 'Bolivarische Republik Venezuela', 'VE'),
('es-ES', 'Venezuela', 'VE'),
('es-ES', 'República Bolivariana de Venezuela', 'VE'),
('pt-PT', 'República Bolivariana da Venezuela', 'VE'),
('pt-PT', 'Venezuela', 'VE'),
('es-ES', 'Vietnam', 'VN'),
('es-ES', 'República Socialista de Vietnam', 'VN'),
('en-US', 'Vietnam', 'VN'),
('en-US', 'Viet Nam', 'VN'),
('pt-PT', 'Vietname', 'VN'),
('pt-PT', 'República Socialista do Vietname', 'VN'),
('pt-PT', 'República Socialista do Vietnã', 'VN'),
('pt-PT', 'Vietnã', 'VN'),
('fr-FR', 'Viêt Nam', 'VN'),
('fr-FR', 'Vietnam', 'VN'),
('de-DE', 'Vietnam', 'VN'),
('de-DE', 'Sozialistische Republik Vietnam', 'VN'),
('es-ES', 'Islas Vírgenes Británicas', 'VG'),
('pt-PT', 'Ilhas Virgens Britânicas', 'VG'),
('fr-FR', 'Îles Vierges Britanniques', 'VG'),
('en-US', 'British Virgin Islands', 'VG'),
('en-US', 'Virgin Islands', 'VG'),
('de-DE', 'Britische Jungferninseln', 'VG'),
('en-US', 'U.S. Virgin Islands', 'VI'),
('en-US', 'Virgin Islands U.S.', 'VI'),
('de-DE', 'Amerikanische Jungferninseln', 'VI'),
('fr-FR', 'Îles Vierges des États-Unis', 'VI'),
('pt-PT', 'Ilhas Virgens dos Estados Unidos', 'VI'),
('pt-PT', 'Ilhas Virgens Americanas', 'VI'),
('es-ES', 'Islas Vírgenes de los Estados Unidos', 'VI'),
('en-US', 'Wallis and Futuna', 'WF'),
('fr-FR', 'Wallis-et-Futuna', 'WF'),
('de-DE', 'Wallis und Futuna', 'WF'),
('es-ES', 'Wallis y Futuna', 'WF'),
('pt-PT', 'Território das Ilhas Wallis e Futuna', 'WF'),
('pt-PT', 'Wallis e Futuna', 'WF'),
('pt-PT', 'Saara Ocidental', 'EH'),
('pt-PT', 'Sara Ocidental', 'EH'),
('en-US', 'Western Sahara', 'EH'),
('fr-FR', 'Sahara Occidental', 'EH'),
('de-DE', 'Westsahara', 'EH'),
('es-ES', 'República Árabe Saharaui Democrática', 'EH'),
('en-US', 'Yemen', 'YE'),
('fr-FR', 'Yémen', 'YE'),
('pt-PT', 'Iémen', 'YE'),
('pt-PT', 'República do Iémen', 'YE'),
('es-ES', 'Yemen', 'YE'),
('de-DE', 'Jemen', 'YE'),
('es-ES', 'Zambia', 'ZM'),
('fr-FR', 'Zambie', 'ZM'),
('de-DE', 'Sambia', 'ZM'),
('en-US', 'Zambia', 'ZM'),
('pt-PT', 'República da Zâmbia', 'ZM'),
('pt-PT', 'Zâmbia', 'ZM'),
('pt-PT', 'República do Zimbabwe', 'ZW'),
('pt-PT', 'Zimbábue', 'ZW'),
('pt-PT', 'Zimbaué', 'ZW'),
('pt-PT', 'Zimbabwe', 'ZW'),
('es-ES', 'Zimbabue', 'ZW'),
('en-US', 'Zimbabwe', 'ZW'),
('fr-FR', 'Zimbabwe', 'ZW'),
('de-DE', 'Simbabwe', 'ZW'),
('de-DE', 'Europa', 'EUROPE'),
('en-US', 'Europe', 'EUROPE'),
('fr-FR', 'Europe', 'EUROPE'),
('pt-PT', 'Europa', 'EUROPE'),
('es-ES', 'Europa', 'EUROPE'),
('de-DE', 'Nordamerika', 'NORTH_AMERICA'),
('pt-PT', 'América do Norte', 'NORTH_AMERICA'),
('fr-FR', 'Amérique du Nord', 'NORTH_AMERICA'),
('es-ES', 'América del Norte', 'NORTH_AMERICA'),
('en-US', 'North America', 'NORTH_AMERICA'),
('fr-FR', 'Amérique du Sud', 'SOUTH_AMERICA'),
('pt-PT', 'América do Sul', 'SOUTH_AMERICA'),
('es-ES', 'América del Sur', 'SOUTH_AMERICA'),
('de-DE', 'Südamerika', 'SOUTH_AMERICA'),
('en-US', 'North America', 'SOUTH_AMERICA'),
('en-US', 'Africa', 'AFRICA'),
('de-DE', 'Afrika', 'AFRICA'),
('fr-FR', 'Afrique', 'AFRICA'),
('pt-PT', 'África', 'AFRICA'),
('es-ES', 'África', 'AFRICA'),
('de-DE', 'Asien', 'ASIA'),
('en-US', 'Asia', 'ASIA'),
('es-ES', 'Asia', 'ASIA'),
('pt-PT', 'Ásia', 'ASIA'),
('fr-FR', 'Asie', 'ASIA'),
('fr-FR', 'Océanie', 'OCEANIA'),
('de-DE', 'Ozeanien', 'OCEANIA'),
('pt-PT', 'Oceânia', 'OCEANIA'),
('en-US', 'Oceania', 'OCEANIA'),
('es-ES', 'Oceanía', 'OCEANIA'),
('pt-PT', 'Antártida', 'ANTARTICA'),
('fr-FR', 'Antarctique', 'ANTARTICA'),
('es-ES', 'Antártida', 'ANTARTICA'),
('en-US', 'Antartica', 'ANTARTICA'),
('de-DE', 'Antarktis', 'ANTARTICA');
INSERT INTO geo_data (id, geo_data_group, geo_data_capital, numeric_code) VALUES
('FR-BOURG-EN-BRESSE', 'FR-01', null, '01000'),
('FR-LAON', 'FR-02', null, '02000'),
('FR-MOULINS', 'FR-03', null, '03000'),
('FR-DIGNE-LES-BAINS', 'FR-04', null, '04000'),
('FR-NICE', 'FR-06', null, '06000'),
('FR-PRIVAS', 'FR-07', null, '07000'),
('FR-CHARLEVILLE-MEZIERES', 'FR-08', null, '08000'),
('FR-FOIX', 'FR-09', null, '09000'),
('FR-TROYES', 'FR-10', null, '10000'),
('FR-CARCASSONNE', 'FR-11', null, '11000'),
('FR-RODEZ', 'FR-12', null, '12000'),
('FR-MARSEILLE', 'FR-13', null, '13000'),
('FR-CAEN', 'FR-14', null, '14000'),
('FR-AURILLAC', 'FR-15', null, '15000'),
('FR-ANGOULEME', 'FR-16', null, '16000'),
('FR-LA-ROCHELLE', 'FR-17', null, '17000'),
('FR-BOURGES', 'FR-18', null, '18000'),
('FR-TULLE', 'FR-19', null, '19000'),
('FR-AJACCIO', 'FR-2A', null, '2A000'),
('FR-DIJON', 'FR-21', null, '21000'),
('FR-ST-BRIEUC', 'FR-22', null, '22000'),
('FR-GUERET', 'FR-23', null, '23000'),
('FR-NIORT', 'FR-79', null, '79000'),
('FR-PERIGUEUX', 'FR-24', null, '24000'),
('FR-BESANÇON', 'FR-25', null, '25000'),
('FR-VALENCE', 'FR-26', null, '26000'),
('FR-EVRY', 'FR-91', null, '91000'),
('FR-EVREUX', 'FR-27', null, '27000'),
('FR-CHARTRES', 'FR-28', null, '28000'),
('FR-QUIMPER', 'FR-29', null, '29000'),
('FR-CAYENNE', 'FR-973', null, '973000'),
('FR-NIMES', 'FR-30', null, '30000'),
('FR-AUCH', 'FR-32', null, '32000'),
('FR-BORDEAUX', 'FR-33', null, '33000'),
('FR-BASSE-TERRE', 'FR-971', null, '971000'),
('FR-BASTIA', 'FR-2B', null, '2B000'),
('FR-TOULOUSE', 'FR-31', null, '31000'),
('FR-LE-PUY-EN-VELAY', 'FR-43', null, '43000'),
('FR-CHAUMONT', 'FR-52', null, '52000'),
('FR-GAP', 'FR-05', null, '05000'),
('FR-VESOUL', 'FR-70', null, '70000'),
('FR-ANNECY', 'FR-74', null, '74000'),
('FR-TARBES', 'FR-65', null, '65000'),
('FR-LIMOGES', 'FR-87', null, '87000'),
('FR-NANTERRE', 'FR-92', null, '92000'),
('FR-MONTPELLIER', 'FR-34', null, '34000'),
('FR-RENNES', 'FR-35', null, '35000'),
('FR-CHATEAUROUX', 'FR-36', null, '36000'),
('FR-TOURS', 'FR-37', null, '37000'),
('FR-GRENOBLE', 'FR-38', null, '38000'),
('FR-LONS-LE-SAUNIER', 'FR-39', null, '39000'),
('FR-MONT-DE-MARSAN', 'FR-40', null, '40000'),
('FR-SAINT-ETIENNE', 'FR-42', null, '42000'),
('FR-NANTES', 'FR-44', null, '44000'),
('FR-ORLEANS', 'FR-45', null, '45000'),
('FR-BLOIS', 'FR-41', null, '41000'),
('FR-CAHORS', 'FR-46', null, '46000'),
('FR-AGEN', 'FR-47', null, '47000'),
('FR-MENDE', 'FR-48', null, '48000'),
('FR-ANGERS', 'FR-49', null, '49000'),
('FR-SAINT-LO', 'FR-50', null, '50000'),
('FR-CHALONS-EN-CHAMPAGNE', 'FR-51', null, '51000'),
('FR-FORT-DE-FRANCE', 'FR-972', null, '972000'),
('FR-PARIS', 'FR-75', null, '75000'),
('FR-LAVAL', 'FR-53', null, '53000'),
('FR-DZAOUDZI', 'FR-976', null, '976000'),
('FR-NANCY', 'FR-54', null, '54000'),
('FR-BAR-LE-DUC', 'FR-55', null, '55000'),
('FR-VANNES', 'FR-56', null, '56000'),
('FR-METZ', 'FR-57', null, '57000'),
('FR-NEVERS', 'FR-58', null, '58000'),
('FR-LILLE', 'FR-59', null, '59000'),
('FR-BEAUVAIS', 'FR-60', null, '60000'),
('FR-ALENCON', 'FR-61', null, '61000'),
('FR-ARRAS', 'FR-62', null, '62000'),
('FR-CLERMONT-FERRAND', 'FR-63', null, '63000'),
('FR-PAU', 'FR-64', null, '64000'),
('FR-PERPIGNAN', 'FR-66', null, '66000'),
('FR-STRASBOURG', 'FR-67', null, '67000'),
('FR-COLMAR', 'FR-68', null, '68000'),
('FR-SAINT-DENIS', 'FR-974', null, '974000'),
('FR-LYON', 'FR-69', null, '69000'),
('FR-MACON', 'FR-71', null, '71000'),
('FR-LE-MANS', 'FR-72', null, '72000'),
('FR-CHAMBERY', 'FR-73', null, '73000'),
('FR-MELUN', 'FR-77', null, '77000'),
('FR-ROUEN', 'FR-76', null, '76000'),
('FR-BOBIGNY', 'FR-93', null, '93000'),
('FR-AMIENS', 'FR-80', null, '80000'),
('FR-ALBI', 'FR-81', null, '81000'),
('FR-MONTAUBAN', 'FR-82', null, '82000'),
('FR-BELFORT', 'FR-90', null, '90000'),
('FR-CRETEIL', 'FR-94', null, '94000'),
('FR-PONTOISE', 'FR-95', null, '95000'),
('FR-TOULON', 'FR-83', null, '83000'),
('FR-AVIGNON', 'FR-84', null, '84000'),
('FR-LA-ROCHE-SUR-YON', 'FR-85', null, '85000'),
('FR-POITIERS', 'FR-86', null, '86000'),
('FR-EPINAL', 'FR-88', null, '88000'),
('FR-AUXERRE', 'FR-89', null, '89000'),
('FR-VERSAILLES', 'FR-78', null, '78000'),
('FR-01', 'FR-ARA', 'FR-BOURG-EN-BRESSE', '01'),
('FR-02', 'FR-HDF', 'FR-LAON', '02'),
('FR-03', 'FR-ARA', 'FR-MOULINS', '03'),
('FR-04', 'FR-PAC', 'FR-DIGNE-LES-BAINS', '04'),
('FR-06', 'FR-PAC', 'FR-NICE', '06'),
('FR-07', 'FR-ARA', 'FR-PRIVAS', '07'),
('FR-08', 'FR-GES', 'FR-CHARLEVILLE-MEZIERES', '08'),
('FR-09', 'FR-OCC', 'FR-FOIX', '09'),
('FR-10', 'FR-GES', 'FR-TROYES', '10'),
('FR-11', 'FR-OCC', 'FR-CARCASSONNE', '11'),
('FR-12', 'FR-OCC', 'FR-RODEZ', '12'),
('FR-13', 'FR-PAC', 'FR-MARSEILLE', '13'),
('FR-14', 'FR-NOR', 'FR-CAEN', '14'),
('FR-15', 'FR-ARA', 'FR-AURILLAC', '15'),
('FR-16', 'FR-NAQ', 'FR-ANGOULEME', '16'),
('FR-17', 'FR-NAQ', 'FR-LA-ROCHELLE', '17'),
('FR-18', 'FR-CVL', 'FR-BOURGES', '18'),
('FR-19', 'FR-NAQ', 'FR-TULLE', '19'),
('FR-2A', 'FR-20R', 'FR-AJACCIO', '2A'),
('FR-21', 'FR-BFC', 'FR-DIJON', '21'),
('FR-22', 'FR-BRE', 'FR-ST-BRIEUC', '22'),
('FR-23', 'FR-NAQ', 'FR-GUERET', '23'),
('FR-79', 'FR-NAQ', 'FR-NIORT', '79'),
('FR-24', 'FR-NAQ', 'FR-PERIGUEUX', '24'),
('FR-25', 'FR-BFC', 'FR-BESANÇON', '25'),
('FR-26', 'FR-ARA', 'FR-VALENCE', '26'),
('FR-91', 'FR-IDF', 'FR-EVRY', '91'),
('FR-27', 'FR-NOR', 'FR-EVREUX', '27'),
('FR-28', 'FR-CVL', 'FR-CHARTRES', '28'),
('FR-29', 'FR-BRE', 'FR-QUIMPER', '29'),
('FR-973', null, 'FR-CAYENNE', '973'),
('FR-30', 'FR-OCC', 'FR-NIMES', '30'),
('FR-32', 'FR-OCC', 'FR-AUCH', '32'),
('FR-33', 'FR-NAQ', 'FR-BORDEAUX', '33'),
('FR-971', null, 'FR-BASSE-TERRE', '971'),
('FR-2B', 'FR-20R', 'FR-BASTIA', '2B'),
('FR-31', 'FR-OCC', 'FR-TOULOUSE', '31'),
('FR-43', 'FR-ARA', 'FR-LE-PUY-EN-VELAY', '43'),
('FR-52', 'FR-GES', 'FR-CHAUMONT', '52'),
('FR-05', 'FR-PAC', 'FR-GAP', '05'),
('FR-70', 'FR-BFC', 'FR-VESOUL', '70'),
('FR-74', 'FR-ARA', 'FR-ANNECY', '74'),
('FR-65', 'FR-OCC', 'FR-TARBES', '65'),
('FR-87', 'FR-NAQ', 'FR-LIMOGES', '87'),
('FR-92', 'FR-IDF', 'FR-NANTERRE', '92'),
('FR-34', 'FR-OCC', 'FR-MONTPELLIER', '34'),
('FR-35', 'FR-BRE', 'FR-RENNES', '35'),
('FR-36', 'FR-CVL', 'FR-CHATEAUROUX', '36'),
('FR-37', 'FR-CVL', 'FR-TOURS', '37'),
('FR-38', 'FR-ARA', 'FR-GRENOBLE', '38'),
('FR-39', 'FR-BFC', 'FR-LONS-LE-SAUNIER', '39'),
('FR-40', 'FR-NAQ', 'FR-MONT-DE-MARSAN', '40'),
('FR-42', 'FR-ARA', 'FR-SAINT-ETIENNE', '42'),
('FR-44', 'FR-PDL', 'FR-NANTES', '44'),
('FR-45', 'FR-CVL', 'FR-ORLEANS', '45'),
('FR-41', 'FR-CVL', 'FR-BLOIS', '41'),
('FR-46', 'FR-OCC', 'FR-CAHORS', '46'),
('FR-47', 'FR-NAQ', 'FR-AGEN', '47'),
('FR-48', 'FR-OCC', 'FR-MENDE', '48'),
('FR-49', 'FR-PDL', 'FR-ANGERS', '49'),
('FR-50', 'FR-NOR', 'FR-SAINT-LO', '50'),
('FR-51', 'FR-GES', 'FR-CHALONS-EN-CHAMPAGNE', '51'),
('FR-972', null, 'FR-FORT-DE-FRANCE', '972'),
('FR-75', 'FR-IDF', 'FR-PARIS', '75'),
('FR-53', 'FR-PDL', 'FR-LAVAL', '53'),
('FR-976', null, 'FR-DZAOUDZI', '976'),
('FR-54', 'FR-GES', 'FR-NANCY', '54'),
('FR-55', 'FR-GES', 'FR-BAR-LE-DUC', '55'),
('FR-56', 'FR-BRE', 'FR-VANNES', '56'),
('FR-57', 'FR-GES', 'FR-METZ', '57'),
('FR-58', 'FR-BFC', 'FR-NEVERS', '58'),
('FR-59', 'FR-HDF', 'FR-LILLE', '59'),
('FR-60', 'FR-HDF', 'FR-BEAUVAIS', '60'),
('FR-61', 'FR-NOR', 'FR-ALENCON', '61'),
('FR-62', 'FR-HDF', 'FR-ARRAS', '62'),
('FR-63', 'FR-ARA', 'FR-CLERMONT-FERRAND', '63'),
('FR-64', 'FR-NAQ', 'FR-PAU', '64'),
('FR-66', 'FR-OCC', 'FR-PERPIGNAN', '66'),
('FR-67', 'FR-GES', 'FR-STRASBOURG', '67'),
('FR-68', 'FR-GES', 'FR-COLMAR', '68'),
('FR-974', null, 'FR-SAINT-DENIS', '974'),
('FR-69', 'FR-ARA', 'FR-LYON', '69'),
('FR-71', 'FR-BFC', 'FR-MACON', '71'),
('FR-72', 'FR-PDL', 'FR-LE-MANS', '72'),
('FR-73', 'FR-ARA', 'FR-CHAMBERY', '73'),
('FR-77', 'FR-IDF', 'FR-MELUN', '77'),
('FR-76', 'FR-NOR', 'FR-ROUEN', '76'),
('FR-93', 'FR-IDF', 'FR-BOBIGNY', '93'),
('FR-80', 'FR-HDF', 'FR-AMIENS', '80'),
('FR-81', 'FR-OCC', 'FR-ALBI', '81'),
('FR-82', 'FR-OCC', 'FR-MONTAUBAN', '82'),
('FR-90', 'FR-BFC', 'FR-BELFORT', '90'),
('FR-94', 'FR-IDF', 'FR-CRETEIL', '94'),
('FR-95', 'FR-IDF', 'FR-PONTOISE', '95'),
('FR-83', 'FR-PAC', 'FR-TOULON', '83'),
('FR-84', 'FR-PAC', 'FR-AVIGNON', '84'),
('FR-85', 'FR-PDL', 'FR-LA-ROCHE-SUR-YON', '85'),
('FR-86', 'FR-NAQ', 'FR-POITIERS', '86'),
('FR-88', 'FR-GES', 'FR-EPINAL', '88'),
('FR-89', 'FR-BFC', 'FR-AUXERRE', '89'),
('FR-78', 'FR-IDF', 'FR-VERSAILLES', '78'),
('FR-ARA', 'FR', 'FR-LYON', null),
('FR-BFC', 'FR', 'FR-DIJON', null),
('FR-BRE', 'FR', 'FR-RENNES', null),
('FR-CVL', 'FR', 'FR-ORLEANS', null),
('FR-20R', 'FR', 'FR-AJACCIO', null),
('FR-GES', 'FR', 'FR-STRASBOURG', null),
('FR-HDF', 'FR', 'FR-LILLE', null),
('FR-IDF', 'FR', 'FR-PARIS', null),
('FR-NOR', 'FR', 'FR-ROUEN', null),
('FR-NAQ', 'FR', 'FR-BORDEAUX', null),
('FR-OCC', 'FR', 'FR-TOULOUSE', null),
('FR-PDL', 'FR', 'FR-NANTES', null),
('FR-PAC', 'FR', 'FR-MARSEILLE', null),
('JP-SAPPORO', 'JP-01', null, '001-0000'),
('JP-AOMORI', 'JP-02', null, '002-0000'),
('JP-MORIOKA', 'JP-03', null, '003-0000'),
('JP-SENDAI', 'JP-04', null, '004-0000'),
('JP-AKITA', 'JP-05', null, '005-0000'),
('JP-YAMAGATA', 'JP-06', null, '006-0000'),
('JP-FUKUSHIMA', 'JP-07', null, '007-0000'),
('JP-MITO', 'JP-08', null, '008-0000'),
('JP-UTSUNOMIYA', 'JP-09', null, '009-0000'),
('JP-MAEBASHI', 'JP-10', null, '010-0000'),
('JP-SAITAMA', 'JP-11', null, '011-0000'),
('JP-CHIBA', 'JP-12', null, '012-0000'),
('JP-TOKYO', 'JP-13', null, '013-0000'),
('JP-YOKOHAMA', 'JP-14', null, '014-0000'),
('JP-NIIGATA', 'JP-15', null, '015-0000'),
('JP-TOYAMA', 'JP-16', null, '016-0000'),
('JP-KANAZAWA', 'JP-17', null, '017-0000'),
('JP-FUKUI', 'JP-18', null, '018-0000'),
('JP-KOFU', 'JP-19', null, '019-0000'),
('JP-NAGANO', 'JP-20', null, '020-0000'),
('JP-GIFU', 'JP-21', null, '021-0000'),
('JP-SHIZUOKA', 'JP-22', null, '022-0000'),
('JP-NAGOYA', 'JP-23', null, '023-0000'),
('JP-TSU', 'JP-24', null, '024-0000'),
('JP-OTSU', 'JP-25', null, '025-0000'),
('JP-KYOTO', 'JP-26', null, '026-0000'),
('JP-OSAKA', 'JP-27', null, '027-0000'),
('JP-KOBE', 'JP-28', null, '028-0000'),
('JP-NARA', 'JP-29', null, '029-0000'),
('JP-WAKAYAMA', 'JP-30', null, '030-0000'),
('JP-TOTTORI', 'JP-31', null, '031-0000'),
('JP-MATSUE', 'JP-32', null, '032-0000'),
('JP-OKAYAMA', 'JP-33', null, '033-0000'),
('JP-HIROSHIMA', 'JP-34', null, '034-0000'),
('JP-YAMAGUCHI', 'JP-35', null, '035-0000'),
('JP-TOKUSHIMA', 'JP-36', null, '036-0000'),
('JP-TAKAMATSU', 'JP-37', null, '037-0000'),
('JP-MATSUYAMA', 'JP-38', null, '038-0000'),
('JP-KOCHI', 'JP-39', null, '039-0000'),
('JP-FUKUOKA', 'JP-40', null, '040-0000'),
('JP-SAGA', 'JP-41', null, '041-0000'),
('JP-NAGASAKI', 'JP-42', null, '042-0000'),
('JP-KUMAMOTO', 'JP-43', null, '043-0000'),
('JP-OITA', 'JP-44', null, '044-0000'),
('JP-MIYAZAKI', 'JP-45', null, '045-0000'),
('JP-KAGOSHIMA', 'JP-46', null, '046-0000'),
('JP-NAHA', 'JP-47', null, '047-0000'),
('JP-01', 'JP-HOK', 'JP-SAPPORO', '001'),
('JP-02', 'JP-TOH', 'JP-AOMORI', '002'),
('JP-03', 'JP-TOH', 'JP-MORIOKA', '003'),
('JP-04', 'JP-TOH', 'JP-SENDAI', '004'),
('JP-05', 'JP-TOH', 'JP-AKITA', '005'),
('JP-06', 'JP-TOH', 'JP-YAMAGATA', '006'),
('JP-07', 'JP-TOH', 'JP-FUKUSHIMA', '007'),
('JP-08', 'JP-KNT', 'JP-MITO', '008'),
('JP-09', 'JP-KNT', 'JP-UTSUNOMIYA', '009'),
('JP-10', 'JP-KNT', 'JP-MAEBASHI', '010'),
('JP-11', 'JP-KNT', 'JP-SAITAMA', '011'),
('JP-12', 'JP-KNT', 'JP-CHIBA', '012'),
('JP-13', 'JP-KNT', 'JP-TOKYO', '013'),
('JP-14', 'JP-KNT', 'JP-YOKOHAMA', '014'),
('JP-15', 'JP-CHB', 'JP-NIIGATA', '015'),
('JP-16', 'JP-CHB', 'JP-TOYAMA', '016'),
('JP-17', 'JP-CHB', 'JP-KANAZAWA', '017'),
('JP-18', 'JP-CHB', 'JP-FUKUI', '018'),
('JP-19', 'JP-CHB', 'JP-KOFU', '019'),
('JP-20', 'JP-CHB', 'JP-NAGANO', '020'),
('JP-21', 'JP-CHB', 'JP-GIFU', '021'),
('JP-22', 'JP-CHB', 'JP-SHIZUOKA', '022'),
('JP-23', 'JP-CHB', 'JP-NAGOYA', '023'),
('JP-24', 'JP-KAN', 'JP-TSU', '024'),
('JP-25', 'JP-KAN', 'JP-OTSU', '025'),
('JP-26', 'JP-KAN', 'JP-KYOTO', '026'),
('JP-27', 'JP-KAN', 'JP-OSAKA', '027'),
('JP-28', 'JP-KAN', 'JP-KOBE', '028'),
('JP-29', 'JP-KAN', 'JP-NARA', '029'),
('JP-30', 'JP-KAN', 'JP-WAKAYAMA', '030'),
('JP-31', 'JP-CHU', 'JP-TOTTORI', '031'),
('JP-32', 'JP-CHU', 'JP-MATSUE', '032'),
('JP-33', 'JP-CHU', 'JP-OKAYAMA', '033'),
('JP-34', 'JP-CHU', 'JP-HIROSHIMA', '034'),
('JP-35', 'JP-CHU', 'JP-YAMAGUCHI', '035'),
('JP-36', 'JP-SHI', 'JP-TOKUSHIMA', '036'),
('JP-37', 'JP-SHI', 'JP-TAKAMATSU', '037'),
('JP-38', 'JP-SHI', 'JP-MATSUYAMA', '038'),
('JP-39', 'JP-SHI', 'JP-KOCHI', '039'),
('JP-40', 'JP-KYU', 'JP-FUKUOKA', '040'),
('JP-41', 'JP-KYU', 'JP-SAGA', '041'),
('JP-42', 'JP-KYU', 'JP-NAGASAKI', '042'),
('JP-43', 'JP-KYU', 'JP-KUMAMOTO', '043'),
('JP-44', 'JP-KYU', 'JP-OITA', '044'),
('JP-45', 'JP-KYU', 'JP-MIYAZAKI', '045'),
('JP-46', 'JP-KYU', 'JP-KAGOSHIMA', '046'),
('JP-47', 'JP-KYU', 'JP-NAHA', '047'),
('JP-HOK', 'JP', 'JP-SAPPORO', null),
('JP-TOH', 'JP', 'JP-SENDAI', null),
('JP-KNT', 'JP', 'JP-TOKYO', null),
('JP-CHB', 'JP', 'JP-NAGOYA', null),
('JP-KAN', 'JP', 'JP-OSAKA', null),
('JP-CHU', 'JP', 'JP-HIROSHIMA', null),
('JP-SHI', 'JP', 'JP-TAKAMATSU', null),
('JP-KYU', 'JP', 'JP-FUKUOKA', null),
('JP-OKI', 'JP', 'JP-NAHA', null),
('AF-KABUL', 'AF', null, null),
('AX-MARIEHAMN', 'AX', null, null),
('AL-TIRANA', 'AL', null, null),
('DZ-ALGIERS', 'DZ', null, null),
('AS-PAGO-PAGO', 'AS', null, null),
('AD-ANDORRA-LA-VELLA', 'AD', null, null),
('AO-LUANDA', 'AO', null, null),
('AI-THE-VALLEY', 'AI', null, null),
('AQ-MCMURDO-STATION', 'AQ', null, null),
('AG-SAINT-JOHN-S', 'AG', null, null),
('AR-BUENOS-AIRES', 'AR', null, null),
('AM-YEREVAN', 'AM', null, null),
('AW-ORANJESTAD', 'AW', null, null),
('AU-CANBERRA', 'AU', null, null),
('AT-VIENNA', 'AT', null, null),
('AZ-BAKU', 'AZ', null, null),
('BS-NASSAU', 'BS', null, null),
('BH-MANAMA', 'BH', null, null),
('BD-DHAKA', 'BD', null, null),
('BB-BRIDGETOWN', 'BB', null, null),
('BY-MINSK', 'BY', null, null),
('BE-BRUSSELS', 'BE', null, null),
('BZ-BELMOPAN', 'BZ', null, null),
('BJ-PORTO-NOVO', 'BJ', null, null),
('BM-HAMILTON', 'BM', null, null),
('BT-THIMPHU', 'BT', null, null),
('BO-SUCRE', 'BO', null, null),
('BQ-KRALENDIJK', 'BQ', null, null),
('BA-SARAJEVO', 'BA', null, null),
('BW-GABORONE', 'BW', null, null),
('BV-BOUVET', 'BV', null, null),
('BR-BRASILIA', 'BR', null, null),
('IO-CAMP-THUNDER-COVE', 'IO', null, null),
('BN-BANDAR-SERI-BEGAWAN', 'BN', null, null),
('BG-SOFIA', 'BG', null, null),
('BF-OUAGADOUGOU', 'BF', null, null),
('BI-GITEGA', 'BI', null, null),
('CV-PRAIA', 'CV', null, null),
('KH-PHNOM-PENH', 'KH', null, null),
('CM-YAOUNDE', 'CM', null, null),
('CA-OTTAWA', 'CA', null, null),
('KY-GEORGE-TOWN', 'KY', null, null),
('CF-BANGUI', 'CF', null, null),
('TD-N-DJAMENA', 'TD', null, null),
('CL-SANTIAGO', 'CL', null, null),
('CN-BEIJING', 'CN', null, null),
('CX-FLYING-FISH-COVE', 'CX', null, null),
('CC-WEST-ISLAND', 'CC', null, null),
('CO-BOGOTA', 'CO', null, null),
('KM-MORONI', 'KM', null, null),
('CG-BRAZZAVILLE', 'CG', null, null),
('CD-KINSHASA', 'CD', null, null),
('CK-AVARUA', 'CK', null, null),
('CR-SAN-JOSE', 'CR', null, null),
('CI-YAMOUSSOUKRO', 'CI', null, null),
('HR-ZAGREB', 'HR', null, null),
('CU-HAVANA', 'CU', null, null),
('CW-WILLEMSTAD', 'CW', null, null),
('CY-NICOSIA', 'CY', null, null),
('CZ-PRAGUE', 'CZ', null, null),
('DK-COPENHAGEN', 'DK', null, null),
('DJ-DJIBOUTI', 'DJ', null, null),
('DM-ROSEAU', 'DM', null, null),
('DO-SANTO-DOMINGO', 'DO', null, null),
('EC-QUITO', 'EC', null, null),
('EG-CAIRO', 'EG', null, null),
('SV-SAN-SALVADOR', 'SV', null, null),
('GQ-MALABO', 'GQ', null, null),
('ER-ASMARA', 'ER', null, null),
('EE-TALLINN', 'EE', null, null),
('SZ-MBABANE', 'SZ', null, null),
('ET-ADDIS-ABABA', 'ET', null, null),
('FK-STANLEY', 'FK', null, null),
('FO-TORSHAVN', 'FO', null, null),
('FJ-SUVA', 'FJ', null, null),
('FI-HELSINKI', 'FI', null, null),
('GF-CAYENNE', 'GF', null, null),
('PF-PAPEETE', 'PF', null, null),
('TF-PORT-AUX-FRANCAIS', 'TF', null, null),
('GA-LIBREVILLE', 'GA', null, null),
('GM-BANJUL', 'GM', null, null),
('GE-TBILISI', 'GE', null, null),
('DE-BERLIN', 'DE', null, null),
('GH-ACCRA', 'GH', null, null),
('GI-GIBRALTAR', 'GI', null, null),
('GR-ATHENS', 'GR', null, null),
('GL-NUUK', 'GL', null, null),
('GD-ST-GEORGE-S', 'GD', null, null),
('GP-BASSE-TERRE', 'GP', null, null),
('GU-HAGATNA', 'GU', null, null),
('GT-GUATEMALA-CITY', 'GT', null, null),
('GG-ST-PETER-PORT', 'GG', null, null),
('GN-CONAKRY', 'GN', null, null),
('GW-BISSAU', 'GW', null, null),
('GY-GEORGETOWN', 'GY', null, null),
('HT-PORT-AU-PRINCE', 'HT', null, null),
('HM-HEARD', 'HM', null, null),
('VA-VATICAN-CITY', 'VA', null, null),
('HN-TEGUCIGALPA', 'HN', null, null),
('HK-HONG-KONG', 'HK', null, null),
('HU-BUDAPEST', 'HU', null, null),
('IS-REYKJAVIK', 'IS', null, null),
('IN-NEW-DELHI', 'IN', null, null),
('ID-JAKARTA', 'ID', null, null),
('IR-TEHRAN', 'IR', null, null),
('IQ-BAGHDAD', 'IQ', null, null),
('IE-DUBLIN', 'IE', null, null),
('IM-DOUGLAS', 'IM', null, null),
('IL-JERUSALEM', 'IL', null, null),
('IT-ROME', 'IT', null, null),
('JM-KINGSTON', 'JM', null, null),
('JE-SAINT-HELIER', 'JE', null, null),
('JO-AMMAN', 'JO', null, null),
('KZ-NUR-SULTAN', 'KZ', null, null),
('KE-NAIROBI', 'KE', null, null),
('KI-SOUTH-TARAWA', 'KI', null, null),
('KP-PYONGYANG', 'KP', null, null),
('KR-SEOUL', 'KR', null, null),
('XK-PRISTINA', 'XK', null, null),
('KW-KUWAIT', 'KW', null, null),
('KG-BISHKEK', 'KG', null, null),
('LA-VIENTIANE', 'LA', null, null),
('LV-RIGA', 'LV', null, null),
('LB-BEIRUT', 'LB', null, null),
('LS-MASERU', 'LS', null, null),
('LR-MONROVIA', 'LR', null, null),
('LY-TRIPOLIS', 'LY', null, null),
('LI-VADUZ', 'LI', null, null),
('LT-VILNIUS', 'LT', null, null),
('LU-LUXEMBOURG', 'LU', null, null),
('MO-MACAO', 'MO', null, null),
('MG-ANTANANARIVO', 'MG', null, null),
('MW-LILONGWE', 'MW', null, null),
('MY-KUALA-LUMPUR', 'MY', null, null),
('MV-MALE', 'MV', null, null),
('ML-BAMAKO', 'ML', null, null),
('MT-VALLETTA', 'MT', null, null),
('MH-MAJURO', 'MH', null, null),
('MQ-FORT-DE-FRANCE', 'MQ', null, null),
('MR-NOUAKCHOTT', 'MR', null, null),
('MU-PORT-LOUIS', 'MU', null, null),
('YT-MAMOUDZOU', 'YT', null, null),
('MX-MEXICO', 'MX', null, null),
('FM-PALIKIR', 'FM', null, null),
('MD-CHISINAU', 'MD', null, null),
('MC-MONACO', 'MC', null, null),
('MN-ULAN-BATOR', 'MN', null, null),
('ME-PODGORICA', 'ME', null, null),
('MS-PLYMOUTH', 'MS', null, null),
('MA-RABAT', 'MA', null, null),
('MZ-MAPUTO', 'MZ', null, null),
('MM-NAY-PYI-TAW', 'MM', null, null),
('NA-WINDHOEK', 'NA', null, null),
('NR-YAREN', 'NR', null, null),
('NP-KATHMANDU', 'NP', null, null),
('NL-AMSTERDAM', 'NL', null, null),
('NC-NOUMEA', 'NC', null, null),
('NZ-WELLINGTON', 'NZ', null, null),
('NI-MANAGUA', 'NI', null, null),
('NE-NIAMEY', 'NE', null, null),
('NG-ABUJA', 'NG', null, null),
('NU-ALOFI', 'NU', null, null),
('NF-KINGSTON', 'NF', null, null),
('MK-SKOPJE', 'MK', null, null),
('MP-SAIPAN', 'MP', null, null),
('NO-OSLO', 'NO', null, null),
('OM-MUSCAT', 'OM', null, null),
('PK-ISLAMABAD', 'PK', null, null),
('PW-MELEKEOK', 'PW', null, null),
('PS-EAST-JERUSALEM', 'PS', null, null),
('PA-PANAMA-CITY', 'PA', null, null),
('PG-PORT-MORESBY', 'PG', null, null),
('PY-ASUNCION', 'PY', null, null),
('PE-LIMA', 'PE', null, null),
('PH-MANILA', 'PH', null, null),
('PN-ADAMSTOWN', 'PN', null, null),
('PL-WARSAW', 'PL', null, null),
('PT-LISBON', 'PT', null, null),
('PR-SAN-JUAN', 'PR', null, null),
('QA-DOHA', 'QA', null, null),
('RE-SAINT-DENIS', 'RE', null, null),
('RO-BUCHAREST', 'RO', null, null),
('RU-MOSCOW', 'RU', null, null),
('RW-KIGALI', 'RW', null, null),
('BL-GUSTAVIA', 'BL', null, null),
('SH-JAMESTOWN', 'SH', null, null),
('KN-BASSETERRE', 'KN', null, null),
('LC-CASTRIES', 'LC', null, null),
('MF-MARIGOT', 'MF', null, null),
('PM-SAINT-PIERRE', 'PM', null, null),
('VC-KINGSTOWN', 'VC', null, null),
('WS-APIA', 'WS', null, null),
('SM-SAN-MARINO', 'SM', null, null),
('ST-SAO-TOME', 'ST', null, null),
('SA-RIYADH', 'SA', null, null),
('SN-DAKAR', 'SN', null, null),
('RS-BELGRADE', 'RS', null, null),
('SC-VICTORIA', 'SC', null, null),
('SL-FREETOWN', 'SL', null, null),
('SG-SINGAPUR', 'SG', null, null),
('SX-PHILIPSBURG', 'SX', null, null),
('SK-BRATISLAVA', 'SK', null, null),
('SI-LJUBLJANA', 'SI', null, null),
('SB-HONIARA', 'SB', null, null),
('SO-MOGADISHU', 'SO', null, null),
('ZA-PRETORIA', 'ZA', null, null),
('GS-KING-EDWARD-POINT', 'GS', null, null),
('SS-JUBA', 'SS', null, null),
('ES-MADRID', 'ES', null, null),
('LK-SRI-JAYAWARDENAPURA-KOTTE', 'LK', null, null),
('SD-KHARTOUM', 'SD', null, null),
('SR-PARAMARIBO', 'SR', null, null),
('SJ-LONGYEARBYEN', 'SJ', null, null),
('SE-STOCKHOLM', 'SE', null, null),
('CH-BERNE', 'CH', null, null),
('SY-DAMASCUS', 'SY', null, null),
('TW-TAIPEI', 'TW', null, null),
('TJ-DUSHANBE', 'TJ', null, null),
('TZ-DODOMA', 'TZ', null, null),
('TH-BANGKOK', 'TH', null, null),
('TL-DILI', 'TL', null, null),
('TG-LOME', 'TG', null, null),
('TK-ATAFU', 'TK', null, null),
('TO-NUKU-ALOFA', 'TO', null, null),
('TT-PORT-OF-SPAIN', 'TT', null, null),
('TN-TUNIS', 'TN', null, null),
('TR-ANKARA', 'TR', null, null),
('TM-ASHGABAT', 'TM', null, null),
('TC-COCKBURN-TOWN', 'TC', null, null),
('TV-FUNAFUTI', 'TV', null, null),
('UG-KAMPALA', 'UG', null, null),
('UA-KYIV', 'UA', null, null),
('AE-ABU-DHABI', 'AE', null, null),
('GB-LONDON', 'GB', null, null),
('US-WASHINGTON-DC', 'US', null, null),
('UM-JOHNSTON-ATOLL', 'UM', null, null),
('UY-MONTEVIDEO', 'UY', null, null),
('UZ-TASHKENT', 'UZ', null, null),
('VU-PORT-VILA', 'VU', null, null),
('VE-CARACAS', 'VE', null, null),
('VN-HANOI', 'VN', null, null),
('VG-ROAD-TOWN', 'VG', null, null),
('VI-CHARLOTTE-AMALIE', 'VI', null, null),
('WF-MATA-UTU', 'WF', null, null),
('EH-EL-AAIUN', 'EH', null, null),
('YE-SANA-A', 'YE', null, null),
('ZM-LUSAKA', 'ZM', null, null),
('ZW-HARARE', 'ZW', null, null),
('AF', 'ASIA', 'AF-KABUL', '004'),
('AX', 'EUROPE', 'AX-MARIEHAMN', '248'),
('AL', 'EUROPE', 'AL-TIRANA', '008'),
('DZ', 'AFRICA', 'DZ-ALGIERS', '012'),
('AS', 'OCEANIA', 'AS-PAGO-PAGO', '016'),
('AD', 'EUROPE', 'AD-ANDORRA-LA-VELLA', '020'),
('AO', 'AFRICA', 'AO-LUANDA', '024'),
('AI', 'NORTH_AMERICA', 'AI-THE-VALLEY', '660'),
('AQ', 'ANTARTICA', 'AQ-MCMURDO-STATION', '010'),
('AG', 'NORTH_AMERICA', 'AG-SAINT-JOHN-S', '028'),
('AR', 'SOUTH_AMERICA', 'AR-BUENOS-AIRES', '032'),
('AM', 'ASIA', 'AM-YEREVAN', '051'),
('AW', 'NORTH_AMERICA', 'AW-ORANJESTAD', '533'),
('AU', 'OCEANIA', 'AU-CANBERRA', '036'),
('AT', 'EUROPE', 'AT-VIENNA', '040'),
('AZ', 'ASIA', 'AZ-BAKU', '031'),
('BS', 'NORTH_AMERICA', 'BS-NASSAU', '044'),
('BH', 'ASIA', 'BH-MANAMA', '048'),
('BD', 'ASIA', 'BD-DHAKA', '050'),
('BB', 'NORTH_AMERICA', 'BB-BRIDGETOWN', '052'),
('BY', 'EUROPE', 'BY-MINSK', '112'),
('BE', 'EUROPE', 'BE-BRUSSELS', '056'),
('BZ', 'NORTH_AMERICA', 'BZ-BELMOPAN', '084'),
('BJ', 'AFRICA', 'BJ-PORTO-NOVO', '204'),
('BM', 'NORTH_AMERICA', 'BM-HAMILTON', '060'),
('BT', 'ASIA', 'BT-THIMPHU', '064'),
('BO', 'SOUTH_AMERICA', 'BO-SUCRE', '068'),
('BQ', 'NORTH_AMERICA', 'BQ-KRALENDIJK', '535'),
('BA', 'EUROPE', 'BA-SARAJEVO', '070'),
('BW', 'AFRICA', 'BW-GABORONE', '072'),
('BV', 'ANTARTICA', 'BV-BOUVET', '074'),
('BR', 'SOUTH_AMERICA', 'BR-BRASILIA', '076'),
('IO', 'ASIA', 'IO-CAMP-THUNDER-COVE', '086'),
('BN', 'ASIA', 'BN-BANDAR-SERI-BEGAWAN', '096'),
('BG', 'EUROPE', 'BG-SOFIA', '100'),
('BF', 'AFRICA', 'BF-OUAGADOUGOU', '854'),
('BI', 'AFRICA', 'BI-GITEGA', '108'),
('CV', 'AFRICA', 'CV-PRAIA', '132'),
('KH', 'ASIA', 'KH-PHNOM-PENH', '116'),
('CM', 'AFRICA', 'CM-YAOUNDE', '120'),
('CA', 'NORTH_AMERICA', 'CA-OTTAWA', '124'),
('KY', 'NORTH_AMERICA', 'KY-GEORGE-TOWN', '136'),
('CF', 'AFRICA', 'CF-BANGUI', '140'),
('TD', 'AFRICA', 'TD-N-DJAMENA', '148'),
('CL', 'SOUTH_AMERICA', 'CL-SANTIAGO', '152'),
('CN', 'ASIA', 'CN-BEIJING', '156'),
('CX', 'ASIA', 'CX-FLYING-FISH-COVE', '162'),
('CC', 'ASIA', 'CC-WEST-ISLAND', '166'),
('CO', 'SOUTH_AMERICA', 'CO-BOGOTA', '170'),
('KM', 'AFRICA', 'KM-MORONI', '174'),
('CG', 'AFRICA', 'CG-BRAZZAVILLE', '178'),
('CD', 'AFRICA', 'CD-KINSHASA', '180'),
('CK', 'OCEANIA', 'CK-AVARUA', '184'),
('CR', 'NORTH_AMERICA', 'CR-SAN-JOSE', '188'),
('CI', 'AFRICA', 'CI-YAMOUSSOUKRO', '384'),
('HR', 'EUROPE', 'HR-ZAGREB', '191'),
('CU', 'NORTH_AMERICA', 'CU-HAVANA', '192'),
('CW', 'NORTH_AMERICA', 'CW-WILLEMSTAD', '531'),
('CY', 'ASIA', 'CY-NICOSIA', '196'),
('CZ', 'EUROPE', 'CZ-PRAGUE', '203'),
('DK', 'EUROPE', 'DK-COPENHAGEN', '208'),
('DJ', 'AFRICA', 'DJ-DJIBOUTI', '262'),
('DM', 'NORTH_AMERICA', 'DM-ROSEAU', '212'),
('DO', 'NORTH_AMERICA', 'DO-SANTO-DOMINGO', '214'),
('EC', 'NORTH_AMERICA', 'EC-QUITO', '218'),
('EG', 'AFRICA', 'EG-CAIRO', '818'),
('SV', 'NORTH_AMERICA', 'SV-SAN-SALVADOR', '222'),
('GQ', 'AFRICA', 'GQ-MALABO', '226'),
('ER', 'AFRICA', 'ER-ASMARA', '232'),
('EE', 'EUROPE', 'EE-TALLINN', '233'),
('SZ', 'AFRICA', 'SZ-MBABANE', '748'),
('ET', 'AFRICA', 'ET-ADDIS-ABABA', '231'),
('FK', 'SOUTH_AMERICA', 'FK-STANLEY', '238'),
('FO', 'EUROPE', 'FO-TORSHAVN', '234'),
('FJ', 'OCEANIA', 'FJ-SUVA', '242'),
('FI', 'EUROPE', 'FI-HELSINKI', '246'),
('FR', 'EUROPE', 'FR-PARIS', '250'),
('GF', 'SOUTH_AMERICA', 'GF-CAYENNE', '254'),
('PF', 'OCEANIA', 'PF-PAPEETE', '258'),
('TF', 'ANTARTICA', 'TF-PORT-AUX-FRANCAIS', '260'),
('GA', 'AFRICA', 'GA-LIBREVILLE', '266'),
('GM', 'AFRICA', 'GM-BANJUL', '270'),
('GE', 'ASIA', 'GE-TBILISI', '268'),
('DE', 'EUROPE', 'DE-BERLIN', '276'),
('GH', 'AFRICA', 'GH-ACCRA', '288'),
('GI', 'EUROPE', 'GI-GIBRALTAR', '292'),
('GR', 'EUROPE', 'GR-ATHENS', '300'),
('GL', 'NORTH_AMERICA', 'GL-NUUK', '304'),
('GD', 'NORTH_AMERICA', 'GD-ST-GEORGE-S', '308'),
('GP', 'NORTH_AMERICA', 'GP-BASSE-TERRE', '312'),
('GU', 'OCEANIA', 'GU-HAGATNA', '316'),
('GT', 'NORTH_AMERICA', 'GT-GUATEMALA-CITY', '320'),
('GG', 'EUROPE', 'GG-ST-PETER-PORT', '831'),
('GN', 'AFRICA', 'GN-CONAKRY', '324'),
('GW', 'AFRICA', 'GW-BISSAU', '624'),
('GY', 'SOUTH_AMERICA', 'GY-GEORGETOWN', '328'),
('HT', 'NORTH_AMERICA', 'HT-PORT-AU-PRINCE', '332'),
('HM', 'ANTARTICA', 'HM-HEARD', '334'),
('VA', 'EUROPE', 'VA-VATICAN-CITY', '336'),
('HN', 'NORTH_AMERICA', 'HN-TEGUCIGALPA', '340'),
('HK', 'ASIA', 'HK-HONG-KONG', '344'),
('HU', 'EUROPE', 'HU-BUDAPEST', '348'),
('IS', 'EUROPE', 'IS-REYKJAVIK', '352'),
('IN', 'ASIA', 'IN-NEW-DELHI', '356'),
('ID', 'ASIA', 'ID-JAKARTA', '360'),
('IR', 'ASIA', 'IR-TEHRAN', '364'),
('IQ', 'ASIA', 'IQ-BAGHDAD', '368'),
('IE', 'EUROPE', 'IE-DUBLIN', '372'),
('IM', 'EUROPE', 'IM-DOUGLAS', '833'),
('IL', 'ASIA', 'IL-JERUSALEM', '376'),
('IT', 'EUROPE', 'IT-ROME', '380'),
('JM', 'NORTH_AMERICA', 'JM-KINGSTON', '388'),
('JP', 'ASIA', 'JP-TOKYO', '392'),
('JE', 'EUROPE', 'JE-SAINT-HELIER', '832'),
('JO', 'ASIA', 'JO-AMMAN', '400'),
('KZ', 'ASIA', 'KZ-NUR-SULTAN', '398'),
('KE', 'AFRICA', 'KE-NAIROBI', '404'),
('KI', 'OCEANIA', 'KI-SOUTH-TARAWA', '296'),
('KP', 'ASIA', 'KP-PYONGYANG', '408'),
('KR', 'ASIA', 'KR-SEOUL', '410'),
('XK', 'EUROPE', 'XK-PRISTINA', '926'),
('KW', 'ASIA', 'KW-KUWAIT', '414'),
('KG', 'ASIA', 'KG-BISHKEK', '417'),
('LA', 'ASIA', 'LA-VIENTIANE', '418'),
('LV', 'EUROPE', 'LV-RIGA', '428'),
('LB', 'ASIA', 'LB-BEIRUT', '422'),
('LS', 'AFRICA', 'LS-MASERU', '426'),
('LR', 'AFRICA', 'LR-MONROVIA', '430'),
('LY', 'AFRICA', 'LY-TRIPOLIS', '434'),
('LI', 'EUROPE', 'LI-VADUZ', '438'),
('LT', 'EUROPE', 'LT-VILNIUS', '440'),
('LU', 'EUROPE', 'LU-LUXEMBOURG', '442'),
('MO', 'ASIA', 'MO-MACAO', '446'),
('MG', 'AFRICA', 'MG-ANTANANARIVO', '450'),
('MW', 'AFRICA', 'MW-LILONGWE', '454'),
('MY', 'ASIA', 'MY-KUALA-LUMPUR', '458'),
('MV', 'ASIA', 'MV-MALE', '462'),
('ML', 'AFRICA', 'ML-BAMAKO', '466'),
('MT', 'EUROPE', 'MT-VALLETTA', '470'),
('MH', 'OCEANIA', 'MH-MAJURO', '584'),
('MQ', 'NORTH_AMERICA', 'MQ-FORT-DE-FRANCE', '474'),
('MR', 'AFRICA', 'MR-NOUAKCHOTT', '478'),
('MU', 'AFRICA', 'MU-PORT-LOUIS', '480'),
('YT', 'AFRICA', 'YT-MAMOUDZOU', '175'),
('MX', 'NORTH_AMERICA', 'MX-MEXICO', '484'),
('FM', 'OCEANIA', 'FM-PALIKIR', '583'),
('MD', 'ASIA', 'MD-CHISINAU', '498'),
('MC', 'EUROPE', 'MC-MONACO', '492'),
('MN', 'ASIA', 'MN-ULAN-BATOR', '496'),
('ME', 'EUROPE', 'ME-PODGORICA', '499'),
('MS', 'NORTH_AMERICA', 'MS-PLYMOUTH', '500'),
('MA', 'AFRICA', 'MA-RABAT', '504'),
('MZ', 'AFRICA', 'MZ-MAPUTO', '508'),
('MM', 'ASIA', 'MM-NAY-PYI-TAW', '104'),
('NA', 'AFRICA', 'NA-WINDHOEK', '516'),
('NR', 'OCEANIA', 'NR-YAREN', '520'),
('NP', 'ASIA', 'NP-KATHMANDU', '524'),
('NL', 'EUROPE', 'NL-AMSTERDAM', '528'),
('NC', 'OCEANIA', 'NC-NOUMEA', '540'),
('NZ', 'OCEANIA', 'NZ-WELLINGTON', '554'),
('NI', 'NORTH_AMERICA', 'NI-MANAGUA', '558'),
('NE', 'AFRICA', 'NE-NIAMEY', '562'),
('NG', 'AFRICA', 'NG-ABUJA', '566'),
('NU', 'OCEANIA', 'NU-ALOFI', '570'),
('NF', 'OCEANIA', 'NF-KINGSTON', '574'),
('MK', 'EUROPE', 'MK-SKOPJE', '807'),
('MP', 'OCEANIA', 'MP-SAIPAN', '580'),
('NO', 'EUROPE', 'NO-OSLO', '578'),
('OM', 'ASIA', 'OM-MUSCAT', '512'),
('PK', 'ASIA', 'PK-ISLAMABAD', '586'),
('PW', 'OCEANIA', 'PW-MELEKEOK', '585'),
('PS', 'ASIA', 'PS-EAST-JERUSALEM', '275'),
('PA', 'NORTH_AMERICA', 'PA-PANAMA-CITY', '591'),
('PG', 'OCEANIA', 'PG-PORT-MORESBY', '598'),
('PY', 'SOUTH_AMERICA', 'PY-ASUNCION', '600'),
('PE', 'SOUTH_AMERICA', 'PE-LIMA', '604'),
('PH', 'ASIA', 'PH-MANILA', '608'),
('PN', 'OCEANIA', 'PN-ADAMSTOWN', '612'),
('PL', 'EUROPE', 'PL-WARSAW', '616'),
('PT', 'EUROPE', 'PT-LISBON', '620'),
('PR', 'NORTH_AMERICA', 'PR-SAN-JUAN', '630'),
('QA', 'ASIA', 'QA-DOHA', '634'),
('RE', 'AFRICA', 'RE-SAINT-DENIS', '638'),
('RO', 'EUROPE', 'RO-BUCHAREST', '642'),
('RU', 'ASIA', 'RU-MOSCOW', '643'),
('RW', 'AFRICA', 'RW-KIGALI', '646'),
('BL', 'NORTH_AMERICA', 'BL-GUSTAVIA', '652'),
('SH', 'AFRICA', 'SH-JAMESTOWN', '654'),
('KN', 'NORTH_AMERICA', 'KN-BASSETERRE', '659'),
('LC', 'NORTH_AMERICA', 'LC-CASTRIES', '662'),
('MF', 'NORTH_AMERICA', 'MF-MARIGOT', '663'),
('PM', 'NORTH_AMERICA', 'PM-SAINT-PIERRE', '666'),
('VC', 'NORTH_AMERICA', 'VC-KINGSTOWN', '670'),
('WS', 'OCEANIA', 'WS-APIA', '882'),
('SM', 'EUROPE', 'SM-SAN-MARINO', '674'),
('ST', 'AFRICA', 'ST-SAO-TOME', '678'),
('SA', 'ASIA', 'SA-RIYADH', '682'),
('SN', 'AFRICA', 'SN-DAKAR', '686'),
('RS', 'EUROPE', 'RS-BELGRADE', '688'),
('SC', 'AFRICA', 'SC-VICTORIA', '690'),
('SL', 'AFRICA', 'SL-FREETOWN', '694'),
('SG', 'ASIA', 'SG-SINGAPUR', '702'),
('SX', 'NORTH_AMERICA', 'SX-PHILIPSBURG', '534'),
('SK', 'EUROPE', 'SK-BRATISLAVA', '703'),
('SI', 'EUROPE', 'SI-LJUBLJANA', '705'),
('SB', 'OCEANIA', 'SB-HONIARA', '090'),
('SO', 'AFRICA', 'SO-MOGADISHU', '706'),
('ZA', 'AFRICA', 'ZA-PRETORIA', '710'),
('GS', 'ANTARTICA', 'GS-KING-EDWARD-POINT', '239'),
('SS', 'AFRICA', 'SS-JUBA', '728'),
('ES', 'EUROPE', 'ES-MADRID', '724'),
('LK', 'ASIA', 'LK-SRI-JAYAWARDENAPURA-KOTTE', '144'),
('SD', 'AFRICA', 'SD-KHARTOUM', '729'),
('SR', 'SOUTH_AMERICA', 'SR-PARAMARIBO', '740'),
('SJ', 'EUROPE', 'SJ-LONGYEARBYEN', '744'),
('SE', 'EUROPE', 'SE-STOCKHOLM', '752'),
('CH', 'EUROPE', 'CH-BERNE', '756'),
('SY', 'ASIA', 'SY-DAMASCUS', '760'),
('TW', 'ASIA', 'TW-TAIPEI', '158'),
('TJ', 'ASIA', 'TJ-DUSHANBE', '762'),
('TZ', 'AFRICA', 'TZ-DODOMA', '834'),
('TH', 'ASIA', 'TH-BANGKOK', '764'),
('TL', 'ASIA', 'TL-DILI', '626'),
('TG', 'AFRICA', 'TG-LOME', '768'),
('TK', 'OCEANIA', 'TK-ATAFU', '772'),
('TO', 'OCEANIA', 'TO-NUKU-ALOFA', '776'),
('TT', 'NORTH_AMERICA', 'TT-PORT-OF-SPAIN', '780'),
('TN', 'AFRICA', 'TN-TUNIS', '788'),
('TR', 'ASIA', 'TR-ANKARA', '792'),
('TM', 'ASIA', 'TM-ASHGABAT', '795'),
('TC', 'NORTH_AMERICA', 'TC-COCKBURN-TOWN', '796'),
('TV', 'OCEANIA', 'TV-FUNAFUTI', '798'),
('UG', 'AFRICA', 'UG-KAMPALA', '800'),
('UA', 'EUROPE', 'UA-KYIV', '804'),
('AE', 'ASIA', 'AE-ABU-DHABI', '784'),
('GB', 'EUROPE', 'GB-LONDON', '826'),
('US', 'NORTH_AMERICA', 'US-WASHINGTON-DC', '840'),
('UM', 'OCEANIA', 'UM-JOHNSTON-ATOLL', '581'),
('UY', 'SOUTH_AMERICA', 'UY-MONTEVIDEO', '858'),
('UZ', 'ASIA', 'UZ-TASHKENT', '860'),
('VU', 'OCEANIA', 'VU-PORT-VILA', '548'),
('VE', 'SOUTH_AMERICA', 'VE-CARACAS', '862'),
('VN', 'ASIA', 'VN-HANOI', '704'),
('VG', 'NORTH_AMERICA', 'VG-ROAD-TOWN', '092'),
('VI', 'NORTH_AMERICA', 'VI-CHARLOTTE-AMALIE', '850'),
('WF', 'OCEANIA', 'WF-MATA-UTU', '876'),
('EH', 'AFRICA', 'EH-EL-AAIUN', '732'),
('YE', 'ASIA', 'YE-SANA-A', '887'),
('ZM', 'AFRICA', 'ZM-LUSAKA', '894'),
('ZW', 'AFRICA', 'ZW-HARARE', '716'),
('EUROPE', null, null, null),
('NORTH_AMERICA', null, null, null),
('SOUTH_AMERICA', null, null, null),
('AFRICA', null, null, null),
('ASIA', null, null, null),
('OCEANIA', null, null, null),
('ANTARTICA', null, null, null);
INSERT INTO map_geo_data (id_map, id_geo_data) VALUES
('FRANCE_DEPARTMENTS', 'FR-01'),
('FRANCE_DEPARTMENTS', 'FR-02'),
('FRANCE_DEPARTMENTS', 'FR-03'),
('FRANCE_DEPARTMENTS', 'FR-04'),
('FRANCE_DEPARTMENTS', 'FR-06'),
('FRANCE_DEPARTMENTS', 'FR-07'),
('FRANCE_DEPARTMENTS', 'FR-08'),
('FRANCE_DEPARTMENTS', 'FR-09'),
('FRANCE_DEPARTMENTS', 'FR-10'),
('FRANCE_DEPARTMENTS', 'FR-11'),
('FRANCE_DEPARTMENTS', 'FR-12'),
('FRANCE_DEPARTMENTS', 'FR-13'),
('FRANCE_DEPARTMENTS', 'FR-14'),
('FRANCE_DEPARTMENTS', 'FR-15'),
('FRANCE_DEPARTMENTS', 'FR-16'),
('FRANCE_DEPARTMENTS', 'FR-17'),
('FRANCE_DEPARTMENTS', 'FR-18'),
('FRANCE_DEPARTMENTS', 'FR-19'),
('FRANCE_DEPARTMENTS', 'FR-2A'),
('FRANCE_DEPARTMENTS', 'FR-21'),
('FRANCE_DEPARTMENTS', 'FR-22'),
('FRANCE_DEPARTMENTS', 'FR-23'),
('FRANCE_DEPARTMENTS', 'FR-79'),
('FRANCE_DEPARTMENTS', 'FR-24'),
('FRANCE_DEPARTMENTS', 'FR-25'),
('FRANCE_DEPARTMENTS', 'FR-26'),
('FRANCE_DEPARTMENTS', 'FR-91'),
('FRANCE_DEPARTMENTS', 'FR-27'),
('FRANCE_DEPARTMENTS', 'FR-28'),
('FRANCE_DEPARTMENTS', 'FR-29'),
('FRANCE_DEPARTMENTS', 'FR-973'),
('FRANCE_DEPARTMENTS', 'FR-30'),
('FRANCE_DEPARTMENTS', 'FR-32'),
('FRANCE_DEPARTMENTS', 'FR-33'),
('FRANCE_DEPARTMENTS', 'FR-971'),
('FRANCE_DEPARTMENTS', 'FR-2B'),
('FRANCE_DEPARTMENTS', 'FR-31'),
('FRANCE_DEPARTMENTS', 'FR-43'),
('FRANCE_DEPARTMENTS', 'FR-52'),
('FRANCE_DEPARTMENTS', 'FR-05'),
('FRANCE_DEPARTMENTS', 'FR-70'),
('FRANCE_DEPARTMENTS', 'FR-74'),
('FRANCE_DEPARTMENTS', 'FR-65'),
('FRANCE_DEPARTMENTS', 'FR-87'),
('FRANCE_DEPARTMENTS', 'FR-92'),
('FRANCE_DEPARTMENTS', 'FR-34'),
('FRANCE_DEPARTMENTS', 'FR-35'),
('FRANCE_DEPARTMENTS', 'FR-36'),
('FRANCE_DEPARTMENTS', 'FR-37'),
('FRANCE_DEPARTMENTS', 'FR-38'),
('FRANCE_DEPARTMENTS', 'FR-39'),
('FRANCE_DEPARTMENTS', 'FR-40'),
('FRANCE_DEPARTMENTS', 'FR-42'),
('FRANCE_DEPARTMENTS', 'FR-44'),
('FRANCE_DEPARTMENTS', 'FR-45'),
('FRANCE_DEPARTMENTS', 'FR-41'),
('FRANCE_DEPARTMENTS', 'FR-46'),
('FRANCE_DEPARTMENTS', 'FR-47'),
('FRANCE_DEPARTMENTS', 'FR-48'),
('FRANCE_DEPARTMENTS', 'FR-49'),
('FRANCE_DEPARTMENTS', 'FR-50'),
('FRANCE_DEPARTMENTS', 'FR-51'),
('FRANCE_DEPARTMENTS', 'FR-972'),
('FRANCE_DEPARTMENTS', 'FR-75'),
('FRANCE_DEPARTMENTS', 'FR-53'),
('FRANCE_DEPARTMENTS', 'FR-976'),
('FRANCE_DEPARTMENTS', 'FR-54'),
('FRANCE_DEPARTMENTS', 'FR-55'),
('FRANCE_DEPARTMENTS', 'FR-56'),
('FRANCE_DEPARTMENTS', 'FR-57'),
('FRANCE_DEPARTMENTS', 'FR-58'),
('FRANCE_DEPARTMENTS', 'FR-59'),
('FRANCE_DEPARTMENTS', 'FR-60'),
('FRANCE_DEPARTMENTS', 'FR-61'),
('FRANCE_DEPARTMENTS', 'FR-62'),
('FRANCE_DEPARTMENTS', 'FR-63'),
('FRANCE_DEPARTMENTS', 'FR-64'),
('FRANCE_DEPARTMENTS', 'FR-66'),
('FRANCE_DEPARTMENTS', 'FR-67'),
('FRANCE_DEPARTMENTS', 'FR-68'),
('FRANCE_DEPARTMENTS', 'FR-974'),
('FRANCE_DEPARTMENTS', 'FR-69'),
('FRANCE_DEPARTMENTS', 'FR-71'),
('FRANCE_DEPARTMENTS', 'FR-72'),
('FRANCE_DEPARTMENTS', 'FR-73'),
('FRANCE_DEPARTMENTS', 'FR-77'),
('FRANCE_DEPARTMENTS', 'FR-76'),
('FRANCE_DEPARTMENTS', 'FR-93'),
('FRANCE_DEPARTMENTS', 'FR-80'),
('FRANCE_DEPARTMENTS', 'FR-81'),
('FRANCE_DEPARTMENTS', 'FR-82'),
('FRANCE_DEPARTMENTS', 'FR-90'),
('FRANCE_DEPARTMENTS', 'FR-94'),
('FRANCE_DEPARTMENTS', 'FR-95'),
('FRANCE_DEPARTMENTS', 'FR-83'),
('FRANCE_DEPARTMENTS', 'FR-84'),
('FRANCE_DEPARTMENTS', 'FR-85'),
('FRANCE_DEPARTMENTS', 'FR-86'),
('FRANCE_DEPARTMENTS', 'FR-88'),
('FRANCE_DEPARTMENTS', 'FR-89'),
('FRANCE_DEPARTMENTS', 'FR-78'),
('FRANCE_DEPARTMENTS_CAPITAL', 'FR-BOURG-EN-BRESSE'),
('FRANCE_DEPARTMENTS_CAPITAL', 'FR-LAON'),
('FRANCE_DEPARTMENTS_CAPITAL', 'FR-MOULINS'),
('FRANCE_DEPARTMENTS_CAPITAL', 'FR-DIGNE-LES-BAINS'),
('FRANCE_DEPARTMENTS_CAPITAL', 'FR-NICE'),
('FRANCE_DEPARTMENTS_CAPITAL', 'FR-PRIVAS'),
('FRANCE_DEPARTMENTS_CAPITAL', 'FR-CHARLEVILLE-MEZIERES'),
('FRANCE_DEPARTMENTS_CAPITAL', 'FR-FOIX'),
('FRANCE_DEPARTMENTS_CAPITAL', 'FR-TROYES'),
('FRANCE_DEPARTMENTS_CAPITAL', 'FR-CARCASSONNE'),
('FRANCE_DEPARTMENTS_CAPITAL', 'FR-RODEZ'),
('FRANCE_DEPARTMENTS_CAPITAL', 'FR-MARSEILLE'),
('FRANCE_DEPARTMENTS_CAPITAL', 'FR-CAEN'),
('FRANCE_DEPARTMENTS_CAPITAL', 'FR-AURILLAC'),
('FRANCE_DEPARTMENTS_CAPITAL', 'FR-ANGOULEME'),
('FRANCE_DEPARTMENTS_CAPITAL', 'FR-LA-ROCHELLE'),
('FRANCE_DEPARTMENTS_CAPITAL', 'FR-BOURGES'),
('FRANCE_DEPARTMENTS_CAPITAL', 'FR-TULLE'),
('FRANCE_DEPARTMENTS_CAPITAL', 'FR-AJACCIO'),
('FRANCE_DEPARTMENTS_CAPITAL', 'FR-DIJON'),
('FRANCE_DEPARTMENTS_CAPITAL', 'FR-ST-BRIEUC'),
('FRANCE_DEPARTMENTS_CAPITAL', 'FR-GUERET'),
('FRANCE_DEPARTMENTS_CAPITAL', 'FR-NIORT'),
('FRANCE_DEPARTMENTS_CAPITAL', 'FR-PERIGUEUX'),
('FRANCE_DEPARTMENTS_CAPITAL', 'FR-BESANÇON'),
('FRANCE_DEPARTMENTS_CAPITAL', 'FR-VALENCE'),
('FRANCE_DEPARTMENTS_CAPITAL', 'FR-EVRY'),
('FRANCE_DEPARTMENTS_CAPITAL', 'FR-EVREUX'),
('FRANCE_DEPARTMENTS_CAPITAL', 'FR-CHARTRES'),
('FRANCE_DEPARTMENTS_CAPITAL', 'FR-QUIMPER'),
('FRANCE_DEPARTMENTS_CAPITAL', 'FR-CAYENNE'),
('FRANCE_DEPARTMENTS_CAPITAL', 'FR-NIMES'),
('FRANCE_DEPARTMENTS_CAPITAL', 'FR-AUCH'),
('FRANCE_DEPARTMENTS_CAPITAL', 'FR-BORDEAUX'),
('FRANCE_DEPARTMENTS_CAPITAL', 'FR-BASSE-TERRE'),
('FRANCE_DEPARTMENTS_CAPITAL', 'FR-BASTIA'),
('FRANCE_DEPARTMENTS_CAPITAL', 'FR-TOULOUSE'),
('FRANCE_DEPARTMENTS_CAPITAL', 'FR-LE-PUY-EN-VELAY'),
('FRANCE_DEPARTMENTS_CAPITAL', 'FR-CHAUMONT'),
('FRANCE_DEPARTMENTS_CAPITAL', 'FR-GAP'),
('FRANCE_DEPARTMENTS_CAPITAL', 'FR-VESOUL'),
('FRANCE_DEPARTMENTS_CAPITAL', 'FR-ANNECY'),
('FRANCE_DEPARTMENTS_CAPITAL', 'FR-TARBES'),
('FRANCE_DEPARTMENTS_CAPITAL', 'FR-LIMOGES'),
('FRANCE_DEPARTMENTS_CAPITAL', 'FR-NANTERRE'),
('FRANCE_DEPARTMENTS_CAPITAL', 'FR-MONTPELLIER'),
('FRANCE_DEPARTMENTS_CAPITAL', 'FR-RENNES'),
('FRANCE_DEPARTMENTS_CAPITAL', 'FR-CHATEAUROUX'),
('FRANCE_DEPARTMENTS_CAPITAL', 'FR-TOURS'),
('FRANCE_DEPARTMENTS_CAPITAL', 'FR-GRENOBLE'),
('FRANCE_DEPARTMENTS_CAPITAL', 'FR-LONS-LE-SAUNIER'),
('FRANCE_DEPARTMENTS_CAPITAL', 'FR-MONT-DE-MARSAN'),
('FRANCE_DEPARTMENTS_CAPITAL', 'FR-SAINT-ETIENNE'),
('FRANCE_DEPARTMENTS_CAPITAL', 'FR-NANTES'),
('FRANCE_DEPARTMENTS_CAPITAL', 'FR-ORLEANS'),
('FRANCE_DEPARTMENTS_CAPITAL', 'FR-BLOIS'),
('FRANCE_DEPARTMENTS_CAPITAL', 'FR-CAHORS'),
('FRANCE_DEPARTMENTS_CAPITAL', 'FR-AGEN'),
('FRANCE_DEPARTMENTS_CAPITAL', 'FR-MENDE'),
('FRANCE_DEPARTMENTS_CAPITAL', 'FR-ANGERS'),
('FRANCE_DEPARTMENTS_CAPITAL', 'FR-SAINT-LO'),
('FRANCE_DEPARTMENTS_CAPITAL', 'FR-CHALONS-EN-CHAMPAGNE'),
('FRANCE_DEPARTMENTS_CAPITAL', 'FR-FORT-DE-FRANCE'),
('FRANCE_DEPARTMENTS_CAPITAL', 'FR-PARIS'),
('FRANCE_DEPARTMENTS_CAPITAL', 'FR-LAVAL'),
('FRANCE_DEPARTMENTS_CAPITAL', 'FR-DZAOUDZI'),
('FRANCE_DEPARTMENTS_CAPITAL', 'FR-NANCY'),
('FRANCE_DEPARTMENTS_CAPITAL', 'FR-BAR-LE-DUC'),
('FRANCE_DEPARTMENTS_CAPITAL', 'FR-VANNES'),
('FRANCE_DEPARTMENTS_CAPITAL', 'FR-METZ'),
('FRANCE_DEPARTMENTS_CAPITAL', 'FR-NEVERS'),
('FRANCE_DEPARTMENTS_CAPITAL', 'FR-LILLE'),
('FRANCE_DEPARTMENTS_CAPITAL', 'FR-BEAUVAIS'),
('FRANCE_DEPARTMENTS_CAPITAL', 'FR-ALENCON'),
('FRANCE_DEPARTMENTS_CAPITAL', 'FR-ARRAS'),
('FRANCE_DEPARTMENTS_CAPITAL', 'FR-CLERMONT-FERRAND'),
('FRANCE_DEPARTMENTS_CAPITAL', 'FR-PAU'),
('FRANCE_DEPARTMENTS_CAPITAL', 'FR-PERPIGNAN'),
('FRANCE_DEPARTMENTS_CAPITAL', 'FR-STRASBOURG'),
('FRANCE_DEPARTMENTS_CAPITAL', 'FR-COLMAR'),
('FRANCE_DEPARTMENTS_CAPITAL', 'FR-SAINT-DENIS'),
('FRANCE_DEPARTMENTS_CAPITAL', 'FR-LYON'),
('FRANCE_DEPARTMENTS_CAPITAL', 'FR-MACON'),
('FRANCE_DEPARTMENTS_CAPITAL', 'FR-LE-MANS'),
('FRANCE_DEPARTMENTS_CAPITAL', 'FR-CHAMBERY'),
('FRANCE_DEPARTMENTS_CAPITAL', 'FR-MELUN'),
('FRANCE_DEPARTMENTS_CAPITAL', 'FR-ROUEN'),
('FRANCE_DEPARTMENTS_CAPITAL', 'FR-BOBIGNY'),
('FRANCE_DEPARTMENTS_CAPITAL', 'FR-AMIENS'),
('FRANCE_DEPARTMENTS_CAPITAL', 'FR-ALBI'),
('FRANCE_DEPARTMENTS_CAPITAL', 'FR-MONTAUBAN'),
('FRANCE_DEPARTMENTS_CAPITAL', 'FR-BELFORT'),
('FRANCE_DEPARTMENTS_CAPITAL', 'FR-CRETEIL'),
('FRANCE_DEPARTMENTS_CAPITAL', 'FR-PONTOISE'),
('FRANCE_DEPARTMENTS_CAPITAL', 'FR-TOULON'),
('FRANCE_DEPARTMENTS_CAPITAL', 'FR-AVIGNON'),
('FRANCE_DEPARTMENTS_CAPITAL', 'FR-LA-ROCHE-SUR-YON'),
('FRANCE_DEPARTMENTS_CAPITAL', 'FR-POITIERS'),
('FRANCE_DEPARTMENTS_CAPITAL', 'FR-EPINAL'),
('FRANCE_DEPARTMENTS_CAPITAL', 'FR-AUXERRE'),
('FRANCE_DEPARTMENTS_CAPITAL', 'FR-VERSAILLES'),
('FRANCE_REGIONS', 'FR-ARA'),
('FRANCE_REGIONS', 'FR-BFC'),
('FRANCE_REGIONS', 'FR-BRE'),
('FRANCE_REGIONS', 'FR-CVL'),
('FRANCE_REGIONS', 'FR-20R'),
('FRANCE_REGIONS', 'FR-GES'),
('FRANCE_REGIONS', 'FR-HDF'),
('FRANCE_REGIONS', 'FR-IDF'),
('FRANCE_REGIONS', 'FR-NOR'),
('FRANCE_REGIONS', 'FR-NAQ'),
('FRANCE_REGIONS', 'FR-OCC'),
('FRANCE_REGIONS', 'FR-PDL'),
('FRANCE_REGIONS_CAPITAL', 'FR-LYON'),
('FRANCE_REGIONS_CAPITAL', 'FR-DIJON'),
('FRANCE_REGIONS_CAPITAL', 'FR-RENNES'),
('FRANCE_REGIONS_CAPITAL', 'FR-ORLEANS'),
('FRANCE_REGIONS_CAPITAL', 'FR-AJACCIO'),
('FRANCE_REGIONS_CAPITAL', 'FR-STRASBOURG'),
('FRANCE_REGIONS_CAPITAL', 'FR-LILLE'),
('FRANCE_REGIONS_CAPITAL', 'FR-PARIS'),
('FRANCE_REGIONS_CAPITAL', 'FR-ROUEN'),
('FRANCE_REGIONS_CAPITAL', 'FR-BORDEAUX'),
('FRANCE_REGIONS_CAPITAL', 'FR-TOULOUSE'),
('FRANCE_REGIONS_CAPITAL', 'FR-NANTES'),
('JAPAN_PREFECTURES', 'JP-23'),
('JAPAN_PREFECTURES', 'JP-05'),
('JAPAN_PREFECTURES', 'JP-02'),
('JAPAN_PREFECTURES', 'JP-12'),
('JAPAN_PREFECTURES', 'JP-38'),
('JAPAN_PREFECTURES', 'JP-18'),
('JAPAN_PREFECTURES', 'JP-40'),
('JAPAN_PREFECTURES', 'JP-07'),
('JAPAN_PREFECTURES', 'JP-21'),
('JAPAN_PREFECTURES', 'JP-10'),
('JAPAN_PREFECTURES', 'JP-34'),
('JAPAN_PREFECTURES', 'JP-01'),
('JAPAN_PREFECTURES', 'JP-28'),
('JAPAN_PREFECTURES', 'JP-08'),
('JAPAN_PREFECTURES', 'JP-17'),
('JAPAN_PREFECTURES', 'JP-03'),
('JAPAN_PREFECTURES', 'JP-37'),
('JAPAN_PREFECTURES', 'JP-46'),
('JAPAN_PREFECTURES', 'JP-14'),
('JAPAN_PREFECTURES', 'JP-39'),
('JAPAN_PREFECTURES', 'JP-43'),
('JAPAN_PREFECTURES', 'JP-26'),
('JAPAN_PREFECTURES', 'JP-24'),
('JAPAN_PREFECTURES', 'JP-04'),
('JAPAN_PREFECTURES', 'JP-45'),
('JAPAN_PREFECTURES', 'JP-20'),
('JAPAN_PREFECTURES', 'JP-42'),
('JAPAN_PREFECTURES', 'JP-29'),
('JAPAN_PREFECTURES', 'JP-15'),
('JAPAN_PREFECTURES', 'JP-44'),
('JAPAN_PREFECTURES', 'JP-33'),
('JAPAN_PREFECTURES', 'JP-47'),
('JAPAN_PREFECTURES', 'JP-27'),
('JAPAN_PREFECTURES', 'JP-41'),
('JAPAN_PREFECTURES', 'JP-11'),
('JAPAN_PREFECTURES', 'JP-25'),
('JAPAN_PREFECTURES', 'JP-32'),
('JAPAN_PREFECTURES', 'JP-22'),
('JAPAN_PREFECTURES', 'JP-09'),
('JAPAN_PREFECTURES', 'JP-36'),
('JAPAN_PREFECTURES', 'JP-13'),
('JAPAN_PREFECTURES', 'JP-31'),
('JAPAN_PREFECTURES', 'JP-16'),
('JAPAN_PREFECTURES', 'JP-30'),
('JAPAN_PREFECTURES', 'JP-06'),
('JAPAN_PREFECTURES', 'JP-35'),
('JAPAN_PREFECTURES', 'JP-19'),
('JAPAN_PREFECTURES_CAPITAL', 'JP-SAPPORO'),
('JAPAN_PREFECTURES_CAPITAL', 'JP-AOMORI'),
('JAPAN_PREFECTURES_CAPITAL', 'JP-MORIOKA'),
('JAPAN_PREFECTURES_CAPITAL', 'JP-SENDAI'),
('JAPAN_PREFECTURES_CAPITAL', 'JP-AKITA'),
('JAPAN_PREFECTURES_CAPITAL', 'JP-YAMAGATA'),
('JAPAN_PREFECTURES_CAPITAL', 'JP-FUKUSHIMA'),
('JAPAN_PREFECTURES_CAPITAL', 'JP-MITO'),
('JAPAN_PREFECTURES_CAPITAL', 'JP-UTSUNOMIYA'),
('JAPAN_PREFECTURES_CAPITAL', 'JP-MAEBASHI'),
('JAPAN_PREFECTURES_CAPITAL', 'JP-SAITAMA'),
('JAPAN_PREFECTURES_CAPITAL', 'JP-CHIBA'),
('JAPAN_PREFECTURES_CAPITAL', 'JP-TOKYO'),
('JAPAN_PREFECTURES_CAPITAL', 'JP-YOKOHAMA'),
('JAPAN_PREFECTURES_CAPITAL', 'JP-NIIGATA'),
('JAPAN_PREFECTURES_CAPITAL', 'JP-TOYAMA'),
('JAPAN_PREFECTURES_CAPITAL', 'JP-KANAZAWA'),
('JAPAN_PREFECTURES_CAPITAL', 'JP-FUKUI'),
('JAPAN_PREFECTURES_CAPITAL', 'JP-KOFU'),
('JAPAN_PREFECTURES_CAPITAL', 'JP-NAGANO'),
('JAPAN_PREFECTURES_CAPITAL', 'JP-GIFU'),
('JAPAN_PREFECTURES_CAPITAL', 'JP-SHIZUOKA'),
('JAPAN_PREFECTURES_CAPITAL', 'JP-NAGOYA'),
('JAPAN_PREFECTURES_CAPITAL', 'JP-TSU'),
('JAPAN_PREFECTURES_CAPITAL', 'JP-OTSU'),
('JAPAN_PREFECTURES_CAPITAL', 'JP-KYOTO'),
('JAPAN_PREFECTURES_CAPITAL', 'JP-OSAKA'),
('JAPAN_PREFECTURES_CAPITAL', 'JP-KOBE'),
('JAPAN_PREFECTURES_CAPITAL', 'JP-NARA'),
('JAPAN_PREFECTURES_CAPITAL', 'JP-WAKAYAMA'),
('JAPAN_PREFECTURES_CAPITAL', 'JP-TOTTORI'),
('JAPAN_PREFECTURES_CAPITAL', 'JP-MATSUE'),
('JAPAN_PREFECTURES_CAPITAL', 'JP-OKAYAMA'),
('JAPAN_PREFECTURES_CAPITAL', 'JP-HIROSHIMA'),
('JAPAN_PREFECTURES_CAPITAL', 'JP-YAMAGUCHI'),
('JAPAN_PREFECTURES_CAPITAL', 'JP-TOKUSHIMA'),
('JAPAN_PREFECTURES_CAPITAL', 'JP-TAKAMATSU'),
('JAPAN_PREFECTURES_CAPITAL', 'JP-MATSUYAMA'),
('JAPAN_PREFECTURES_CAPITAL', 'JP-KOCHI'),
('JAPAN_PREFECTURES_CAPITAL', 'JP-FUKUOKA'),
('JAPAN_PREFECTURES_CAPITAL', 'JP-SAGA'),
('JAPAN_PREFECTURES_CAPITAL', 'JP-NAGASAKI'),
('JAPAN_PREFECTURES_CAPITAL', 'JP-KUMAMOTO'),
('JAPAN_PREFECTURES_CAPITAL', 'JP-OITA'),
('JAPAN_PREFECTURES_CAPITAL', 'JP-MIYAZAKI'),
('JAPAN_PREFECTURES_CAPITAL', 'JP-KAGOSHIMA'),
('JAPAN_PREFECTURES_CAPITAL', 'JP-NAHA'),
('JAPAN_REGIONS', 'JP-HOK'),
('JAPAN_REGIONS', 'JP-TOH'),
('JAPAN_REGIONS', 'JP-KAN'),
('JAPAN_REGIONS', 'JP-CHB'),
('JAPAN_REGIONS', 'JP-KAN'),
('JAPAN_REGIONS', 'JP-CHU'),
('JAPAN_REGIONS', 'JP-SHI'),
('JAPAN_REGIONS', 'JP-KYU'),
('JAPAN_REGIONS', 'JP-OKI'),
('JAPAN_REGIONS_CAPITAL', 'JP-SAPPORO'),
('JAPAN_REGIONS_CAPITAL', 'JP-SENDAI'),
('JAPAN_REGIONS_CAPITAL', 'JP-TOKYO'),
('JAPAN_REGIONS_CAPITAL', 'JP-NAGOYA'),
('JAPAN_REGIONS_CAPITAL', 'JP-OSAKA'),
('JAPAN_REGIONS_CAPITAL', 'JP-HIROSHIMA'),
('JAPAN_REGIONS_CAPITAL', 'JP-TAKAMATSU'),
('JAPAN_REGIONS_CAPITAL', 'JP-FUKUOKA'),
('JAPAN_REGIONS_CAPITAL', 'JP-NAHA'),
('WORLD_COUNTRIES_ISO3166', 'AF'),
('WORLD_COUNTRIES_ISO3166', 'AX'),
('WORLD_COUNTRIES_ISO3166', 'AL'),
('WORLD_COUNTRIES_ISO3166', 'DZ'),
('WORLD_COUNTRIES_ISO3166', 'AS'),
('WORLD_COUNTRIES_ISO3166', 'AD'),
('WORLD_COUNTRIES_ISO3166', 'AO'),
('WORLD_COUNTRIES_ISO3166', 'AI'),
('WORLD_COUNTRIES_ISO3166', 'AQ'),
('WORLD_COUNTRIES_ISO3166', 'AG'),
('WORLD_COUNTRIES_ISO3166', 'AR'),
('WORLD_COUNTRIES_ISO3166', 'AM'),
('WORLD_COUNTRIES_ISO3166', 'AW'),
('WORLD_COUNTRIES_ISO3166', 'AU'),
('WORLD_COUNTRIES_ISO3166', 'AT'),
('WORLD_COUNTRIES_ISO3166', 'AZ'),
('WORLD_COUNTRIES_ISO3166', 'BS'),
('WORLD_COUNTRIES_ISO3166', 'BH'),
('WORLD_COUNTRIES_ISO3166', 'BD'),
('WORLD_COUNTRIES_ISO3166', 'BB'),
('WORLD_COUNTRIES_ISO3166', 'BY'),
('WORLD_COUNTRIES_ISO3166', 'BE'),
('WORLD_COUNTRIES_ISO3166', 'BZ'),
('WORLD_COUNTRIES_ISO3166', 'BJ'),
('WORLD_COUNTRIES_ISO3166', 'BM'),
('WORLD_COUNTRIES_ISO3166', 'BT'),
('WORLD_COUNTRIES_ISO3166', 'BO'),
('WORLD_COUNTRIES_ISO3166', 'BQ'),
('WORLD_COUNTRIES_ISO3166', 'BA'),
('WORLD_COUNTRIES_ISO3166', 'BW'),
('WORLD_COUNTRIES_ISO3166', 'BV'),
('WORLD_COUNTRIES_ISO3166', 'BR'),
('WORLD_COUNTRIES_ISO3166', 'IO'),
('WORLD_COUNTRIES_ISO3166', 'BN'),
('WORLD_COUNTRIES_ISO3166', 'BG'),
('WORLD_COUNTRIES_ISO3166', 'BF'),
('WORLD_COUNTRIES_ISO3166', 'BI'),
('WORLD_COUNTRIES_ISO3166', 'CV'),
('WORLD_COUNTRIES_ISO3166', 'KH'),
('WORLD_COUNTRIES_ISO3166', 'CM'),
('WORLD_COUNTRIES_ISO3166', 'CA'),
('WORLD_COUNTRIES_ISO3166', 'KY'),
('WORLD_COUNTRIES_ISO3166', 'CF'),
('WORLD_COUNTRIES_ISO3166', 'TD'),
('WORLD_COUNTRIES_ISO3166', 'CL'),
('WORLD_COUNTRIES_ISO3166', 'CN'),
('WORLD_COUNTRIES_ISO3166', 'CX'),
('WORLD_COUNTRIES_ISO3166', 'CC'),
('WORLD_COUNTRIES_ISO3166', 'CO'),
('WORLD_COUNTRIES_ISO3166', 'KM'),
('WORLD_COUNTRIES_ISO3166', 'CG'),
('WORLD_COUNTRIES_ISO3166', 'CD'),
('WORLD_COUNTRIES_ISO3166', 'CK'),
('WORLD_COUNTRIES_ISO3166', 'CR'),
('WORLD_COUNTRIES_ISO3166', 'CI'),
('WORLD_COUNTRIES_ISO3166', 'HR'),
('WORLD_COUNTRIES_ISO3166', 'CU'),
('WORLD_COUNTRIES_ISO3166', 'CW'),
('WORLD_COUNTRIES_ISO3166', 'CY'),
('WORLD_COUNTRIES_ISO3166', 'CZ'),
('WORLD_COUNTRIES_ISO3166', 'DK'),
('WORLD_COUNTRIES_ISO3166', 'DJ'),
('WORLD_COUNTRIES_ISO3166', 'DM'),
('WORLD_COUNTRIES_ISO3166', 'DO'),
('WORLD_COUNTRIES_ISO3166', 'EC'),
('WORLD_COUNTRIES_ISO3166', 'EG'),
('WORLD_COUNTRIES_ISO3166', 'SV'),
('WORLD_COUNTRIES_ISO3166', 'GQ'),
('WORLD_COUNTRIES_ISO3166', 'ER'),
('WORLD_COUNTRIES_ISO3166', 'EE'),
('WORLD_COUNTRIES_ISO3166', 'SZ'),
('WORLD_COUNTRIES_ISO3166', 'ET'),
('WORLD_COUNTRIES_ISO3166', 'FK'),
('WORLD_COUNTRIES_ISO3166', 'FO'),
('WORLD_COUNTRIES_ISO3166', 'FJ'),
('WORLD_COUNTRIES_ISO3166', 'FI'),
('WORLD_COUNTRIES_ISO3166', 'FR'),
('WORLD_COUNTRIES_ISO3166', 'GF'),
('WORLD_COUNTRIES_ISO3166', 'PF'),
('WORLD_COUNTRIES_ISO3166', 'TF'),
('WORLD_COUNTRIES_ISO3166', 'GA'),
('WORLD_COUNTRIES_ISO3166', 'GM'),
('WORLD_COUNTRIES_ISO3166', 'GE'),
('WORLD_COUNTRIES_ISO3166', 'DE'),
('WORLD_COUNTRIES_ISO3166', 'GH'),
('WORLD_COUNTRIES_ISO3166', 'GI'),
('WORLD_COUNTRIES_ISO3166', 'GR'),
('WORLD_COUNTRIES_ISO3166', 'GL'),
('WORLD_COUNTRIES_ISO3166', 'GD'),
('WORLD_COUNTRIES_ISO3166', 'GP'),
('WORLD_COUNTRIES_ISO3166', 'GU'),
('WORLD_COUNTRIES_ISO3166', 'GT'),
('WORLD_COUNTRIES_ISO3166', 'GG'),
('WORLD_COUNTRIES_ISO3166', 'GN'),
('WORLD_COUNTRIES_ISO3166', 'GW'),
('WORLD_COUNTRIES_ISO3166', 'GY'),
('WORLD_COUNTRIES_ISO3166', 'HT'),
('WORLD_COUNTRIES_ISO3166', 'HM'),
('WORLD_COUNTRIES_ISO3166', 'VA'),
('WORLD_COUNTRIES_ISO3166', 'HN'),
('WORLD_COUNTRIES_ISO3166', 'HK'),
('WORLD_COUNTRIES_ISO3166', 'HU'),
('WORLD_COUNTRIES_ISO3166', 'IS'),
('WORLD_COUNTRIES_ISO3166', 'IN'),
('WORLD_COUNTRIES_ISO3166', 'ID'),
('WORLD_COUNTRIES_ISO3166', 'IR'),
('WORLD_COUNTRIES_ISO3166', 'IQ'),
('WORLD_COUNTRIES_ISO3166', 'IE'),
('WORLD_COUNTRIES_ISO3166', 'IM'),
('WORLD_COUNTRIES_ISO3166', 'IL'),
('WORLD_COUNTRIES_ISO3166', 'IT'),
('WORLD_COUNTRIES_ISO3166', 'JM'),
('WORLD_COUNTRIES_ISO3166', 'JP'),
('WORLD_COUNTRIES_ISO3166', 'JE'),
('WORLD_COUNTRIES_ISO3166', 'JO'),
('WORLD_COUNTRIES_ISO3166', 'KZ'),
('WORLD_COUNTRIES_ISO3166', 'KE'),
('WORLD_COUNTRIES_ISO3166', 'KI'),
('WORLD_COUNTRIES_ISO3166', 'KP'),
('WORLD_COUNTRIES_ISO3166', 'KR'),
('WORLD_COUNTRIES_ISO3166', 'XK'),
('WORLD_COUNTRIES_ISO3166', 'KW'),
('WORLD_COUNTRIES_ISO3166', 'KG'),
('WORLD_COUNTRIES_ISO3166', 'LA'),
('WORLD_COUNTRIES_ISO3166', 'LV'),
('WORLD_COUNTRIES_ISO3166', 'LB'),
('WORLD_COUNTRIES_ISO3166', 'LS'),
('WORLD_COUNTRIES_ISO3166', 'LR'),
('WORLD_COUNTRIES_ISO3166', 'LY'),
('WORLD_COUNTRIES_ISO3166', 'LI'),
('WORLD_COUNTRIES_ISO3166', 'LT'),
('WORLD_COUNTRIES_ISO3166', 'LU'),
('WORLD_COUNTRIES_ISO3166', 'MO'),
('WORLD_COUNTRIES_ISO3166', 'MG'),
('WORLD_COUNTRIES_ISO3166', 'MW'),
('WORLD_COUNTRIES_ISO3166', 'MY'),
('WORLD_COUNTRIES_ISO3166', 'MV'),
('WORLD_COUNTRIES_ISO3166', 'ML'),
('WORLD_COUNTRIES_ISO3166', 'MT'),
('WORLD_COUNTRIES_ISO3166', 'MH'),
('WORLD_COUNTRIES_ISO3166', 'MQ'),
('WORLD_COUNTRIES_ISO3166', 'MR'),
('WORLD_COUNTRIES_ISO3166', 'MU'),
('WORLD_COUNTRIES_ISO3166', 'YT'),
('WORLD_COUNTRIES_ISO3166', 'MX'),
('WORLD_COUNTRIES_ISO3166', 'FM'),
('WORLD_COUNTRIES_ISO3166', 'MD'),
('WORLD_COUNTRIES_ISO3166', 'MC'),
('WORLD_COUNTRIES_ISO3166', 'MN'),
('WORLD_COUNTRIES_ISO3166', 'ME'),
('WORLD_COUNTRIES_ISO3166', 'MS'),
('WORLD_COUNTRIES_ISO3166', 'MA'),
('WORLD_COUNTRIES_ISO3166', 'MZ'),
('WORLD_COUNTRIES_ISO3166', 'MM'),
('WORLD_COUNTRIES_ISO3166', 'NA'),
('WORLD_COUNTRIES_ISO3166', 'NR'),
('WORLD_COUNTRIES_ISO3166', 'NP'),
('WORLD_COUNTRIES_ISO3166', 'NL'),
('WORLD_COUNTRIES_ISO3166', 'NC'),
('WORLD_COUNTRIES_ISO3166', 'NZ'),
('WORLD_COUNTRIES_ISO3166', 'NI'),
('WORLD_COUNTRIES_ISO3166', 'NE'),
('WORLD_COUNTRIES_ISO3166', 'NG'),
('WORLD_COUNTRIES_ISO3166', 'NU'),
('WORLD_COUNTRIES_ISO3166', 'NF'),
('WORLD_COUNTRIES_ISO3166', 'MK'),
('WORLD_COUNTRIES_ISO3166', 'MP'),
('WORLD_COUNTRIES_ISO3166', 'NO'),
('WORLD_COUNTRIES_ISO3166', 'OM'),
('WORLD_COUNTRIES_ISO3166', 'PK'),
('WORLD_COUNTRIES_ISO3166', 'PW'),
('WORLD_COUNTRIES_ISO3166', 'PS'),
('WORLD_COUNTRIES_ISO3166', 'PA'),
('WORLD_COUNTRIES_ISO3166', 'PG'),
('WORLD_COUNTRIES_ISO3166', 'PY'),
('WORLD_COUNTRIES_ISO3166', 'PE'),
('WORLD_COUNTRIES_ISO3166', 'PH'),
('WORLD_COUNTRIES_ISO3166', 'PN'),
('WORLD_COUNTRIES_ISO3166', 'PL'),
('WORLD_COUNTRIES_ISO3166', 'PT'),
('WORLD_COUNTRIES_ISO3166', 'PR'),
('WORLD_COUNTRIES_ISO3166', 'QA'),
('WORLD_COUNTRIES_ISO3166', 'RE'),
('WORLD_COUNTRIES_ISO3166', 'RO'),
('WORLD_COUNTRIES_ISO3166', 'RU'),
('WORLD_COUNTRIES_ISO3166', 'RW'),
('WORLD_COUNTRIES_ISO3166', 'BL'),
('WORLD_COUNTRIES_ISO3166', 'SH'),
('WORLD_COUNTRIES_ISO3166', 'KN'),
('WORLD_COUNTRIES_ISO3166', 'LC'),
('WORLD_COUNTRIES_ISO3166', 'MF'),
('WORLD_COUNTRIES_ISO3166', 'PM'),
('WORLD_COUNTRIES_ISO3166', 'VC'),
('WORLD_COUNTRIES_ISO3166', 'WS'),
('WORLD_COUNTRIES_ISO3166', 'SM'),
('WORLD_COUNTRIES_ISO3166', 'ST'),
('WORLD_COUNTRIES_ISO3166', 'SA'),
('WORLD_COUNTRIES_ISO3166', 'SN'),
('WORLD_COUNTRIES_ISO3166', 'RS'),
('WORLD_COUNTRIES_ISO3166', 'SC'),
('WORLD_COUNTRIES_ISO3166', 'SL'),
('WORLD_COUNTRIES_ISO3166', 'SG'),
('WORLD_COUNTRIES_ISO3166', 'SX'),
('WORLD_COUNTRIES_ISO3166', 'SK'),
('WORLD_COUNTRIES_ISO3166', 'SI'),
('WORLD_COUNTRIES_ISO3166', 'SB'),
('WORLD_COUNTRIES_ISO3166', 'SO'),
('WORLD_COUNTRIES_ISO3166', 'ZA'),
('WORLD_COUNTRIES_ISO3166', 'GS'),
('WORLD_COUNTRIES_ISO3166', 'SS'),
('WORLD_COUNTRIES_ISO3166', 'ES'),
('WORLD_COUNTRIES_ISO3166', 'LK'),
('WORLD_COUNTRIES_ISO3166', 'SD'),
('WORLD_COUNTRIES_ISO3166', 'SR'),
('WORLD_COUNTRIES_ISO3166', 'SJ'),
('WORLD_COUNTRIES_ISO3166', 'SE'),
('WORLD_COUNTRIES_ISO3166', 'CH'),
('WORLD_COUNTRIES_ISO3166', 'SY'),
('WORLD_COUNTRIES_ISO3166', 'TW'),
('WORLD_COUNTRIES_ISO3166', 'TJ'),
('WORLD_COUNTRIES_ISO3166', 'TZ'),
('WORLD_COUNTRIES_ISO3166', 'TH'),
('WORLD_COUNTRIES_ISO3166', 'TL'),
('WORLD_COUNTRIES_ISO3166', 'TG'),
('WORLD_COUNTRIES_ISO3166', 'TK'),
('WORLD_COUNTRIES_ISO3166', 'TO'),
('WORLD_COUNTRIES_ISO3166', 'TT'),
('WORLD_COUNTRIES_ISO3166', 'TN'),
('WORLD_COUNTRIES_ISO3166', 'TR'),
('WORLD_COUNTRIES_ISO3166', 'TM'),
('WORLD_COUNTRIES_ISO3166', 'TC'),
('WORLD_COUNTRIES_ISO3166', 'TV'),
('WORLD_COUNTRIES_ISO3166', 'UG'),
('WORLD_COUNTRIES_ISO3166', 'UA'),
('WORLD_COUNTRIES_ISO3166', 'AE'),
('WORLD_COUNTRIES_ISO3166', 'GB'),
('WORLD_COUNTRIES_ISO3166', 'US'),
('WORLD_COUNTRIES_ISO3166', 'UM'),
('WORLD_COUNTRIES_ISO3166', 'UY'),
('WORLD_COUNTRIES_ISO3166', 'UZ'),
('WORLD_COUNTRIES_ISO3166', 'VU'),
('WORLD_COUNTRIES_ISO3166', 'VE'),
('WORLD_COUNTRIES_ISO3166', 'VN'),
('WORLD_COUNTRIES_ISO3166', 'VG'),
('WORLD_COUNTRIES_ISO3166', 'VI'),
('WORLD_COUNTRIES_ISO3166', 'WF'),
('WORLD_COUNTRIES_ISO3166', 'EH'),
('WORLD_COUNTRIES_ISO3166', 'YE'),
('WORLD_COUNTRIES_ISO3166', 'ZM'),
('WORLD_COUNTRIES_ISO3166', 'ZW'),
('WORLD_COUNTRIES_ISO3166_CAPITAL', 'AF-KABUL'),
('WORLD_COUNTRIES_ISO3166_CAPITAL', 'AX-MARIEHAMN'),
('WORLD_COUNTRIES_ISO3166_CAPITAL', 'AL-TIRANA'),
('WORLD_COUNTRIES_ISO3166_CAPITAL', 'DZ-ALGIERS'),
('WORLD_COUNTRIES_ISO3166_CAPITAL', 'AS-PAGO-PAGO'),
('WORLD_COUNTRIES_ISO3166_CAPITAL', 'AD-ANDORRA-LA-VELLA'),
('WORLD_COUNTRIES_ISO3166_CAPITAL', 'AO-LUANDA'),
('WORLD_COUNTRIES_ISO3166_CAPITAL', 'AI-THE-VALLEY'),
('WORLD_COUNTRIES_ISO3166_CAPITAL', 'AQ-MCMURDO-STATION'),
('WORLD_COUNTRIES_ISO3166_CAPITAL', 'AG-SAINT-JOHN-S'),
('WORLD_COUNTRIES_ISO3166_CAPITAL', 'AR-BUENOS-AIRES'),
('WORLD_COUNTRIES_ISO3166_CAPITAL', 'AM-YEREVAN'),
('WORLD_COUNTRIES_ISO3166_CAPITAL', 'AW-ORANJESTAD'),
('WORLD_COUNTRIES_ISO3166_CAPITAL', 'AU-CANBERRA'),
('WORLD_COUNTRIES_ISO3166_CAPITAL', 'AT-VIENNA'),
('WORLD_COUNTRIES_ISO3166_CAPITAL', 'AZ-BAKU'),
('WORLD_COUNTRIES_ISO3166_CAPITAL', 'BS-NASSAU'),
('WORLD_COUNTRIES_ISO3166_CAPITAL', 'BH-MANAMA'),
('WORLD_COUNTRIES_ISO3166_CAPITAL', 'BD-DHAKA'),
('WORLD_COUNTRIES_ISO3166_CAPITAL', 'BB-BRIDGETOWN'),
('WORLD_COUNTRIES_ISO3166_CAPITAL', 'BY-MINSK'),
('WORLD_COUNTRIES_ISO3166_CAPITAL', 'BE-BRUSSELS'),
('WORLD_COUNTRIES_ISO3166_CAPITAL', 'BZ-BELMOPAN'),
('WORLD_COUNTRIES_ISO3166_CAPITAL', 'BJ-PORTO-NOVO'),
('WORLD_COUNTRIES_ISO3166_CAPITAL', 'BM-HAMILTON'),
('WORLD_COUNTRIES_ISO3166_CAPITAL', 'BT-THIMPHU'),
('WORLD_COUNTRIES_ISO3166_CAPITAL', 'BO-SUCRE'),
('WORLD_COUNTRIES_ISO3166_CAPITAL', 'BQ-KRALENDIJK'),
('WORLD_COUNTRIES_ISO3166_CAPITAL', 'BA-SARAJEVO'),
('WORLD_COUNTRIES_ISO3166_CAPITAL', 'BW-GABORONE'),
('WORLD_COUNTRIES_ISO3166_CAPITAL', 'BV-BOUVET'),
('WORLD_COUNTRIES_ISO3166_CAPITAL', 'BR-BRASILIA'),
('WORLD_COUNTRIES_ISO3166_CAPITAL', 'IO-CAMP-THUNDER-COVE'),
('WORLD_COUNTRIES_ISO3166_CAPITAL', 'BN-BANDAR-SERI-BEGAWAN'),
('WORLD_COUNTRIES_ISO3166_CAPITAL', 'BG-SOFIA'),
('WORLD_COUNTRIES_ISO3166_CAPITAL', 'BF-OUAGADOUGOU'),
('WORLD_COUNTRIES_ISO3166_CAPITAL', 'BI-GITEGA'),
('WORLD_COUNTRIES_ISO3166_CAPITAL', 'CV-PRAIA'),
('WORLD_COUNTRIES_ISO3166_CAPITAL', 'KH-PHNOM-PENH'),
('WORLD_COUNTRIES_ISO3166_CAPITAL', 'CM-YAOUNDE'),
('WORLD_COUNTRIES_ISO3166_CAPITAL', 'CA-OTTAWA'),
('WORLD_COUNTRIES_ISO3166_CAPITAL', 'KY-GEORGE-TOWN'),
('WORLD_COUNTRIES_ISO3166_CAPITAL', 'CF-BANGUI'),
('WORLD_COUNTRIES_ISO3166_CAPITAL', 'TD-N-DJAMENA'),
('WORLD_COUNTRIES_ISO3166_CAPITAL', 'CL-SANTIAGO'),
('WORLD_COUNTRIES_ISO3166_CAPITAL', 'CN-BEIJING'),
('WORLD_COUNTRIES_ISO3166_CAPITAL', 'CX-FLYING-FISH-COVE'),
('WORLD_COUNTRIES_ISO3166_CAPITAL', 'CC-WEST-ISLAND'),
('WORLD_COUNTRIES_ISO3166_CAPITAL', 'CO-BOGOTA'),
('WORLD_COUNTRIES_ISO3166_CAPITAL', 'KM-MORONI'),
('WORLD_COUNTRIES_ISO3166_CAPITAL', 'CG-BRAZZAVILLE'),
('WORLD_COUNTRIES_ISO3166_CAPITAL', 'CD-KINSHASA'),
('WORLD_COUNTRIES_ISO3166_CAPITAL', 'CK-AVARUA'),
('WORLD_COUNTRIES_ISO3166_CAPITAL', 'CR-SAN-JOSE'),
('WORLD_COUNTRIES_ISO3166_CAPITAL', 'CI-YAMOUSSOUKRO'),
('WORLD_COUNTRIES_ISO3166_CAPITAL', 'HR-ZAGREB'),
('WORLD_COUNTRIES_ISO3166_CAPITAL', 'CU-HAVANA'),
('WORLD_COUNTRIES_ISO3166_CAPITAL', 'CW-WILLEMSTAD'),
('WORLD_COUNTRIES_ISO3166_CAPITAL', 'CY-NICOSIA'),
('WORLD_COUNTRIES_ISO3166_CAPITAL', 'CZ-PRAGUE'),
('WORLD_COUNTRIES_ISO3166_CAPITAL', 'DK-COPENHAGEN'),
('WORLD_COUNTRIES_ISO3166_CAPITAL', 'DJ-DJIBOUTI'),
('WORLD_COUNTRIES_ISO3166_CAPITAL', 'DM-ROSEAU'),
('WORLD_COUNTRIES_ISO3166_CAPITAL', 'DO-SANTO-DOMINGO'),
('WORLD_COUNTRIES_ISO3166_CAPITAL', 'EC-QUITO'),
('WORLD_COUNTRIES_ISO3166_CAPITAL', 'EG-CAIRO'),
('WORLD_COUNTRIES_ISO3166_CAPITAL', 'SV-SAN-SALVADOR'),
('WORLD_COUNTRIES_ISO3166_CAPITAL', 'GQ-MALABO'),
('WORLD_COUNTRIES_ISO3166_CAPITAL', 'ER-ASMARA'),
('WORLD_COUNTRIES_ISO3166_CAPITAL', 'EE-TALLINN'),
('WORLD_COUNTRIES_ISO3166_CAPITAL', 'SZ-MBABANE'),
('WORLD_COUNTRIES_ISO3166_CAPITAL', 'ET-ADDIS-ABABA'),
('WORLD_COUNTRIES_ISO3166_CAPITAL', 'FK-STANLEY'),
('WORLD_COUNTRIES_ISO3166_CAPITAL', 'FO-TORSHAVN'),
('WORLD_COUNTRIES_ISO3166_CAPITAL', 'FJ-SUVA'),
('WORLD_COUNTRIES_ISO3166_CAPITAL', 'FI-HELSINKI'),
('WORLD_COUNTRIES_ISO3166_CAPITAL', 'FR-PARIS'),
('WORLD_COUNTRIES_ISO3166_CAPITAL', 'GF-CAYENNE'),
('WORLD_COUNTRIES_ISO3166_CAPITAL', 'PF-PAPEETE'),
('WORLD_COUNTRIES_ISO3166_CAPITAL', 'TF-PORT-AUX-FRANCAIS'),
('WORLD_COUNTRIES_ISO3166_CAPITAL', 'GA-LIBREVILLE'),
('WORLD_COUNTRIES_ISO3166_CAPITAL', 'GM-BANJUL'),
('WORLD_COUNTRIES_ISO3166_CAPITAL', 'GE-TBILISI'),
('WORLD_COUNTRIES_ISO3166_CAPITAL', 'DE-BERLIN'),
('WORLD_COUNTRIES_ISO3166_CAPITAL', 'GH-ACCRA'),
('WORLD_COUNTRIES_ISO3166_CAPITAL', 'GI-GIBRALTAR'),
('WORLD_COUNTRIES_ISO3166_CAPITAL', 'GR-ATHENS'),
('WORLD_COUNTRIES_ISO3166_CAPITAL', 'GL-NUUK'),
('WORLD_COUNTRIES_ISO3166_CAPITAL', 'GD-ST-GEORGE-S'),
('WORLD_COUNTRIES_ISO3166_CAPITAL', 'GP-BASSE-TERRE'),
('WORLD_COUNTRIES_ISO3166_CAPITAL', 'GU-HAGATNA'),
('WORLD_COUNTRIES_ISO3166_CAPITAL', 'GT-GUATEMALA-CITY'),
('WORLD_COUNTRIES_ISO3166_CAPITAL', 'GG-ST-PETER-PORT'),
('WORLD_COUNTRIES_ISO3166_CAPITAL', 'GN-CONAKRY'),
('WORLD_COUNTRIES_ISO3166_CAPITAL', 'GW-BISSAU'),
('WORLD_COUNTRIES_ISO3166_CAPITAL', 'GY-GEORGETOWN'),
('WORLD_COUNTRIES_ISO3166_CAPITAL', 'HT-PORT-AU-PRINCE'),
('WORLD_COUNTRIES_ISO3166_CAPITAL', 'HM-HEARD'),
('WORLD_COUNTRIES_ISO3166_CAPITAL', 'VA-VATICAN-CITY'),
('WORLD_COUNTRIES_ISO3166_CAPITAL', 'HN-TEGUCIGALPA'),
('WORLD_COUNTRIES_ISO3166_CAPITAL', 'HK-HONG-KONG'),
('WORLD_COUNTRIES_ISO3166_CAPITAL', 'HU-BUDAPEST'),
('WORLD_COUNTRIES_ISO3166_CAPITAL', 'IS-REYKJAVIK'),
('WORLD_COUNTRIES_ISO3166_CAPITAL', 'IN-NEW-DELHI'),
('WORLD_COUNTRIES_ISO3166_CAPITAL', 'ID-JAKARTA'),
('WORLD_COUNTRIES_ISO3166_CAPITAL', 'IR-TEHRAN'),
('WORLD_COUNTRIES_ISO3166_CAPITAL', 'IQ-BAGHDAD'),
('WORLD_COUNTRIES_ISO3166_CAPITAL', 'IE-DUBLIN'),
('WORLD_COUNTRIES_ISO3166_CAPITAL', 'IM-DOUGLAS'),
('WORLD_COUNTRIES_ISO3166_CAPITAL', 'IL-JERUSALEM'),
('WORLD_COUNTRIES_ISO3166_CAPITAL', 'IT-ROME'),
('WORLD_COUNTRIES_ISO3166_CAPITAL', 'JM-KINGSTON'),
('WORLD_COUNTRIES_ISO3166_CAPITAL', 'JP-TOKYO'),
('WORLD_COUNTRIES_ISO3166_CAPITAL', 'JE-SAINT-HELIER'),
('WORLD_COUNTRIES_ISO3166_CAPITAL', 'JO-AMMAN'),
('WORLD_COUNTRIES_ISO3166_CAPITAL', 'KZ-NUR-SULTAN'),
('WORLD_COUNTRIES_ISO3166_CAPITAL', 'KE-NAIROBI'),
('WORLD_COUNTRIES_ISO3166_CAPITAL', 'KI-SOUTH-TARAWA'),
('WORLD_COUNTRIES_ISO3166_CAPITAL', 'KP-PYONGYANG'),
('WORLD_COUNTRIES_ISO3166_CAPITAL', 'KR-SEOUL'),
('WORLD_COUNTRIES_ISO3166_CAPITAL', 'XK-PRISTINA'),
('WORLD_COUNTRIES_ISO3166_CAPITAL', 'KW-KUWAIT'),
('WORLD_COUNTRIES_ISO3166_CAPITAL', 'KG-BISHKEK'),
('WORLD_COUNTRIES_ISO3166_CAPITAL', 'LA-VIENTIANE'),
('WORLD_COUNTRIES_ISO3166_CAPITAL', 'LV-RIGA'),
('WORLD_COUNTRIES_ISO3166_CAPITAL', 'LB-BEIRUT'),
('WORLD_COUNTRIES_ISO3166_CAPITAL', 'LS-MASERU'),
('WORLD_COUNTRIES_ISO3166_CAPITAL', 'LR-MONROVIA'),
('WORLD_COUNTRIES_ISO3166_CAPITAL', 'LY-TRIPOLIS'),
('WORLD_COUNTRIES_ISO3166_CAPITAL', 'LI-VADUZ'),
('WORLD_COUNTRIES_ISO3166_CAPITAL', 'LT-VILNIUS'),
('WORLD_COUNTRIES_ISO3166_CAPITAL', 'LU-LUXEMBOURG'),
('WORLD_COUNTRIES_ISO3166_CAPITAL', 'MO-MACAO'),
('WORLD_COUNTRIES_ISO3166_CAPITAL', 'MG-ANTANANARIVO'),
('WORLD_COUNTRIES_ISO3166_CAPITAL', 'MW-LILONGWE'),
('WORLD_COUNTRIES_ISO3166_CAPITAL', 'MY-KUALA-LUMPUR'),
('WORLD_COUNTRIES_ISO3166_CAPITAL', 'MV-MALE'),
('WORLD_COUNTRIES_ISO3166_CAPITAL', 'ML-BAMAKO'),
('WORLD_COUNTRIES_ISO3166_CAPITAL', 'MT-VALLETTA'),
('WORLD_COUNTRIES_ISO3166_CAPITAL', 'MH-MAJURO'),
('WORLD_COUNTRIES_ISO3166_CAPITAL', 'MQ-FORT-DE-FRANCE'),
('WORLD_COUNTRIES_ISO3166_CAPITAL', 'MR-NOUAKCHOTT'),
('WORLD_COUNTRIES_ISO3166_CAPITAL', 'MU-PORT-LOUIS'),
('WORLD_COUNTRIES_ISO3166_CAPITAL', 'YT-MAMOUDZOU'),
('WORLD_COUNTRIES_ISO3166_CAPITAL', 'MX-MEXICO'),
('WORLD_COUNTRIES_ISO3166_CAPITAL', 'FM-PALIKIR'),
('WORLD_COUNTRIES_ISO3166_CAPITAL', 'MD-CHISINAU'),
('WORLD_COUNTRIES_ISO3166_CAPITAL', 'MC-MONACO'),
('WORLD_COUNTRIES_ISO3166_CAPITAL', 'MN-ULAN-BATOR'),
('WORLD_COUNTRIES_ISO3166_CAPITAL', 'ME-PODGORICA'),
('WORLD_COUNTRIES_ISO3166_CAPITAL', 'MS-PLYMOUTH'),
('WORLD_COUNTRIES_ISO3166_CAPITAL', 'MA-RABAT'),
('WORLD_COUNTRIES_ISO3166_CAPITAL', 'MZ-MAPUTO'),
('WORLD_COUNTRIES_ISO3166_CAPITAL', 'MM-NAY-PYI-TAW'),
('WORLD_COUNTRIES_ISO3166_CAPITAL', 'NA-WINDHOEK'),
('WORLD_COUNTRIES_ISO3166_CAPITAL', 'NR-YAREN'),
('WORLD_COUNTRIES_ISO3166_CAPITAL', 'NP-KATHMANDU'),
('WORLD_COUNTRIES_ISO3166_CAPITAL', 'NL-AMSTERDAM'),
('WORLD_COUNTRIES_ISO3166_CAPITAL', 'NC-NOUMEA'),
('WORLD_COUNTRIES_ISO3166_CAPITAL', 'NZ-WELLINGTON'),
('WORLD_COUNTRIES_ISO3166_CAPITAL', 'NI-MANAGUA'),
('WORLD_COUNTRIES_ISO3166_CAPITAL', 'NE-NIAMEY'),
('WORLD_COUNTRIES_ISO3166_CAPITAL', 'NG-ABUJA'),
('WORLD_COUNTRIES_ISO3166_CAPITAL', 'NU-ALOFI'),
('WORLD_COUNTRIES_ISO3166_CAPITAL', 'NF-KINGSTON'),
('WORLD_COUNTRIES_ISO3166_CAPITAL', 'MK-SKOPJE'),
('WORLD_COUNTRIES_ISO3166_CAPITAL', 'MP-SAIPAN'),
('WORLD_COUNTRIES_ISO3166_CAPITAL', 'NO-OSLO'),
('WORLD_COUNTRIES_ISO3166_CAPITAL', 'OM-MUSCAT'),
('WORLD_COUNTRIES_ISO3166_CAPITAL', 'PK-ISLAMABAD'),
('WORLD_COUNTRIES_ISO3166_CAPITAL', 'PW-MELEKEOK'),
('WORLD_COUNTRIES_ISO3166_CAPITAL', 'PS-EAST-JERUSALEM'),
('WORLD_COUNTRIES_ISO3166_CAPITAL', 'PA-PANAMA-CITY'),
('WORLD_COUNTRIES_ISO3166_CAPITAL', 'PG-PORT-MORESBY'),
('WORLD_COUNTRIES_ISO3166_CAPITAL', 'PY-ASUNCION'),
('WORLD_COUNTRIES_ISO3166_CAPITAL', 'PE-LIMA'),
('WORLD_COUNTRIES_ISO3166_CAPITAL', 'PH-MANILA'),
('WORLD_COUNTRIES_ISO3166_CAPITAL', 'PN-ADAMSTOWN'),
('WORLD_COUNTRIES_ISO3166_CAPITAL', 'PL-WARSAW'),
('WORLD_COUNTRIES_ISO3166_CAPITAL', 'PT-LISBON'),
('WORLD_COUNTRIES_ISO3166_CAPITAL', 'PR-SAN-JUAN'),
('WORLD_COUNTRIES_ISO3166_CAPITAL', 'QA-DOHA'),
('WORLD_COUNTRIES_ISO3166_CAPITAL', 'RE-SAINT-DENIS'),
('WORLD_COUNTRIES_ISO3166_CAPITAL', 'RO-BUCHAREST'),
('WORLD_COUNTRIES_ISO3166_CAPITAL', 'RU-MOSCOW'),
('WORLD_COUNTRIES_ISO3166_CAPITAL', 'RW-KIGALI'),
('WORLD_COUNTRIES_ISO3166_CAPITAL', 'BL-GUSTAVIA'),
('WORLD_COUNTRIES_ISO3166_CAPITAL', 'SH-JAMESTOWN'),
('WORLD_COUNTRIES_ISO3166_CAPITAL', 'KN-BASSETERRE'),
('WORLD_COUNTRIES_ISO3166_CAPITAL', 'LC-CASTRIES'),
('WORLD_COUNTRIES_ISO3166_CAPITAL', 'MF-MARIGOT'),
('WORLD_COUNTRIES_ISO3166_CAPITAL', 'PM-SAINT-PIERRE'),
('WORLD_COUNTRIES_ISO3166_CAPITAL', 'VC-KINGSTOWN'),
('WORLD_COUNTRIES_ISO3166_CAPITAL', 'WS-APIA'),
('WORLD_COUNTRIES_ISO3166_CAPITAL', 'SM-SAN-MARINO'),
('WORLD_COUNTRIES_ISO3166_CAPITAL', 'ST-SAO-TOME'),
('WORLD_COUNTRIES_ISO3166_CAPITAL', 'SA-RIYADH'),
('WORLD_COUNTRIES_ISO3166_CAPITAL', 'SN-DAKAR'),
('WORLD_COUNTRIES_ISO3166_CAPITAL', 'RS-BELGRADE'),
('WORLD_COUNTRIES_ISO3166_CAPITAL', 'SC-VICTORIA'),
('WORLD_COUNTRIES_ISO3166_CAPITAL', 'SL-FREETOWN'),
('WORLD_COUNTRIES_ISO3166_CAPITAL', 'SG-SINGAPUR'),
('WORLD_COUNTRIES_ISO3166_CAPITAL', 'SX-PHILIPSBURG'),
('WORLD_COUNTRIES_ISO3166_CAPITAL', 'SK-BRATISLAVA'),
('WORLD_COUNTRIES_ISO3166_CAPITAL', 'SI-LJUBLJANA'),
('WORLD_COUNTRIES_ISO3166_CAPITAL', 'SB-HONIARA'),
('WORLD_COUNTRIES_ISO3166_CAPITAL', 'SO-MOGADISHU'),
('WORLD_COUNTRIES_ISO3166_CAPITAL', 'ZA-PRETORIA'),
('WORLD_COUNTRIES_ISO3166_CAPITAL', 'GS-KING-EDWARD-POINT'),
('WORLD_COUNTRIES_ISO3166_CAPITAL', 'SS-JUBA'),
('WORLD_COUNTRIES_ISO3166_CAPITAL', 'ES-MADRID'),
('WORLD_COUNTRIES_ISO3166_CAPITAL', 'LK-SRI-JAYAWARDENAPURA-KOTTE'),
('WORLD_COUNTRIES_ISO3166_CAPITAL', 'SD-KHARTOUM'),
('WORLD_COUNTRIES_ISO3166_CAPITAL', 'SR-PARAMARIBO'),
('WORLD_COUNTRIES_ISO3166_CAPITAL', 'SJ-LONGYEARBYEN'),
('WORLD_COUNTRIES_ISO3166_CAPITAL', 'SE-STOCKHOLM'),
('WORLD_COUNTRIES_ISO3166_CAPITAL', 'CH-BERNE'),
('WORLD_COUNTRIES_ISO3166_CAPITAL', 'SY-DAMASCUS'),
('WORLD_COUNTRIES_ISO3166_CAPITAL', 'TW-TAIPEI'),
('WORLD_COUNTRIES_ISO3166_CAPITAL', 'TJ-DUSHANBE'),
('WORLD_COUNTRIES_ISO3166_CAPITAL', 'TZ-DODOMA'),
('WORLD_COUNTRIES_ISO3166_CAPITAL', 'TH-BANGKOK'),
('WORLD_COUNTRIES_ISO3166_CAPITAL', 'TL-DILI'),
('WORLD_COUNTRIES_ISO3166_CAPITAL', 'TG-LOME'),
('WORLD_COUNTRIES_ISO3166_CAPITAL', 'TK-ATAFU'),
('WORLD_COUNTRIES_ISO3166_CAPITAL', 'TO-NUKU-ALOFA'),
('WORLD_COUNTRIES_ISO3166_CAPITAL', 'TT-PORT-OF-SPAIN'),
('WORLD_COUNTRIES_ISO3166_CAPITAL', 'TN-TUNIS'),
('WORLD_COUNTRIES_ISO3166_CAPITAL', 'TR-ANKARA'),
('WORLD_COUNTRIES_ISO3166_CAPITAL', 'TM-ASHGABAT'),
('WORLD_COUNTRIES_ISO3166_CAPITAL', 'TC-COCKBURN-TOWN'),
('WORLD_COUNTRIES_ISO3166_CAPITAL', 'TV-FUNAFUTI'),
('WORLD_COUNTRIES_ISO3166_CAPITAL', 'UG-KAMPALA'),
('WORLD_COUNTRIES_ISO3166_CAPITAL', 'UA-KYIV'),
('WORLD_COUNTRIES_ISO3166_CAPITAL', 'AE-ABU-DHABI'),
('WORLD_COUNTRIES_ISO3166_CAPITAL', 'GB-LONDON'),
('WORLD_COUNTRIES_ISO3166_CAPITAL', 'US-WASHINGTON-DC'),
('WORLD_COUNTRIES_ISO3166_CAPITAL', 'UM-JOHNSTON-ATOLL'),
('WORLD_COUNTRIES_ISO3166_CAPITAL', 'UY-MONTEVIDEO'),
('WORLD_COUNTRIES_ISO3166_CAPITAL', 'UZ-TASHKENT'),
('WORLD_COUNTRIES_ISO3166_CAPITAL', 'VU-PORT-VILA'),
('WORLD_COUNTRIES_ISO3166_CAPITAL', 'VE-CARACAS'),
('WORLD_COUNTRIES_ISO3166_CAPITAL', 'VN-HANOI'),
('WORLD_COUNTRIES_ISO3166_CAPITAL', 'VG-ROAD-TOWN'),
('WORLD_COUNTRIES_ISO3166_CAPITAL', 'VI-CHARLOTTE-AMALIE'),
('WORLD_COUNTRIES_ISO3166_CAPITAL', 'WF-MATA-UTU'),
('WORLD_COUNTRIES_ISO3166_CAPITAL', 'EH-EL-AAIUN'),
('WORLD_COUNTRIES_ISO3166_CAPITAL', 'YE-SANA-A'),
('WORLD_COUNTRIES_ISO3166_CAPITAL', 'ZM-LUSAKA'),
('WORLD_COUNTRIES_ISO3166_CAPITAL', 'ZW-HARARE'),
('WORLD_COUNTRIES_UN', 'AF'),
('WORLD_COUNTRIES_UN', 'AL'),
('WORLD_COUNTRIES_UN', 'DZ'),
('WORLD_COUNTRIES_UN', 'AD'),
('WORLD_COUNTRIES_UN', 'AO'),
('WORLD_COUNTRIES_UN', 'AG'),
('WORLD_COUNTRIES_UN', 'AR'),
('WORLD_COUNTRIES_UN', 'AM'),
('WORLD_COUNTRIES_UN', 'AU'),
('WORLD_COUNTRIES_UN', 'AT'),
('WORLD_COUNTRIES_UN', 'AZ'),
('WORLD_COUNTRIES_UN', 'BS'),
('WORLD_COUNTRIES_UN', 'BH'),
('WORLD_COUNTRIES_UN', 'BD'),
('WORLD_COUNTRIES_UN', 'BB'),
('WORLD_COUNTRIES_UN', 'BY'),
('WORLD_COUNTRIES_UN', 'BE'),
('WORLD_COUNTRIES_UN', 'BZ'),
('WORLD_COUNTRIES_UN', 'BJ'),
('WORLD_COUNTRIES_UN', 'BM'),
('WORLD_COUNTRIES_UN', 'BT'),
('WORLD_COUNTRIES_UN', 'BO'),
('WORLD_COUNTRIES_UN', 'BA'),
('WORLD_COUNTRIES_UN', 'BW'),
('WORLD_COUNTRIES_UN', 'BR'),
('WORLD_COUNTRIES_UN', 'BN'),
('WORLD_COUNTRIES_UN', 'BG'),
('WORLD_COUNTRIES_UN', 'BF'),
('WORLD_COUNTRIES_UN', 'BI'),
('WORLD_COUNTRIES_UN', 'CV'),
('WORLD_COUNTRIES_UN', 'KH'),
('WORLD_COUNTRIES_UN', 'CM'),
('WORLD_COUNTRIES_UN', 'CA'),
('WORLD_COUNTRIES_UN', 'CF'),
('WORLD_COUNTRIES_UN', 'TD'),
('WORLD_COUNTRIES_UN', 'CL'),
('WORLD_COUNTRIES_UN', 'CN'),
('WORLD_COUNTRIES_UN', 'CO'),
('WORLD_COUNTRIES_UN', 'KM'),
('WORLD_COUNTRIES_UN', 'CG'),
('WORLD_COUNTRIES_UN', 'CD'),
('WORLD_COUNTRIES_UN', 'CR'),
('WORLD_COUNTRIES_UN', 'CI'),
('WORLD_COUNTRIES_UN', 'HR'),
('WORLD_COUNTRIES_UN', 'CU'),
('WORLD_COUNTRIES_UN', 'CY'),
('WORLD_COUNTRIES_UN', 'CZ'),
('WORLD_COUNTRIES_UN', 'DK'),
('WORLD_COUNTRIES_UN', 'DJ'),
('WORLD_COUNTRIES_UN', 'DM'),
('WORLD_COUNTRIES_UN', 'DO'),
('WORLD_COUNTRIES_UN', 'EC'),
('WORLD_COUNTRIES_UN', 'EG'),
('WORLD_COUNTRIES_UN', 'SV'),
('WORLD_COUNTRIES_UN', 'GQ'),
('WORLD_COUNTRIES_UN', 'ER'),
('WORLD_COUNTRIES_UN', 'EE'),
('WORLD_COUNTRIES_UN', 'SZ'),
('WORLD_COUNTRIES_UN', 'ET'),
('WORLD_COUNTRIES_UN', 'FK'),
('WORLD_COUNTRIES_UN', 'FO'),
('WORLD_COUNTRIES_UN', 'FJ'),
('WORLD_COUNTRIES_UN', 'FI'),
('WORLD_COUNTRIES_UN', 'FR'),
('WORLD_COUNTRIES_UN', 'GA'),
('WORLD_COUNTRIES_UN', 'GM'),
('WORLD_COUNTRIES_UN', 'GE'),
('WORLD_COUNTRIES_UN', 'DE'),
('WORLD_COUNTRIES_UN', 'GH'),
('WORLD_COUNTRIES_UN', 'GR'),
('WORLD_COUNTRIES_UN', 'GD'),
('WORLD_COUNTRIES_UN', 'GT'),
('WORLD_COUNTRIES_UN', 'GN'),
('WORLD_COUNTRIES_UN', 'GW'),
('WORLD_COUNTRIES_UN', 'GY'),
('WORLD_COUNTRIES_UN', 'HT'),
('WORLD_COUNTRIES_UN', 'VA'),
('WORLD_COUNTRIES_UN', 'HN'),
('WORLD_COUNTRIES_UN', 'HK'),
('WORLD_COUNTRIES_UN', 'HU'),
('WORLD_COUNTRIES_UN', 'IS'),
('WORLD_COUNTRIES_UN', 'IN'),
('WORLD_COUNTRIES_UN', 'ID'),
('WORLD_COUNTRIES_UN', 'IR'),
('WORLD_COUNTRIES_UN', 'IQ'),
('WORLD_COUNTRIES_UN', 'IE'),
('WORLD_COUNTRIES_UN', 'IL'),
('WORLD_COUNTRIES_UN', 'IT'),
('WORLD_COUNTRIES_UN', 'JM'),
('WORLD_COUNTRIES_UN', 'JP'),
('WORLD_COUNTRIES_UN', 'JO'),
('WORLD_COUNTRIES_UN', 'KZ'),
('WORLD_COUNTRIES_UN', 'KE'),
('WORLD_COUNTRIES_UN', 'KI'),
('WORLD_COUNTRIES_UN', 'KP'),
('WORLD_COUNTRIES_UN', 'KR'),
('WORLD_COUNTRIES_UN', 'KW'),
('WORLD_COUNTRIES_UN', 'KG'),
('WORLD_COUNTRIES_UN', 'LA'),
('WORLD_COUNTRIES_UN', 'LV'),
('WORLD_COUNTRIES_UN', 'LB'),
('WORLD_COUNTRIES_UN', 'LS'),
('WORLD_COUNTRIES_UN', 'LR'),
('WORLD_COUNTRIES_UN', 'LY'),
('WORLD_COUNTRIES_UN', 'LI'),
('WORLD_COUNTRIES_UN', 'LT'),
('WORLD_COUNTRIES_UN', 'LU'),
('WORLD_COUNTRIES_UN', 'MG'),
('WORLD_COUNTRIES_UN', 'MW'),
('WORLD_COUNTRIES_UN', 'MY'),
('WORLD_COUNTRIES_UN', 'MV'),
('WORLD_COUNTRIES_UN', 'ML'),
('WORLD_COUNTRIES_UN', 'MT'),
('WORLD_COUNTRIES_UN', 'MH'),
('WORLD_COUNTRIES_UN', 'MR'),
('WORLD_COUNTRIES_UN', 'MU'),
('WORLD_COUNTRIES_UN', 'MX'),
('WORLD_COUNTRIES_UN', 'FM'),
('WORLD_COUNTRIES_UN', 'MD'),
('WORLD_COUNTRIES_UN', 'MC'),
('WORLD_COUNTRIES_UN', 'MN'),
('WORLD_COUNTRIES_UN', 'ME'),
('WORLD_COUNTRIES_UN', 'MA'),
('WORLD_COUNTRIES_UN', 'MZ'),
('WORLD_COUNTRIES_UN', 'MM'),
('WORLD_COUNTRIES_UN', 'NA'),
('WORLD_COUNTRIES_UN', 'NR'),
('WORLD_COUNTRIES_UN', 'NP'),
('WORLD_COUNTRIES_UN', 'NL'),
('WORLD_COUNTRIES_UN', 'NZ'),
('WORLD_COUNTRIES_UN', 'NI'),
('WORLD_COUNTRIES_UN', 'NE'),
('WORLD_COUNTRIES_UN', 'NG'),
('WORLD_COUNTRIES_UN', 'MK'),
('WORLD_COUNTRIES_UN', 'NO'),
('WORLD_COUNTRIES_UN', 'OM'),
('WORLD_COUNTRIES_UN', 'PK'),
('WORLD_COUNTRIES_UN', 'PW'),
('WORLD_COUNTRIES_UN', 'PS'),
('WORLD_COUNTRIES_UN', 'PA'),
('WORLD_COUNTRIES_UN', 'PG'),
('WORLD_COUNTRIES_UN', 'PY'),
('WORLD_COUNTRIES_UN', 'PE'),
('WORLD_COUNTRIES_UN', 'PH'),
('WORLD_COUNTRIES_UN', 'PL'),
('WORLD_COUNTRIES_UN', 'PT'),
('WORLD_COUNTRIES_UN', 'QA'),
('WORLD_COUNTRIES_UN', 'RO'),
('WORLD_COUNTRIES_UN', 'RU'),
('WORLD_COUNTRIES_UN', 'RW'),
('WORLD_COUNTRIES_UN', 'BL'),
('WORLD_COUNTRIES_UN', 'KN'),
('WORLD_COUNTRIES_UN', 'LC'),
('WORLD_COUNTRIES_UN', 'VC'),
('WORLD_COUNTRIES_UN', 'WS'),
('WORLD_COUNTRIES_UN', 'SM'),
('WORLD_COUNTRIES_UN', 'ST'),
('WORLD_COUNTRIES_UN', 'SA'),
('WORLD_COUNTRIES_UN', 'SN'),
('WORLD_COUNTRIES_UN', 'RS'),
('WORLD_COUNTRIES_UN', 'SC'),
('WORLD_COUNTRIES_UN', 'SL'),
('WORLD_COUNTRIES_UN', 'SG'),
('WORLD_COUNTRIES_UN', 'SK'),
('WORLD_COUNTRIES_UN', 'SI'),
('WORLD_COUNTRIES_UN', 'SB'),
('WORLD_COUNTRIES_UN', 'SO'),
('WORLD_COUNTRIES_UN', 'ZA'),
('WORLD_COUNTRIES_UN', 'SS'),
('WORLD_COUNTRIES_UN', 'ES'),
('WORLD_COUNTRIES_UN', 'LK'),
('WORLD_COUNTRIES_UN', 'SD'),
('WORLD_COUNTRIES_UN', 'SR'),
('WORLD_COUNTRIES_UN', 'SE'),
('WORLD_COUNTRIES_UN', 'CH'),
('WORLD_COUNTRIES_UN', 'SY'),
('WORLD_COUNTRIES_UN', 'TW'),
('WORLD_COUNTRIES_UN', 'TJ'),
('WORLD_COUNTRIES_UN', 'TZ'),
('WORLD_COUNTRIES_UN', 'TH'),
('WORLD_COUNTRIES_UN', 'TL'),
('WORLD_COUNTRIES_UN', 'TG'),
('WORLD_COUNTRIES_UN', 'TO'),
('WORLD_COUNTRIES_UN', 'TT'),
('WORLD_COUNTRIES_UN', 'TN'),
('WORLD_COUNTRIES_UN', 'TR'),
('WORLD_COUNTRIES_UN', 'TM'),
('WORLD_COUNTRIES_UN', 'TV'),
('WORLD_COUNTRIES_UN', 'UG'),
('WORLD_COUNTRIES_UN', 'UA'),
('WORLD_COUNTRIES_UN', 'AE'),
('WORLD_COUNTRIES_UN', 'GB'),
('WORLD_COUNTRIES_UN', 'US'),
('WORLD_COUNTRIES_UN', 'UY'),
('WORLD_COUNTRIES_UN', 'UZ'),
('WORLD_COUNTRIES_UN', 'VU'),
('WORLD_COUNTRIES_UN', 'VE'),
('WORLD_COUNTRIES_UN', 'VN'),
('WORLD_COUNTRIES_UN', 'YE'),
('WORLD_COUNTRIES_UN', 'ZM'),
('WORLD_COUNTRIES_UN', 'ZW'),
('WORLD_COUNTRIES_UN_CAPITAL', 'AF-KABUL'),
('WORLD_COUNTRIES_UN_CAPITAL', 'AL-TIRANA'),
('WORLD_COUNTRIES_UN_CAPITAL', 'DZ-ALGIERS'),
('WORLD_COUNTRIES_UN_CAPITAL', 'AD-ANDORRA-LA-VELLA'),
('WORLD_COUNTRIES_UN_CAPITAL', 'AO-LUANDA'),
('WORLD_COUNTRIES_UN_CAPITAL', 'AG-SAINT-JOHN-S'),
('WORLD_COUNTRIES_UN_CAPITAL', 'AR-BUENOS-AIRES'),
('WORLD_COUNTRIES_UN_CAPITAL', 'AM-YEREVAN'),
('WORLD_COUNTRIES_UN_CAPITAL', 'AU-CANBERRA'),
('WORLD_COUNTRIES_UN_CAPITAL', 'AT-VIENNA'),
('WORLD_COUNTRIES_UN_CAPITAL', 'AZ-BAKU'),
('WORLD_COUNTRIES_UN_CAPITAL', 'BS-NASSAU'),
('WORLD_COUNTRIES_UN_CAPITAL', 'BH-MANAMA'),
('WORLD_COUNTRIES_UN_CAPITAL', 'BD-DHAKA'),
('WORLD_COUNTRIES_UN_CAPITAL', 'BB-BRIDGETOWN'),
('WORLD_COUNTRIES_UN_CAPITAL', 'BY-MINSK'),
('WORLD_COUNTRIES_UN_CAPITAL', 'BE-BRUSSELS'),
('WORLD_COUNTRIES_UN_CAPITAL', 'BZ-BELMOPAN'),
('WORLD_COUNTRIES_UN_CAPITAL', 'BJ-PORTO-NOVO'),
('WORLD_COUNTRIES_UN_CAPITAL', 'BM-HAMILTON'),
('WORLD_COUNTRIES_UN_CAPITAL', 'BT-THIMPHU'),
('WORLD_COUNTRIES_UN_CAPITAL', 'BO-SUCRE'),
('WORLD_COUNTRIES_UN_CAPITAL', 'BA-SARAJEVO'),
('WORLD_COUNTRIES_UN_CAPITAL', 'BW-GABORONE'),
('WORLD_COUNTRIES_UN_CAPITAL', 'BR-BRASILIA'),
('WORLD_COUNTRIES_UN_CAPITAL', 'BN-BANDAR-SERI-BEGAWAN'),
('WORLD_COUNTRIES_UN_CAPITAL', 'BG-SOFIA'),
('WORLD_COUNTRIES_UN_CAPITAL', 'BF-OUAGADOUGOU'),
('WORLD_COUNTRIES_UN_CAPITAL', 'BI-GITEGA'),
('WORLD_COUNTRIES_UN_CAPITAL', 'CV-PRAIA'),
('WORLD_COUNTRIES_UN_CAPITAL', 'KH-PHNOM-PENH'),
('WORLD_COUNTRIES_UN_CAPITAL', 'CM-YAOUNDE'),
('WORLD_COUNTRIES_UN_CAPITAL', 'CA-OTTAWA'),
('WORLD_COUNTRIES_UN_CAPITAL', 'CF-BANGUI'),
('WORLD_COUNTRIES_UN_CAPITAL', 'TD-N-DJAMENA'),
('WORLD_COUNTRIES_UN_CAPITAL', 'CL-SANTIAGO'),
('WORLD_COUNTRIES_UN_CAPITAL', 'CN-BEIJING'),
('WORLD_COUNTRIES_UN_CAPITAL', 'CO-BOGOTA'),
('WORLD_COUNTRIES_UN_CAPITAL', 'KM-MORONI'),
('WORLD_COUNTRIES_UN_CAPITAL', 'CG-BRAZZAVILLE'),
('WORLD_COUNTRIES_UN_CAPITAL', 'CD-KINSHASA'),
('WORLD_COUNTRIES_UN_CAPITAL', 'CR-SAN-JOSE'),
('WORLD_COUNTRIES_UN_CAPITAL', 'CI-YAMOUSSOUKRO'),
('WORLD_COUNTRIES_UN_CAPITAL', 'HR-ZAGREB'),
('WORLD_COUNTRIES_UN_CAPITAL', 'CU-HAVANA'),
('WORLD_COUNTRIES_UN_CAPITAL', 'CY-NICOSIA'),
('WORLD_COUNTRIES_UN_CAPITAL', 'CZ-PRAGUE'),
('WORLD_COUNTRIES_UN_CAPITAL', 'DK-COPENHAGEN'),
('WORLD_COUNTRIES_UN_CAPITAL', 'DJ-DJIBOUTI'),
('WORLD_COUNTRIES_UN_CAPITAL', 'DM-ROSEAU'),
('WORLD_COUNTRIES_UN_CAPITAL', 'DO-SANTO-DOMINGO'),
('WORLD_COUNTRIES_UN_CAPITAL', 'EC-QUITO'),
('WORLD_COUNTRIES_UN_CAPITAL', 'EG-CAIRO'),
('WORLD_COUNTRIES_UN_CAPITAL', 'SV-SAN-SALVADOR'),
('WORLD_COUNTRIES_UN_CAPITAL', 'GQ-MALABO'),
('WORLD_COUNTRIES_UN_CAPITAL', 'ER-ASMARA'),
('WORLD_COUNTRIES_UN_CAPITAL', 'EE-TALLINN'),
('WORLD_COUNTRIES_UN_CAPITAL', 'SZ-MBABANE'),
('WORLD_COUNTRIES_UN_CAPITAL', 'ET-ADDIS-ABABA'),
('WORLD_COUNTRIES_UN_CAPITAL', 'FK-STANLEY'),
('WORLD_COUNTRIES_UN_CAPITAL', 'FO-TORSHAVN'),
('WORLD_COUNTRIES_UN_CAPITAL', 'FJ-SUVA'),
('WORLD_COUNTRIES_UN_CAPITAL', 'FI-HELSINKI'),
('WORLD_COUNTRIES_UN_CAPITAL', 'FR-PARIS'),
('WORLD_COUNTRIES_UN_CAPITAL', 'GA-LIBREVILLE'),
('WORLD_COUNTRIES_UN_CAPITAL', 'GM-BANJUL'),
('WORLD_COUNTRIES_UN_CAPITAL', 'GE-TBILISI'),
('WORLD_COUNTRIES_UN_CAPITAL', 'DE-BERLIN'),
('WORLD_COUNTRIES_UN_CAPITAL', 'GH-ACCRA'),
('WORLD_COUNTRIES_UN_CAPITAL', 'GR-ATHENS'),
('WORLD_COUNTRIES_UN_CAPITAL', 'GD-ST-GEORGE-S'),
('WORLD_COUNTRIES_UN_CAPITAL', 'GT-GUATEMALA-CITY'),
('WORLD_COUNTRIES_UN_CAPITAL', 'GN-CONAKRY'),
('WORLD_COUNTRIES_UN_CAPITAL', 'GW-BISSAU'),
('WORLD_COUNTRIES_UN_CAPITAL', 'GY-GEORGETOWN'),
('WORLD_COUNTRIES_UN_CAPITAL', 'HT-PORT-AU-PRINCE'),
('WORLD_COUNTRIES_UN_CAPITAL', 'VA-VATICAN-CITY'),
('WORLD_COUNTRIES_UN_CAPITAL', 'HN-TEGUCIGALPA'),
('WORLD_COUNTRIES_UN_CAPITAL', 'HK-HONG-KONG'),
('WORLD_COUNTRIES_UN_CAPITAL', 'HU-BUDAPEST'),
('WORLD_COUNTRIES_UN_CAPITAL', 'IS-REYKJAVIK'),
('WORLD_COUNTRIES_UN_CAPITAL', 'IN-NEW-DELHI'),
('WORLD_COUNTRIES_UN_CAPITAL', 'ID-JAKARTA'),
('WORLD_COUNTRIES_UN_CAPITAL', 'IR-TEHRAN'),
('WORLD_COUNTRIES_UN_CAPITAL', 'IQ-BAGHDAD'),
('WORLD_COUNTRIES_UN_CAPITAL', 'IE-DUBLIN'),
('WORLD_COUNTRIES_UN_CAPITAL', 'IL-JERUSALEM'),
('WORLD_COUNTRIES_UN_CAPITAL', 'IT-ROME'),
('WORLD_COUNTRIES_UN_CAPITAL', 'JM-KINGSTON'),
('WORLD_COUNTRIES_UN_CAPITAL', 'JP-TOKYO'),
('WORLD_COUNTRIES_UN_CAPITAL', 'JO-AMMAN'),
('WORLD_COUNTRIES_UN_CAPITAL', 'KZ-NUR-SULTAN'),
('WORLD_COUNTRIES_UN_CAPITAL', 'KE-NAIROBI'),
('WORLD_COUNTRIES_UN_CAPITAL', 'KI-SOUTH-TARAWA'),
('WORLD_COUNTRIES_UN_CAPITAL', 'KP-PYONGYANG'),
('WORLD_COUNTRIES_UN_CAPITAL', 'KR-SEOUL'),
('WORLD_COUNTRIES_UN_CAPITAL', 'KW-KUWAIT'),
('WORLD_COUNTRIES_UN_CAPITAL', 'KG-BISHKEK'),
('WORLD_COUNTRIES_UN_CAPITAL', 'LA-VIENTIANE'),
('WORLD_COUNTRIES_UN_CAPITAL', 'LV-RIGA'),
('WORLD_COUNTRIES_UN_CAPITAL', 'LB-BEIRUT'),
('WORLD_COUNTRIES_UN_CAPITAL', 'LS-MASERU'),
('WORLD_COUNTRIES_UN_CAPITAL', 'LR-MONROVIA'),
('WORLD_COUNTRIES_UN_CAPITAL', 'LY-TRIPOLIS'),
('WORLD_COUNTRIES_UN_CAPITAL', 'LI-VADUZ'),
('WORLD_COUNTRIES_UN_CAPITAL', 'LT-VILNIUS'),
('WORLD_COUNTRIES_UN_CAPITAL', 'LU-LUXEMBOURG'),
('WORLD_COUNTRIES_UN_CAPITAL', 'MG-ANTANANARIVO'),
('WORLD_COUNTRIES_UN_CAPITAL', 'MW-LILONGWE'),
('WORLD_COUNTRIES_UN_CAPITAL', 'MY-KUALA-LUMPUR'),
('WORLD_COUNTRIES_UN_CAPITAL', 'MV-MALE'),
('WORLD_COUNTRIES_UN_CAPITAL', 'ML-BAMAKO'),
('WORLD_COUNTRIES_UN_CAPITAL', 'MT-VALLETTA'),
('WORLD_COUNTRIES_UN_CAPITAL', 'MH-MAJURO'),
('WORLD_COUNTRIES_UN_CAPITAL', 'MR-NOUAKCHOTT'),
('WORLD_COUNTRIES_UN_CAPITAL', 'MU-PORT-LOUIS'),
('WORLD_COUNTRIES_UN_CAPITAL', 'MX-MEXICO'),
('WORLD_COUNTRIES_UN_CAPITAL', 'FM-PALIKIR'),
('WORLD_COUNTRIES_UN_CAPITAL', 'MD-CHISINAU'),
('WORLD_COUNTRIES_UN_CAPITAL', 'MC-MONACO'),
('WORLD_COUNTRIES_UN_CAPITAL', 'MN-ULAN-BATOR'),
('WORLD_COUNTRIES_UN_CAPITAL', 'ME-PODGORICA'),
('WORLD_COUNTRIES_UN_CAPITAL', 'MA-RABAT'),
('WORLD_COUNTRIES_UN_CAPITAL', 'MZ-MAPUTO'),
('WORLD_COUNTRIES_UN_CAPITAL', 'MM-NAY-PYI-TAW'),
('WORLD_COUNTRIES_UN_CAPITAL', 'NA-WINDHOEK'),
('WORLD_COUNTRIES_UN_CAPITAL', 'NR-YAREN'),
('WORLD_COUNTRIES_UN_CAPITAL', 'NP-KATHMANDU'),
('WORLD_COUNTRIES_UN_CAPITAL', 'NL-AMSTERDAM'),
('WORLD_COUNTRIES_UN_CAPITAL', 'NZ-WELLINGTON'),
('WORLD_COUNTRIES_UN_CAPITAL', 'NI-MANAGUA'),
('WORLD_COUNTRIES_UN_CAPITAL', 'NE-NIAMEY'),
('WORLD_COUNTRIES_UN_CAPITAL', 'NG-ABUJA'),
('WORLD_COUNTRIES_UN_CAPITAL', 'MK-SKOPJE'),
('WORLD_COUNTRIES_UN_CAPITAL', 'NO-OSLO'),
('WORLD_COUNTRIES_UN_CAPITAL', 'OM-MUSCAT'),
('WORLD_COUNTRIES_UN_CAPITAL', 'PK-ISLAMABAD'),
('WORLD_COUNTRIES_UN_CAPITAL', 'PW-MELEKEOK'),
('WORLD_COUNTRIES_UN_CAPITAL', 'PS-EAST-JERUSALEM'),
('WORLD_COUNTRIES_UN_CAPITAL', 'PA-PANAMA-CITY'),
('WORLD_COUNTRIES_UN_CAPITAL', 'PG-PORT-MORESBY'),
('WORLD_COUNTRIES_UN_CAPITAL', 'PY-ASUNCION'),
('WORLD_COUNTRIES_UN_CAPITAL', 'PE-LIMA'),
('WORLD_COUNTRIES_UN_CAPITAL', 'PH-MANILA'),
('WORLD_COUNTRIES_UN_CAPITAL', 'PL-WARSAW'),
('WORLD_COUNTRIES_UN_CAPITAL', 'PT-LISBON'),
('WORLD_COUNTRIES_UN_CAPITAL', 'QA-DOHA'),
('WORLD_COUNTRIES_UN_CAPITAL', 'RO-BUCHAREST'),
('WORLD_COUNTRIES_UN_CAPITAL', 'RU-MOSCOW'),
('WORLD_COUNTRIES_UN_CAPITAL', 'RW-KIGALI'),
('WORLD_COUNTRIES_UN_CAPITAL', 'BL-GUSTAVIA'),
('WORLD_COUNTRIES_UN_CAPITAL', 'KN-BASSETERRE'),
('WORLD_COUNTRIES_UN_CAPITAL', 'LC-CASTRIES'),
('WORLD_COUNTRIES_UN_CAPITAL', 'VC-KINGSTOWN'),
('WORLD_COUNTRIES_UN_CAPITAL', 'WS-APIA'),
('WORLD_COUNTRIES_UN_CAPITAL', 'SM-SAN-MARINO'),
('WORLD_COUNTRIES_UN_CAPITAL', 'ST-SAO-TOME'),
('WORLD_COUNTRIES_UN_CAPITAL', 'SA-RIYADH'),
('WORLD_COUNTRIES_UN_CAPITAL', 'SN-DAKAR'),
('WORLD_COUNTRIES_UN_CAPITAL', 'RS-BELGRADE'),
('WORLD_COUNTRIES_UN_CAPITAL', 'SC-VICTORIA'),
('WORLD_COUNTRIES_UN_CAPITAL', 'SL-FREETOWN'),
('WORLD_COUNTRIES_UN_CAPITAL', 'SG-SINGAPUR'),
('WORLD_COUNTRIES_UN_CAPITAL', 'SK-BRATISLAVA'),
('WORLD_COUNTRIES_UN_CAPITAL', 'SI-LJUBLJANA'),
('WORLD_COUNTRIES_UN_CAPITAL', 'SB-HONIARA'),
('WORLD_COUNTRIES_UN_CAPITAL', 'SO-MOGADISHU'),
('WORLD_COUNTRIES_UN_CAPITAL', 'ZA-PRETORIA'),
('WORLD_COUNTRIES_UN_CAPITAL', 'SS-JUBA'),
('WORLD_COUNTRIES_UN_CAPITAL', 'ES-MADRID'),
('WORLD_COUNTRIES_UN_CAPITAL', 'LK-SRI-JAYAWARDENAPURA-KOTTE'),
('WORLD_COUNTRIES_UN_CAPITAL', 'SD-KHARTOUM'),
('WORLD_COUNTRIES_UN_CAPITAL', 'SR-PARAMARIBO'),
('WORLD_COUNTRIES_UN_CAPITAL', 'SE-STOCKHOLM'),
('WORLD_COUNTRIES_UN_CAPITAL', 'CH-BERNE'),
('WORLD_COUNTRIES_UN_CAPITAL', 'SY-DAMASCUS'),
('WORLD_COUNTRIES_UN_CAPITAL', 'TW-TAIPEI'),
('WORLD_COUNTRIES_UN_CAPITAL', 'TJ-DUSHANBE'),
('WORLD_COUNTRIES_UN_CAPITAL', 'TZ-DODOMA'),
('WORLD_COUNTRIES_UN_CAPITAL', 'TH-BANGKOK'),
('WORLD_COUNTRIES_UN_CAPITAL', 'TL-DILI'),
('WORLD_COUNTRIES_UN_CAPITAL', 'TG-LOME'),
('WORLD_COUNTRIES_UN_CAPITAL', 'TO-NUKU-ALOFA'),
('WORLD_COUNTRIES_UN_CAPITAL', 'TT-PORT-OF-SPAIN'),
('WORLD_COUNTRIES_UN_CAPITAL', 'TN-TUNIS'),
('WORLD_COUNTRIES_UN_CAPITAL', 'TR-ANKARA'),
('WORLD_COUNTRIES_UN_CAPITAL', 'TM-ASHGABAT'),
('WORLD_COUNTRIES_UN_CAPITAL', 'TV-FUNAFUTI'),
('WORLD_COUNTRIES_UN_CAPITAL', 'UG-KAMPALA'),
('WORLD_COUNTRIES_UN_CAPITAL', 'UA-KYIV'),
('WORLD_COUNTRIES_UN_CAPITAL', 'AE-ABU-DHABI'),
('WORLD_COUNTRIES_UN_CAPITAL', 'GB-LONDON'),
('WORLD_COUNTRIES_UN_CAPITAL', 'US-WASHINGTON-DC'),
('WORLD_COUNTRIES_UN_CAPITAL', 'UY-MONTEVIDEO'),
('WORLD_COUNTRIES_UN_CAPITAL', 'UZ-TASHKENT'),
('WORLD_COUNTRIES_UN_CAPITAL', 'VU-PORT-VILA'),
('WORLD_COUNTRIES_UN_CAPITAL', 'VE-CARACAS'),
('WORLD_COUNTRIES_UN_CAPITAL', 'VN-HANOI'),
('WORLD_COUNTRIES_UN_CAPITAL', 'YE-SANA-A'),
('WORLD_COUNTRIES_UN_CAPITAL', 'ZM-LUSAKA'),
('WORLD_COUNTRIES_UN_CAPITAL', 'ZW-HARARE');
